Datetime,Open,High,Low,Close,Volume,Split
2023-05-18 09:30:00-04:00,33374.55859375,33374.55859375,33331.5,33344.9296875,0,1.0
2023-05-18 09:31:00-04:00,33342.7890625,33344.359375,33306.01171875,33328.2890625,1901166,1.0
2023-05-18 09:32:00-04:00,33328.76171875,33335.6796875,33313.53125,33321.390625,1687167,1.0
2023-05-18 09:33:00-04:00,33321.21875,33340.9609375,33320.94921875,33331.30859375,1251136,1.0
2023-05-18 09:34:00-04:00,33330.46875,33342.37890625,33321.33984375,33331.53125,1210186,1.0
2023-05-18 09:35:00-04:00,33331.01171875,33338.140625,33311.62109375,33311.62109375,1623303,1.0
2023-05-18 09:36:00-04:00,33311.6796875,33329.7109375,33310.87890625,33325.69140625,1453459,1.0
2023-05-18 09:37:00-04:00,33326.23046875,33336.62109375,33320.01953125,33336.3984375,1500208,1.0
2023-05-18 09:38:00-04:00,33336.98046875,33359.12890625,33330.01171875,33352.98828125,1210100,1.0
2023-05-18 09:41:00-04:00,33350.73828125,33354.41015625,33348.51171875,33353.5703125,3075832,1.0
2023-05-18 09:42:00-04:00,33353.91015625,33356.921875,33342.80859375,33343.05078125,1149436,1.0
2023-05-18 09:43:00-04:00,33343.1484375,33343.48828125,33314.03125,33316.58984375,1199401,1.0
2023-05-18 09:44:00-04:00,33315.5703125,33319.51953125,33305.23046875,33314.80859375,1206704,1.0
2023-05-18 09:45:00-04:00,33316.73046875,33335.96875,33314.51953125,33314.51953125,1196545,1.0
2023-05-18 09:46:00-04:00,33317.109375,33325.8984375,33317.109375,33321.01953125,997702,1.0
2023-05-18 09:47:00-04:00,33321.0,33325.03125,33310.91015625,33325.03125,1310593,1.0
2023-05-18 09:48:00-04:00,33323.12890625,33330.671875,33310.08984375,33330.2890625,1551568,1.0
2023-05-18 09:49:00-04:00,33330.53125,33340.25,33326.8203125,33330.921875,1283229,1.0
2023-05-18 09:50:00-04:00,33330.4609375,33330.4609375,33313.3984375,33325.8203125,1364208,1.0
2023-05-18 09:51:00-04:00,33324.9296875,33339.578125,33324.6484375,33331.53125,1209244,1.0
2023-05-18 09:52:00-04:00,33331.4609375,33331.4609375,33311.08984375,33317.83984375,956526,1.0
2023-05-18 09:53:00-04:00,33317.3515625,33324.8515625,33314.3203125,33314.3203125,820490,1.0
2023-05-18 09:54:00-04:00,33312.5,33317.78125,33307.890625,33307.890625,782700,1.0
2023-05-18 09:55:00-04:00,33308.23828125,33308.2890625,33287.08984375,33295.26171875,911793,1.0
2023-05-18 09:56:00-04:00,33297.0,33300.7890625,33294.62109375,33297.3984375,974048,1.0
2023-05-18 09:57:00-04:00,33297.7109375,33308.12109375,33297.7109375,33307.51171875,799267,1.0
2023-05-18 09:58:00-04:00,33307.609375,33307.609375,33298.9609375,33303.98828125,719481,1.0
2023-05-18 09:59:00-04:00,33304.96875,33306.46875,33298.3515625,33304.8984375,800506,1.0
2023-05-18 10:00:00-04:00,33303.94921875,33315.921875,33300.23828125,33304.62109375,874674,1.0
2023-05-18 10:01:00-04:00,33303.171875,33306.69921875,33294.8515625,33294.8515625,817894,1.0
2023-05-18 10:02:00-04:00,33294.5,33298.890625,33290.66015625,33290.8203125,775396,1.0
2023-05-18 10:03:00-04:00,33291.30859375,33302.75,33291.30859375,33298.58984375,693768,1.0
2023-05-18 10:04:00-04:00,33298.66015625,33302.8203125,33291.05078125,33291.76953125,614861,1.0
2023-05-18 10:05:00-04:00,33291.96875,33307.2890625,33291.96875,33306.51171875,887780,1.0
2023-05-18 10:06:00-04:00,33306.62109375,33346.33984375,33305.80859375,33346.33984375,938665,1.0
2023-05-18 10:07:00-04:00,33345.87890625,33351.3984375,33340.87109375,33343.12890625,939703,1.0
2023-05-18 10:08:00-04:00,33343.16015625,33346.73046875,33339.80859375,33345.578125,795344,1.0
2023-05-18 10:09:00-04:00,33345.6015625,33356.03125,33345.2890625,33349.98046875,841996,1.0
2023-05-18 10:10:00-04:00,33347.46875,33357.75,33345.6484375,33357.75,879650,1.0
2023-05-18 10:11:00-04:00,33361.55078125,33373.828125,33361.55078125,33368.5703125,771058,1.0
2023-05-18 10:12:00-04:00,33368.48828125,33369.5390625,33352.3203125,33354.421875,642965,1.0
2023-05-18 10:13:00-04:00,33354.69921875,33360.578125,33352.23046875,33352.23046875,671720,1.0
2023-05-18 10:14:00-04:00,33351.8984375,33353.91015625,33346.7890625,33347.69140625,737060,1.0
2023-05-18 10:15:00-04:00,33347.44140625,33350.16015625,33340.62109375,33344.5390625,897092,1.0
2023-05-18 10:16:00-04:00,33344.01953125,33354.578125,33342.859375,33354.16015625,961820,1.0
2023-05-18 10:17:00-04:00,33354.890625,33376.62109375,33353.25,33376.62109375,1007403,1.0
2023-05-18 10:18:00-04:00,33380.23828125,33381.1796875,33358.609375,33370.01171875,1008293,1.0
2023-05-18 10:19:00-04:00,33370.6015625,33377.78125,33365.078125,33369.2890625,819440,1.0
2023-05-18 10:20:00-04:00,33369.26171875,33395.1484375,33369.26171875,33386.609375,1039346,1.0
2023-05-18 10:21:00-04:00,33385.55078125,33408.12890625,33385.55078125,33402.2109375,977608,1.0
2023-05-18 10:22:00-04:00,33401.171875,33416.3203125,33400.12109375,33416.21875,1158859,1.0
2023-05-18 10:23:00-04:00,33415.609375,33415.609375,33404.828125,33406.390625,627899,1.0
2023-05-18 10:24:00-04:00,33406.8515625,33420.91015625,33405.30078125,33420.19921875,678760,1.0
2023-05-18 10:25:00-04:00,33420.55859375,33421.25,33411.140625,33412.328125,701385,1.0
2023-05-18 10:26:00-04:00,33411.08984375,33411.9296875,33393.9296875,33405.7890625,736353,1.0
2023-05-18 10:27:00-04:00,33406.51953125,33411.71875,33403.359375,33405.2890625,675427,1.0
2023-05-18 10:28:00-04:00,33404.19140625,33418.78125,33402.3203125,33417.46875,601055,1.0
2023-05-18 10:29:00-04:00,33417.78125,33425.69140625,33417.78125,33425.69140625,669020,1.0
2023-05-18 10:30:00-04:00,33425.55859375,33438.640625,33425.55859375,33437.8984375,858057,1.0
2023-05-18 10:31:00-04:00,33437.890625,33437.890625,33428.578125,33434.98828125,806689,1.0
2023-05-18 10:32:00-04:00,33435.359375,33448.23046875,33435.359375,33448.19921875,638627,1.0
2023-05-18 10:33:00-04:00,33448.171875,33466.28125,33444.7890625,33466.140625,958854,1.0
2023-05-18 10:34:00-04:00,33465.83984375,33480.7890625,33465.83984375,33478.578125,1199719,1.0
2023-05-18 10:35:00-04:00,33478.1484375,33483.109375,33462.890625,33463.48828125,1063024,1.0
2023-05-18 10:36:00-04:00,33463.08984375,33471.1796875,33462.30859375,33467.78125,843704,1.0
2023-05-18 10:37:00-04:00,33469.03125,33474.28125,33464.2890625,33474.28125,559756,1.0
2023-05-18 10:38:00-04:00,33475.73828125,33478.1484375,33471.71875,33471.87890625,582494,1.0
2023-05-18 10:39:00-04:00,33473.4609375,33483.30859375,33473.4609375,33480.87890625,631377,1.0
2023-05-18 10:40:00-04:00,33481.16015625,33481.16015625,33468.0390625,33473.19140625,689732,1.0
2023-05-18 10:41:00-04:00,33473.28125,33478.6796875,33470.94921875,33471.05859375,766446,1.0
2023-05-18 10:42:00-04:00,33471.140625,33472.078125,33458.140625,33458.140625,737261,1.0
2023-05-18 10:43:00-04:00,33458.21875,33459.1015625,33438.03125,33438.03125,692609,1.0
2023-05-18 10:44:00-04:00,33438.62890625,33438.62890625,33416.6796875,33421.03125,785471,1.0
2023-05-18 10:45:00-04:00,33420.71875,33422.62890625,33417.94921875,33418.37890625,570128,1.0
2023-05-18 10:46:00-04:00,33418.01171875,33434.26171875,33418.01171875,33434.26171875,779278,1.0
2023-05-18 10:47:00-04:00,33434.3515625,33444.23828125,33429.48828125,33444.0,679873,1.0
2023-05-18 10:48:00-04:00,33444.0703125,33448.390625,33439.05078125,33439.05078125,650549,1.0
2023-05-18 10:49:00-04:00,33438.87109375,33449.05859375,33438.71875,33447.12890625,815795,1.0
2023-05-18 10:50:00-04:00,33447.578125,33452.62109375,33440.44140625,33442.3203125,765128,1.0
2023-05-18 10:51:00-04:00,33442.41015625,33443.3984375,33435.58984375,33435.9296875,658693,1.0
2023-05-18 10:52:00-04:00,33435.76171875,33439.75,33431.421875,33439.26953125,704185,1.0
2023-05-18 10:53:00-04:00,33439.33984375,33442.26171875,33438.44921875,33442.12109375,718754,1.0
2023-05-18 10:54:00-04:00,33441.98046875,33445.80859375,33438.41015625,33444.94921875,826869,1.0
2023-05-18 10:55:00-04:00,33444.66015625,33454.171875,33444.1015625,33454.171875,666106,1.0
2023-05-18 10:56:00-04:00,33454.0703125,33454.0703125,33445.01953125,33446.2890625,657588,1.0
2023-05-18 10:57:00-04:00,33446.44140625,33448.48046875,33445.1484375,33446.44140625,517578,1.0
2023-05-18 10:58:00-04:00,33447.9296875,33450.48828125,33445.078125,33450.48828125,672512,1.0
2023-05-18 10:59:00-04:00,33451.4609375,33457.2109375,33447.921875,33448.66015625,1271176,1.0
2023-05-18 11:00:00-04:00,33449.8515625,33462.30078125,33449.8515625,33461.75,709385,1.0
2023-05-18 11:01:00-04:00,33461.890625,33485.9296875,33458.87890625,33485.9296875,1147936,1.0
2023-05-18 11:02:00-04:00,33486.37109375,33490.5390625,33481.6015625,33487.94140625,999437,1.0
2023-05-18 11:03:00-04:00,33488.37109375,33492.48046875,33482.8203125,33486.6484375,981761,1.0
2023-05-18 11:04:00-04:00,33486.6484375,33489.05859375,33483.4296875,33483.8203125,649431,1.0
2023-05-18 11:05:00-04:00,33484.12109375,33485.4296875,33468.6796875,33470.37109375,1340890,1.0
2023-05-18 11:06:00-04:00,33470.328125,33474.62890625,33468.28125,33474.5703125,955187,1.0
2023-05-18 11:07:00-04:00,33474.80859375,33481.78125,33469.8984375,33471.9296875,575016,1.0
2023-05-18 11:08:00-04:00,33472.3984375,33473.03125,33465.30859375,33466.69140625,571907,1.0
2023-05-18 11:09:00-04:00,33466.390625,33466.421875,33450.0703125,33457.0703125,694069,1.0
2023-05-18 11:10:00-04:00,33457.01953125,33457.01953125,33446.75,33446.75,460014,1.0
2023-05-18 11:11:00-04:00,33446.7890625,33447.78125,33424.9296875,33424.9296875,592386,1.0
2023-05-18 11:12:00-04:00,33421.98046875,33423.44921875,33411.078125,33411.37109375,756354,1.0
2023-05-18 11:13:00-04:00,33411.19921875,33411.76171875,33404.4609375,33411.23828125,724113,1.0
2023-05-18 11:14:00-04:00,33411.37890625,33412.421875,33408.51953125,33411.83984375,722974,1.0
2023-05-18 11:15:00-04:00,33412.26171875,33425.91015625,33412.26171875,33425.91015625,704151,1.0
2023-05-18 11:16:00-04:00,33424.58984375,33426.8984375,33413.30859375,33414.6796875,587280,1.0
2023-05-18 11:17:00-04:00,33415.48046875,33427.51171875,33415.26953125,33424.96875,621692,1.0
2023-05-18 11:18:00-04:00,33424.9609375,33426.1796875,33419.640625,33419.640625,437866,1.0
2023-05-18 11:19:00-04:00,33419.78125,33420.01171875,33410.4609375,33411.3515625,584695,1.0
2023-05-18 11:20:00-04:00,33411.2109375,33418.7890625,33411.12109375,33413.73046875,529187,1.0
2023-05-18 11:21:00-04:00,33413.76953125,33413.76953125,33397.1015625,33397.1015625,458675,1.0
2023-05-18 11:22:00-04:00,33397.21875,33397.2890625,33361.21875,33366.19140625,614485,1.0
2023-05-18 11:23:00-04:00,33366.19921875,33385.76171875,33366.19921875,33385.76171875,444724,1.0
2023-05-18 11:24:00-04:00,33385.87890625,33390.6796875,33384.26953125,33384.26953125,405535,1.0
2023-05-18 11:25:00-04:00,33384.30859375,33384.87109375,33366.4296875,33366.46875,506970,1.0
2023-05-18 11:26:00-04:00,33366.390625,33380.98828125,33366.26171875,33377.6015625,449427,1.0
2023-05-18 11:27:00-04:00,33377.51953125,33380.640625,33373.66015625,33374.58984375,472559,1.0
2023-05-18 11:28:00-04:00,33374.62109375,33380.1484375,33373.828125,33380.1484375,581823,1.0
2023-05-18 11:29:00-04:00,33380.58984375,33381.71875,33377.0,33377.0,565964,1.0
2023-05-18 11:30:00-04:00,33377.03125,33384.140625,33368.62890625,33368.62890625,615564,1.0
2023-05-18 11:31:00-04:00,33368.7890625,33381.12890625,33365.12109375,33381.12890625,980591,1.0
2023-05-18 11:32:00-04:00,33381.69140625,33382.7890625,33374.87890625,33376.8984375,595600,1.0
2023-05-18 11:33:00-04:00,33377.30078125,33393.62109375,33376.390625,33392.71875,624976,1.0
2023-05-18 11:34:00-04:00,33393.390625,33393.390625,33385.1484375,33389.33984375,631424,1.0
2023-05-18 11:35:00-04:00,33388.94921875,33389.62109375,33379.83984375,33380.44921875,584707,1.0
2023-05-18 11:36:00-04:00,33381.390625,33393.328125,33381.390625,33393.30078125,510418,1.0
2023-05-18 11:37:00-04:00,33393.3515625,33393.3515625,33382.87890625,33384.578125,451527,1.0
2023-05-18 11:38:00-04:00,33386.1796875,33388.12109375,33378.94921875,33381.28125,632383,1.0
2023-05-18 11:39:00-04:00,33381.62109375,33382.37890625,33370.12109375,33371.12109375,480643,1.0
2023-05-18 11:40:00-04:00,33371.3203125,33371.98046875,33361.5390625,33363.12109375,524316,1.0
2023-05-18 11:41:00-04:00,33363.0,33363.51171875,33358.921875,33362.1484375,450226,1.0
2023-05-18 11:42:00-04:00,33362.37109375,33373.94921875,33361.98828125,33373.94921875,595901,1.0
2023-05-18 11:43:00-04:00,33373.9609375,33381.19921875,33373.58984375,33377.48046875,565451,1.0
2023-05-18 11:44:00-04:00,33377.828125,33387.83984375,33376.859375,33376.859375,431095,1.0
2023-05-18 11:45:00-04:00,33376.8984375,33384.0390625,33376.8984375,33383.5,490185,1.0
2023-05-18 11:46:00-04:00,33383.62890625,33403.73046875,33383.62890625,33403.73046875,597624,1.0
2023-05-18 11:47:00-04:00,33403.69921875,33409.140625,33399.33984375,33403.51953125,549512,1.0
2023-05-18 11:48:00-04:00,33403.1015625,33415.73828125,33399.390625,33414.76953125,720411,1.0
2023-05-18 11:49:00-04:00,33416.98046875,33425.671875,33412.96875,33416.69140625,869387,1.0
2023-05-18 11:50:00-04:00,33416.55078125,33423.01171875,33416.55078125,33423.01171875,549051,1.0
2023-05-18 11:51:00-04:00,33422.3984375,33422.3984375,33413.8203125,33415.828125,528035,1.0
2023-05-18 11:52:00-04:00,33415.98828125,33425.53125,33414.62890625,33423.76171875,881861,1.0
2023-05-18 11:53:00-04:00,33422.41015625,33426.66015625,33418.171875,33418.609375,434629,1.0
2023-05-18 11:54:00-04:00,33418.33984375,33421.76953125,33417.609375,33419.58984375,517546,1.0
2023-05-18 11:55:00-04:00,33419.3203125,33424.48046875,33419.3203125,33424.03125,2079452,1.0
2023-05-18 11:56:00-04:00,33424.0390625,33426.4296875,33372.25,33372.25,1248752,1.0
2023-05-18 11:57:00-04:00,33368.76953125,33372.19140625,33339.5703125,33347.1484375,1132170,1.0
2023-05-18 11:58:00-04:00,33347.05078125,33347.73828125,33333.44921875,33333.44921875,592225,1.0
2023-05-18 11:59:00-04:00,33333.328125,33345.859375,33326.94921875,33345.01953125,687958,1.0
2023-05-18 12:00:00-04:00,33344.87109375,33344.87109375,33334.0390625,33342.30078125,472936,1.0
2023-05-18 12:01:00-04:00,33342.1015625,33343.0390625,33327.26171875,33327.5390625,464169,1.0
2023-05-18 12:02:00-04:00,33327.80859375,33336.2890625,33327.80859375,33336.171875,594239,1.0
2023-05-18 12:03:00-04:00,33338.03125,33347.640625,33338.03125,33346.94921875,446448,1.0
2023-05-18 12:04:00-04:00,33347.0390625,33347.4609375,33337.1015625,33338.890625,475676,1.0
2023-05-18 12:05:00-04:00,33338.69140625,33344.6796875,33311.609375,33322.19140625,950496,1.0
2023-05-18 12:06:00-04:00,33322.328125,33329.80859375,33321.78125,33321.78125,454011,1.0
2023-05-18 12:07:00-04:00,33321.8203125,33322.23828125,33298.921875,33301.37890625,758914,1.0
2023-05-18 12:08:00-04:00,33306.71875,33317.08984375,33304.01171875,33304.4296875,704204,1.0
2023-05-18 12:09:00-04:00,33304.171875,33317.69921875,33302.3984375,33314.23828125,474645,1.0
2023-05-18 12:10:00-04:00,33313.69921875,33319.859375,33308.8515625,33312.51171875,434079,1.0
2023-05-18 12:11:00-04:00,33312.640625,33314.73828125,33310.66015625,33314.71875,372303,1.0
2023-05-18 12:12:00-04:00,33314.8203125,33320.76171875,33314.62109375,33320.46875,500098,1.0
2023-05-18 12:13:00-04:00,33320.359375,33325.69140625,33295.78125,33295.78125,994267,1.0
2023-05-18 12:14:00-04:00,33295.21875,33297.73046875,33270.12890625,33270.12890625,739030,1.0
2023-05-18 12:15:00-04:00,33270.171875,33270.171875,33240.76953125,33258.0703125,909543,1.0
2023-05-18 12:16:00-04:00,33257.921875,33276.5,33257.921875,33275.5703125,451563,1.0
2023-05-18 12:17:00-04:00,33274.80859375,33277.98046875,33271.55078125,33274.80859375,363828,1.0
2023-05-18 12:18:00-04:00,33275.109375,33299.6796875,33275.109375,33294.640625,819566,1.0
2023-05-18 12:19:00-04:00,33294.58984375,33294.58984375,33287.609375,33289.4609375,460503,1.0
2023-05-18 12:20:00-04:00,33289.6796875,33295.828125,33284.37890625,33292.8203125,646256,1.0
2023-05-18 12:21:00-04:00,33292.75,33292.75,33282.66015625,33282.66015625,485803,1.0
2023-05-18 12:22:00-04:00,33282.71875,33301.12109375,33281.578125,33301.12109375,626530,1.0
2023-05-18 12:23:00-04:00,33300.76953125,33305.12109375,33298.671875,33300.66015625,396463,1.0
2023-05-18 12:24:00-04:00,33300.66015625,33310.7890625,33298.6015625,33309.19140625,406413,1.0
2023-05-18 12:25:00-04:00,33309.19140625,33313.76171875,33287.01171875,33287.66015625,809877,1.0
2023-05-18 12:26:00-04:00,33287.69921875,33300.01953125,33287.69921875,33299.26171875,418070,1.0
2023-05-18 12:27:00-04:00,33299.58984375,33300.19140625,33290.7890625,33293.3203125,403383,1.0
2023-05-18 12:28:00-04:00,33293.578125,33293.6015625,33286.01953125,33288.3515625,305517,1.0
2023-05-18 12:29:00-04:00,33288.640625,33294.359375,33284.609375,33293.78125,396981,1.0
2023-05-18 12:30:00-04:00,33293.78125,33301.6796875,33290.41015625,33301.6796875,333174,1.0
2023-05-18 12:31:00-04:00,33301.921875,33310.69921875,33294.98046875,33296.23046875,565299,1.0
2023-05-18 12:32:00-04:00,33295.4296875,33308.1484375,33295.23046875,33306.140625,421980,1.0
2023-05-18 12:33:00-04:00,33305.94140625,33306.5390625,33300.828125,33302.62109375,345524,1.0
2023-05-18 12:34:00-04:00,33302.73828125,33302.73828125,33294.71875,33301.55859375,432575,1.0
2023-05-18 12:35:00-04:00,33301.5703125,33306.19140625,33299.26171875,33301.6484375,344179,1.0
2023-05-18 12:36:00-04:00,33301.76171875,33310.609375,33294.140625,33306.578125,413296,1.0
2023-05-18 12:37:00-04:00,33305.828125,33305.828125,33287.44140625,33289.3984375,461141,1.0
2023-05-18 12:38:00-04:00,33287.91015625,33293.76171875,33285.890625,33292.6484375,367029,1.0
2023-05-18 12:39:00-04:00,33292.2890625,33292.390625,33275.25,33275.80859375,405693,1.0
2023-05-18 12:40:00-04:00,33276.08984375,33286.69921875,33276.08984375,33277.28125,321987,1.0
2023-05-18 12:41:00-04:00,33277.2890625,33284.05859375,33277.0390625,33278.71875,455590,1.0
2023-05-18 12:42:00-04:00,33278.609375,33279.21875,33270.37890625,33271.80078125,320838,1.0
2023-05-18 12:43:00-04:00,33271.51953125,33272.1796875,33249.98828125,33251.33984375,491532,1.0
2023-05-18 12:44:00-04:00,33252.26171875,33278.5,33252.26171875,33277.62109375,755218,1.0
2023-05-18 12:45:00-04:00,33277.859375,33284.0,33277.7109375,33282.640625,358635,1.0
2023-05-18 12:46:00-04:00,33284.1484375,33284.328125,33274.109375,33274.421875,352541,1.0
2023-05-18 12:47:00-04:00,33274.390625,33278.578125,33270.80859375,33278.53125,431102,1.0
2023-05-18 12:48:00-04:00,33278.6484375,33278.6484375,33260.640625,33260.640625,524647,1.0
2023-05-18 12:49:00-04:00,33261.01171875,33261.16015625,33256.7890625,33259.26953125,345089,1.0
2023-05-18 12:50:00-04:00,33260.73046875,33261.21875,33248.640625,33250.30859375,403433,1.0
2023-05-18 12:51:00-04:00,33250.328125,33257.9609375,33247.3203125,33257.9609375,372026,1.0
2023-05-18 12:52:00-04:00,33258.171875,33266.19921875,33258.171875,33263.7109375,420092,1.0
2023-05-18 12:53:00-04:00,33263.53125,33264.1796875,33257.3984375,33260.12109375,404923,1.0
2023-05-18 12:54:00-04:00,33260.078125,33261.75,33254.8984375,33257.30078125,469408,1.0
2023-05-18 12:55:00-04:00,33258.3984375,33260.109375,33240.75,33240.75,495578,1.0
2023-05-18 12:56:00-04:00,33240.828125,33250.76953125,33228.55859375,33249.98828125,847904,1.0
2023-05-18 12:57:00-04:00,33250.73046875,33263.171875,33250.73046875,33260.30078125,519388,1.0
2023-05-18 12:58:00-04:00,33260.1015625,33260.98828125,33252.01171875,33252.859375,310129,1.0
2023-05-18 12:59:00-04:00,33253.2109375,33265.390625,33251.3203125,33264.890625,375535,1.0
2023-05-18 13:00:00-04:00,33264.87890625,33277.21875,33262.19921875,33276.46875,472901,1.0
2023-05-18 13:01:00-04:00,33276.3515625,33276.3515625,33265.94921875,33275.30078125,432096,1.0
2023-05-18 13:02:00-04:00,33275.12890625,33275.51953125,33270.3515625,33270.3515625,357844,1.0
2023-05-18 13:03:00-04:00,33271.46875,33271.46875,33262.73828125,33268.0703125,357302,1.0
2023-05-18 13:04:00-04:00,33269.0703125,33269.78125,33259.01171875,33261.0390625,293039,1.0
2023-05-18 13:05:00-04:00,33261.21875,33270.859375,33261.21875,33268.26953125,422886,1.0
2023-05-18 13:06:00-04:00,33268.5,33270.73828125,33256.98046875,33263.21875,498879,1.0
2023-05-18 13:07:00-04:00,33263.1484375,33263.1484375,33258.6796875,33260.7890625,238705,1.0
2023-05-18 13:08:00-04:00,33260.51953125,33270.87109375,33260.3515625,33269.921875,283882,1.0
2023-05-18 13:09:00-04:00,33269.6484375,33276.0703125,33266.421875,33276.0703125,358699,1.0
2023-05-18 13:10:00-04:00,33276.078125,33276.078125,33268.53125,33270.26953125,335641,1.0
2023-05-18 13:11:00-04:00,33270.41015625,33276.8203125,33265.890625,33276.8203125,331918,1.0
2023-05-18 13:12:00-04:00,33276.828125,33287.0,33276.0,33285.328125,296016,1.0
2023-05-18 13:13:00-04:00,33285.37109375,33285.41015625,33266.51953125,33266.76953125,437014,1.0
2023-05-18 13:14:00-04:00,33266.671875,33274.62109375,33265.66015625,33274.5390625,345777,1.0
2023-05-18 13:15:00-04:00,33274.30859375,33281.48046875,33272.2109375,33277.8203125,399659,1.0
2023-05-18 13:16:00-04:00,33277.87109375,33281.3984375,33277.640625,33280.5390625,355801,1.0
2023-05-18 13:17:00-04:00,33281.30078125,33286.390625,33279.3203125,33286.2890625,333673,1.0
2023-05-18 13:18:00-04:00,33286.16015625,33306.359375,33286.16015625,33306.359375,433240,1.0
2023-05-18 13:19:00-04:00,33306.94921875,33307.7890625,33303.62109375,33304.1796875,386695,1.0
2023-05-18 13:20:00-04:00,33304.08984375,33315.46875,33303.609375,33315.46875,409248,1.0
2023-05-18 13:21:00-04:00,33315.1796875,33319.73828125,33314.390625,33317.55859375,519941,1.0
2023-05-18 13:22:00-04:00,33317.75,33318.01171875,33310.51953125,33311.4609375,493975,1.0
2023-05-18 13:23:00-04:00,33311.48046875,33317.7890625,33308.96875,33317.6015625,373295,1.0
2023-05-18 13:24:00-04:00,33317.44921875,33318.109375,33313.62109375,33315.5,419145,1.0
2023-05-18 13:25:00-04:00,33313.21875,33315.08984375,33309.69140625,33314.94921875,384212,1.0
2023-05-18 13:26:00-04:00,33315.69140625,33327.23828125,33315.69140625,33324.53125,436652,1.0
2023-05-18 13:27:00-04:00,33325.3515625,33329.01171875,33325.3515625,33326.3203125,336759,1.0
2023-05-18 13:28:00-04:00,33326.19140625,33330.2109375,33279.8984375,33294.55859375,1619273,1.0
2023-05-18 13:29:00-04:00,33294.55859375,33300.8984375,33258.37109375,33258.37109375,850055,1.0
2023-05-18 13:30:00-04:00,33258.0390625,33268.94140625,33248.5703125,33268.62109375,473788,1.0
2023-05-18 13:31:00-04:00,33268.6015625,33279.78125,33262.05859375,33263.33984375,420104,1.0
2023-05-18 13:32:00-04:00,33263.66015625,33270.2890625,33258.01171875,33268.51171875,403205,1.0
2023-05-18 13:33:00-04:00,33268.76953125,33284.71875,33267.69921875,33284.1484375,440570,1.0
2023-05-18 13:34:00-04:00,33283.7890625,33283.7890625,33276.87109375,33283.30859375,244646,1.0
2023-05-18 13:35:00-04:00,33282.98046875,33286.7109375,33280.25,33285.3515625,321148,1.0
2023-05-18 13:36:00-04:00,33285.359375,33290.55859375,33282.87109375,33286.6796875,332730,1.0
2023-05-18 13:37:00-04:00,33286.859375,33288.01953125,33266.328125,33267.76171875,375137,1.0
2023-05-18 13:38:00-04:00,33267.78125,33269.78125,33261.94140625,33263.30859375,293904,1.0
2023-05-18 13:39:00-04:00,33262.96875,33269.37109375,33261.890625,33265.44140625,514622,1.0
2023-05-18 13:40:00-04:00,33265.48828125,33268.359375,33258.76171875,33267.6015625,495784,1.0
2023-05-18 13:41:00-04:00,33267.01953125,33267.01953125,33259.359375,33263.87109375,447827,1.0
2023-05-18 13:42:00-04:00,33263.640625,33263.640625,33248.5,33250.53125,347391,1.0
2023-05-18 13:43:00-04:00,33250.05078125,33250.1796875,33243.37109375,33245.8203125,345334,1.0
2023-05-18 13:44:00-04:00,33245.73828125,33246.8984375,33242.80859375,33243.55078125,459854,1.0
2023-05-18 13:45:00-04:00,33243.359375,33243.359375,33216.140625,33223.87890625,772662,1.0
2023-05-18 13:46:00-04:00,33223.98046875,33238.109375,33223.98046875,33238.109375,368484,1.0
2023-05-18 13:47:00-04:00,33238.03125,33245.37890625,33238.03125,33240.48828125,340125,1.0
2023-05-18 13:48:00-04:00,33241.16015625,33246.80859375,33241.16015625,33246.078125,390103,1.0
2023-05-18 13:49:00-04:00,33246.08984375,33253.328125,33246.08984375,33250.44140625,364747,1.0
2023-05-18 13:50:00-04:00,33250.7890625,33250.91015625,33243.2890625,33244.66015625,357139,1.0
2023-05-18 13:51:00-04:00,33243.73828125,33248.2890625,33241.94140625,33242.5390625,342154,1.0
2023-05-18 13:52:00-04:00,33242.71875,33256.16015625,33242.44921875,33253.3203125,451215,1.0
2023-05-18 13:53:00-04:00,33252.890625,33252.890625,33240.98046875,33241.0703125,400413,1.0
2023-05-18 13:54:00-04:00,33241.328125,33244.12109375,33241.03125,33241.19921875,358312,1.0
2023-05-18 13:55:00-04:00,33240.94921875,33241.1015625,33233.5390625,33234.2109375,422854,1.0
2023-05-18 13:56:00-04:00,33236.640625,33239.609375,33229.1484375,33230.69140625,352803,1.0
2023-05-18 13:57:00-04:00,33230.46875,33230.46875,33221.390625,33221.390625,337842,1.0
2023-05-18 13:58:00-04:00,33218.55859375,33218.55859375,33212.08984375,33216.921875,459944,1.0
2023-05-18 13:59:00-04:00,33217.2109375,33234.75,33217.2109375,33233.1796875,378136,1.0
2023-05-18 14:00:00-04:00,33233.30859375,33235.8515625,33230.94921875,33235.8515625,373258,1.0
2023-05-18 14:01:00-04:00,33236.87890625,33259.76171875,33236.44921875,33259.26171875,535410,1.0
2023-05-18 14:02:00-04:00,33259.73046875,33263.671875,33255.7890625,33255.9296875,364245,1.0
2023-05-18 14:03:00-04:00,33255.87890625,33258.03125,33249.98828125,33249.98828125,375330,1.0
2023-05-18 14:04:00-04:00,33249.5703125,33249.890625,33244.05078125,33248.05078125,286705,1.0
2023-05-18 14:05:00-04:00,33247.890625,33255.62109375,33246.80078125,33249.73828125,418697,1.0
2023-05-18 14:06:00-04:00,33250.05859375,33253.48046875,33247.01953125,33249.9296875,426587,1.0
2023-05-18 14:07:00-04:00,33250.08984375,33264.140625,33250.08984375,33261.53125,499254,1.0
2023-05-18 14:08:00-04:00,33261.46875,33263.19921875,33255.3203125,33262.69140625,304914,1.0
2023-05-18 14:09:00-04:00,33262.6796875,33262.6796875,33253.609375,33255.328125,274702,1.0
2023-05-18 14:10:00-04:00,33254.7890625,33262.71875,33254.7890625,33257.328125,551067,1.0
2023-05-18 14:11:00-04:00,33256.96875,33256.96875,33251.5390625,33251.9609375,346256,1.0
2023-05-18 14:12:00-04:00,33251.7890625,33254.78125,33246.1796875,33254.69921875,497390,1.0
2023-05-18 14:13:00-04:00,33255.16015625,33256.73828125,33249.3515625,33249.9609375,374168,1.0
2023-05-18 14:14:00-04:00,33249.9296875,33260.26171875,33249.7109375,33259.0703125,468320,1.0
2023-05-18 14:15:00-04:00,33258.94140625,33274.890625,33258.859375,33269.37890625,420425,1.0
2023-05-18 14:16:00-04:00,33269.828125,33274.48828125,33263.69921875,33273.98046875,409063,1.0
2023-05-18 14:17:00-04:00,33274.30078125,33283.01171875,33270.5390625,33282.58984375,376316,1.0
2023-05-18 14:18:00-04:00,33282.91015625,33288.21875,33281.30859375,33288.21875,390450,1.0
2023-05-18 14:19:00-04:00,33288.01171875,33301.6484375,33287.890625,33301.6484375,497829,1.0
2023-05-18 14:20:00-04:00,33300.76171875,33312.44140625,33299.44921875,33312.44140625,569891,1.0
2023-05-18 14:21:00-04:00,33312.1796875,33318.98046875,33309.96875,33315.87109375,416268,1.0
2023-05-18 14:22:00-04:00,33316.08984375,33319.62109375,33313.5,33315.48828125,415885,1.0
2023-05-18 14:23:00-04:00,33315.578125,33324.171875,33315.3984375,33324.171875,371135,1.0
2023-05-18 14:24:00-04:00,33324.8984375,33330.1484375,33322.859375,33324.4609375,362376,1.0
2023-05-18 14:25:00-04:00,33324.48828125,33338.578125,33324.48828125,33338.578125,661437,1.0
2023-05-18 14:26:00-04:00,33340.8203125,33342.01171875,33331.2109375,33336.28125,352623,1.0
2023-05-18 14:27:00-04:00,33335.828125,33340.26953125,33330.421875,33330.71875,372424,1.0
2023-05-18 14:28:00-04:00,33331.03125,33347.73828125,33331.03125,33345.23046875,349303,1.0
2023-05-18 14:29:00-04:00,33344.9296875,33346.4296875,33329.69921875,33329.828125,383757,1.0
2023-05-18 14:30:00-04:00,33330.1015625,33344.4609375,33330.1015625,33343.7890625,425371,1.0
2023-05-18 14:31:00-04:00,33343.73828125,33347.4609375,33339.3203125,33342.30078125,415613,1.0
2023-05-18 14:32:00-04:00,33341.859375,33347.69140625,33340.828125,33347.5703125,307726,1.0
2023-05-18 14:33:00-04:00,33347.609375,33351.078125,33342.140625,33349.109375,430017,1.0
2023-05-18 14:34:00-04:00,33349.6015625,33351.6484375,33346.30859375,33346.51171875,277870,1.0
2023-05-18 14:35:00-04:00,33346.23046875,33348.94140625,33343.0390625,33346.73828125,352565,1.0
2023-05-18 14:36:00-04:00,33348.6796875,33357.69140625,33347.0,33350.91015625,511702,1.0
2023-05-18 14:37:00-04:00,33351.1796875,33358.7890625,33351.109375,33353.5390625,361562,1.0
2023-05-18 14:38:00-04:00,33352.921875,33357.58984375,33350.1796875,33351.921875,398332,1.0
2023-05-18 14:39:00-04:00,33351.890625,33357.55078125,33351.890625,33355.76953125,376720,1.0
2023-05-18 14:40:00-04:00,33356.48828125,33359.19921875,33351.83984375,33354.21875,353393,1.0
2023-05-18 14:41:00-04:00,33354.73828125,33354.890625,33346.26171875,33346.390625,386479,1.0
2023-05-18 14:42:00-04:00,33345.91015625,33345.91015625,33338.2890625,33338.2890625,339006,1.0
2023-05-18 14:43:00-04:00,33338.109375,33340.2109375,33335.0390625,33339.55859375,451970,1.0
2023-05-18 14:44:00-04:00,33339.66015625,33341.3203125,33335.55859375,33336.671875,395467,1.0
2023-05-18 14:45:00-04:00,33337.3203125,33341.53125,33337.3203125,33337.7890625,341384,1.0
2023-05-18 14:46:00-04:00,33337.5390625,33343.46875,33334.140625,33342.53125,377718,1.0
2023-05-18 14:47:00-04:00,33342.4296875,33359.46875,33342.4296875,33357.83984375,664048,1.0
2023-05-18 14:48:00-04:00,33356.53125,33357.5,33349.98828125,33351.30078125,379194,1.0
2023-05-18 14:49:00-04:00,33351.421875,33357.51171875,33351.421875,33353.890625,394892,1.0
2023-05-18 14:50:00-04:00,33353.9609375,33360.37890625,33353.16015625,33353.671875,364765,1.0
2023-05-18 14:51:00-04:00,33353.109375,33356.30078125,33352.33984375,33356.19140625,403389,1.0
2023-05-18 14:52:00-04:00,33355.73828125,33364.8984375,33355.73828125,33363.3984375,358838,1.0
2023-05-18 14:53:00-04:00,33363.390625,33363.390625,33355.578125,33360.1484375,312005,1.0
2023-05-18 14:54:00-04:00,33360.0390625,33360.0390625,33350.3203125,33352.9609375,388787,1.0
2023-05-18 14:55:00-04:00,33353.28125,33362.3984375,33352.05859375,33361.6015625,573258,1.0
2023-05-18 14:56:00-04:00,33361.19921875,33361.19921875,33354.51171875,33356.41015625,307790,1.0
2023-05-18 14:57:00-04:00,33356.4296875,33359.5390625,33354.30078125,33359.5390625,445299,1.0
2023-05-18 14:58:00-04:00,33359.828125,33362.51171875,33356.58984375,33356.58984375,449442,1.0
2023-05-18 14:59:00-04:00,33356.75,33359.30078125,33354.328125,33357.921875,368997,1.0
2023-05-18 15:00:00-04:00,33358.48046875,33374.87890625,33358.48046875,33372.94921875,639831,1.0
2023-05-18 15:01:00-04:00,33372.609375,33372.609375,33366.2890625,33370.55078125,385280,1.0
2023-05-18 15:02:00-04:00,33370.12109375,33379.44921875,33370.12109375,33378.5390625,409706,1.0
2023-05-18 15:03:00-04:00,33378.4296875,33382.33984375,33361.0703125,33361.0703125,603072,1.0
2023-05-18 15:04:00-04:00,33360.73828125,33360.73828125,33354.828125,33354.828125,378774,1.0
2023-05-18 15:05:00-04:00,33354.328125,33354.328125,33347.5390625,33350.83984375,496017,1.0
2023-05-18 15:06:00-04:00,33350.671875,33364.2109375,33349.51953125,33364.2109375,568138,1.0
2023-05-18 15:07:00-04:00,33364.23046875,33364.7109375,33359.37109375,33361.0703125,403306,1.0
2023-05-18 15:08:00-04:00,33361.390625,33375.19140625,33360.0,33374.48828125,451953,1.0
2023-05-18 15:09:00-04:00,33374.328125,33375.859375,33372.62890625,33375.859375,392494,1.0
2023-05-18 15:10:00-04:00,33375.9609375,33388.578125,33375.9609375,33388.578125,683323,1.0
2023-05-18 15:11:00-04:00,33389.0703125,33389.51171875,33382.33984375,33383.48828125,353605,1.0
2023-05-18 15:12:00-04:00,33384.73046875,33387.98828125,33381.33984375,33383.44921875,426836,1.0
2023-05-18 15:13:00-04:00,33383.37890625,33391.7109375,33382.94140625,33391.7109375,664170,1.0
2023-05-18 15:14:00-04:00,33391.4609375,33397.80859375,33388.53125,33396.53125,473162,1.0
2023-05-18 15:15:00-04:00,33396.5703125,33401.171875,33393.3984375,33400.5,575486,1.0
2023-05-18 15:16:00-04:00,33400.48046875,33411.109375,33399.078125,33408.76953125,682917,1.0
2023-05-18 15:17:00-04:00,33408.55859375,33408.7890625,33398.73828125,33401.73828125,483916,1.0
2023-05-18 15:18:00-04:00,33401.55078125,33416.421875,33401.421875,33416.171875,751985,1.0
2023-05-18 15:19:00-04:00,33416.25,33429.30859375,33416.25,33426.62890625,743864,1.0
2023-05-18 15:20:00-04:00,33426.41015625,33428.30078125,33417.5,33417.5,666907,1.0
2023-05-18 15:21:00-04:00,33417.30078125,33418.05859375,33413.30859375,33413.62890625,615043,1.0
2023-05-18 15:22:00-04:00,33411.7890625,33414.0703125,33406.578125,33414.01171875,633662,1.0
2023-05-18 15:23:00-04:00,33414.109375,33414.109375,33400.19140625,33401.30078125,538301,1.0
2023-05-18 15:24:00-04:00,33400.921875,33402.7890625,33395.8515625,33400.4609375,462799,1.0
2023-05-18 15:25:00-04:00,33400.26953125,33400.71875,33392.9609375,33393.98828125,570994,1.0
2023-05-18 15:26:00-04:00,33394.140625,33405.5390625,33393.0390625,33405.30859375,601442,1.0
2023-05-18 15:27:00-04:00,33404.94921875,33417.171875,33403.87109375,33414.859375,491204,1.0
2023-05-18 15:28:00-04:00,33414.6484375,33415.69140625,33411.26171875,33411.6796875,485301,1.0
2023-05-18 15:29:00-04:00,33411.921875,33416.328125,33409.9609375,33416.23046875,476590,1.0
2023-05-18 15:30:00-04:00,33416.0,33427.46875,33415.94921875,33416.44140625,776458,1.0
2023-05-18 15:31:00-04:00,33415.73046875,33417.76953125,33413.37890625,33417.12890625,557581,1.0
2023-05-18 15:32:00-04:00,33417.6015625,33426.73046875,33417.03125,33425.0390625,586284,1.0
2023-05-18 15:33:00-04:00,33425.05078125,33429.140625,33423.828125,33427.30078125,605782,1.0
2023-05-18 15:34:00-04:00,33427.51171875,33432.37890625,33424.8203125,33431.19140625,1087564,1.0
2023-05-18 15:35:00-04:00,33431.23828125,33433.0,33425.0390625,33432.05078125,631795,1.0
2023-05-18 15:36:00-04:00,33431.76953125,33436.16015625,33428.23828125,33433.33984375,1091649,1.0
2023-05-18 15:37:00-04:00,33433.23828125,33433.23828125,33422.08984375,33422.30859375,625845,1.0
2023-05-18 15:38:00-04:00,33422.23828125,33431.859375,33421.6015625,33428.48046875,622197,1.0
2023-05-18 15:40:00-04:00,33433.6015625,33458.9609375,33433.6015625,33457.328125,1820007,1.0
2023-05-18 15:41:00-04:00,33457.828125,33463.69921875,33456.98046875,33462.0703125,875533,1.0
2023-05-18 15:42:00-04:00,33462.44140625,33476.7890625,33462.44140625,33476.7890625,961679,1.0
2023-05-18 15:43:00-04:00,33476.8515625,33484.6484375,33473.51953125,33484.4296875,814896,1.0
2023-05-18 15:44:00-04:00,33484.4296875,33508.1796875,33484.4296875,33503.98828125,1246198,1.0
2023-05-18 15:45:00-04:00,33504.26953125,33530.19921875,33504.26953125,33525.69140625,1636015,1.0
2023-05-18 15:46:00-04:00,33525.828125,33531.01953125,33515.44140625,33530.44140625,1165026,1.0
2023-05-18 15:47:00-04:00,33530.19921875,33531.87109375,33521.421875,33521.6015625,1163458,1.0
2023-05-18 15:48:00-04:00,33521.1484375,33521.1484375,33511.44921875,33511.44921875,1043356,1.0
2023-05-18 15:49:00-04:00,33512.66015625,33522.48046875,33512.66015625,33522.48046875,1166952,1.0
2023-05-18 15:50:00-04:00,33522.69140625,33547.5,33522.69140625,33547.390625,3349751,1.0
2023-05-18 15:51:00-04:00,33547.890625,33574.3984375,33547.71875,33559.671875,2252906,1.0
2023-05-18 15:52:00-04:00,33560.75,33579.91015625,33560.73828125,33568.640625,2126802,1.0
2023-05-18 15:53:00-04:00,33568.23046875,33574.78125,33554.640625,33557.390625,1499898,1.0
2023-05-18 15:54:00-04:00,33556.4296875,33558.1796875,33537.328125,33538.9609375,2378820,1.0
2023-05-18 15:55:00-04:00,33539.1015625,33557.921875,33532.51171875,33548.0390625,3016521,1.0
2023-05-18 15:56:00-04:00,33548.66015625,33548.66015625,33539.9609375,33542.4609375,2290245,1.0
2023-05-18 15:57:00-04:00,33541.5703125,33550.96875,33537.69140625,33547.8515625,2846399,1.0
2023-05-18 15:58:00-04:00,33547.05078125,33550.671875,33541.19921875,33547.76953125,3122964,1.0
2023-05-18 15:59:00-04:00,33549.08984375,33552.87890625,33533.890625,33533.890625,7558963,1.0
2023-05-19 09:30:00-04:00,33582.94921875,33582.94921875,33561.3984375,33571.51171875,0,1.0
2023-05-19 09:31:00-04:00,33571.390625,33572.26953125,33541.05078125,33541.05078125,2290192,1.0
2023-05-19 09:32:00-04:00,33540.53125,33564.3515625,33540.53125,33553.48046875,1898973,1.0
2023-05-19 09:33:00-04:00,33552.6796875,33568.53125,33548.01953125,33552.62109375,1518934,1.0
2023-05-19 09:34:00-04:00,33552.078125,33577.4296875,33549.8203125,33568.9609375,1108028,1.0
2023-05-19 09:35:00-04:00,33567.9609375,33571.71875,33558.6796875,33563.3203125,1062374,1.0
2023-05-19 09:36:00-04:00,33567.12890625,33568.48828125,33543.671875,33553.69140625,858482,1.0
2023-05-19 09:37:00-04:00,33553.69140625,33559.25,33546.55859375,33559.25,1155612,1.0
2023-05-19 09:38:00-04:00,33559.66015625,33566.51171875,33553.23828125,33565.359375,884679,1.0
2023-05-19 09:39:00-04:00,33566.75,33570.0,33563.16015625,33565.2890625,982494,1.0
2023-05-19 09:40:00-04:00,33562.21875,33569.2109375,33547.921875,33557.7109375,1071270,1.0
2023-05-19 09:41:00-04:00,33557.25,33557.25,33546.55859375,33550.91015625,1013129,1.0
2023-05-19 09:42:00-04:00,33551.44921875,33589.390625,33547.8984375,33589.390625,1102830,1.0
2023-05-19 09:43:00-04:00,33589.73828125,33596.12109375,33583.80078125,33590.94140625,912098,1.0
2023-05-19 09:44:00-04:00,33591.73046875,33594.578125,33580.6484375,33580.96875,966173,1.0
2023-05-19 09:45:00-04:00,33581.33984375,33585.80859375,33579.421875,33585.48046875,1150601,1.0
2023-05-19 09:46:00-04:00,33585.91015625,33585.91015625,33575.55078125,33583.671875,806568,1.0
2023-05-19 09:47:00-04:00,33583.48828125,33589.73046875,33577.33984375,33589.73046875,825901,1.0
2023-05-19 09:48:00-04:00,33588.5390625,33597.98046875,33585.73046875,33591.23046875,784343,1.0
2023-05-19 09:49:00-04:00,33590.98046875,33600.26953125,33587.80078125,33589.41015625,800895,1.0
2023-05-19 09:50:00-04:00,33588.421875,33590.890625,33582.69140625,33587.1015625,880296,1.0
2023-05-19 09:51:00-04:00,33589.109375,33596.5,33588.48046875,33596.44921875,784127,1.0
2023-05-19 09:52:00-04:00,33598.421875,33603.71875,33597.01171875,33601.921875,833320,1.0
2023-05-19 09:53:00-04:00,33601.58984375,33608.48828125,33598.94921875,33608.48828125,913504,1.0
2023-05-19 09:54:00-04:00,33608.37890625,33621.62890625,33608.37890625,33611.609375,732428,1.0
2023-05-19 09:55:00-04:00,33612.37109375,33622.8203125,33607.23046875,33607.23046875,845089,1.0
2023-05-19 09:56:00-04:00,33607.73046875,33607.73046875,33596.69921875,33600.87890625,742985,1.0
2023-05-19 09:57:00-04:00,33600.7109375,33607.05078125,33596.8203125,33606.12109375,694557,1.0
2023-05-19 09:58:00-04:00,33605.890625,33606.76171875,33589.12890625,33594.921875,686464,1.0
2023-05-19 09:59:00-04:00,33595.2890625,33605.4609375,33591.171875,33597.44921875,723836,1.0
2023-05-19 10:00:00-04:00,33598.55859375,33603.6796875,33582.44921875,33593.0,994541,1.0
2023-05-19 10:01:00-04:00,33592.3515625,33593.05859375,33580.05078125,33580.9609375,871944,1.0
2023-05-19 10:02:00-04:00,33580.6015625,33589.69140625,33577.55078125,33577.640625,766701,1.0
2023-05-19 10:03:00-04:00,33577.8203125,33577.8203125,33563.58984375,33569.9609375,988232,1.0
2023-05-19 10:04:00-04:00,33569.0703125,33578.37109375,33564.58984375,33574.30859375,700090,1.0
2023-05-19 10:05:00-04:00,33574.859375,33575.30078125,33569.0,33571.37890625,630881,1.0
2023-05-19 10:06:00-04:00,33571.62109375,33594.6484375,33571.609375,33593.08984375,633358,1.0
2023-05-19 10:07:00-04:00,33593.19921875,33593.41015625,33579.44140625,33583.0703125,634401,1.0
2023-05-19 10:08:00-04:00,33583.1015625,33600.921875,33583.1015625,33600.640625,609868,1.0
2023-05-19 10:09:00-04:00,33600.76171875,33608.4296875,33599.2109375,33607.609375,712133,1.0
2023-05-19 10:10:00-04:00,33607.41015625,33608.171875,33589.578125,33589.7890625,722743,1.0
2023-05-19 10:11:00-04:00,33589.3203125,33595.44140625,33587.01171875,33594.3984375,634277,1.0
2023-05-19 10:12:00-04:00,33593.359375,33594.26171875,33584.828125,33591.98828125,677532,1.0
2023-05-19 10:13:00-04:00,33591.58984375,33602.578125,33589.25,33602.421875,596009,1.0
2023-05-19 10:14:00-04:00,33602.1796875,33613.5703125,33602.1796875,33607.8515625,711464,1.0
2023-05-19 10:15:00-04:00,33608.0703125,33613.48046875,33602.390625,33602.73046875,897592,1.0
2023-05-19 10:16:00-04:00,33602.1015625,33613.21875,33600.44921875,33610.9609375,770213,1.0
2023-05-19 10:17:00-04:00,33608.44140625,33608.44140625,33600.3203125,33602.12109375,767928,1.0
2023-05-19 10:18:00-04:00,33602.578125,33605.1484375,33596.19140625,33598.44921875,957095,1.0
2023-05-19 10:19:00-04:00,33598.78125,33603.890625,33592.3515625,33592.76953125,909639,1.0
2023-05-19 10:20:00-04:00,33593.55859375,33608.5703125,33593.55859375,33606.8984375,708349,1.0
2023-05-19 10:21:00-04:00,33606.390625,33606.4296875,33601.109375,33604.44921875,693790,1.0
2023-05-19 10:22:00-04:00,33604.48828125,33604.55078125,33599.328125,33600.0,875774,1.0
2023-05-19 10:23:00-04:00,33599.671875,33599.671875,33593.73828125,33594.828125,640477,1.0
2023-05-19 10:24:00-04:00,33594.859375,33597.53125,33587.1484375,33597.37890625,812819,1.0
2023-05-19 10:25:00-04:00,33597.33984375,33602.76171875,33593.5703125,33594.3984375,588792,1.0
2023-05-19 10:26:00-04:00,33594.3515625,33602.6796875,33589.1796875,33602.6796875,560379,1.0
2023-05-19 10:27:00-04:00,33603.12890625,33605.390625,33601.859375,33602.1484375,629843,1.0
2023-05-19 10:28:00-04:00,33602.51953125,33614.19921875,33600.9609375,33614.19921875,591833,1.0
2023-05-19 10:29:00-04:00,33614.0,33622.9296875,33611.5,33614.1484375,632455,1.0
2023-05-19 10:30:00-04:00,33613.640625,33618.4296875,33611.5,33616.890625,825527,1.0
2023-05-19 10:31:00-04:00,33616.6484375,33618.37109375,33610.05859375,33610.51171875,657939,1.0
2023-05-19 10:32:00-04:00,33610.51171875,33621.640625,33607.9609375,33620.828125,690836,1.0
2023-05-19 10:33:00-04:00,33620.73046875,33622.41015625,33617.23828125,33619.66015625,1379820,1.0
2023-05-19 10:34:00-04:00,33619.30859375,33622.640625,33617.48828125,33621.76953125,646755,1.0
2023-05-19 10:35:00-04:00,33622.4296875,33628.8984375,33622.33984375,33622.33984375,796086,1.0
2023-05-19 10:36:00-04:00,33620.71875,33621.12890625,33604.75,33604.75,901894,1.0
2023-05-19 10:37:00-04:00,33603.609375,33603.609375,33588.80078125,33591.46875,820798,1.0
2023-05-19 10:38:00-04:00,33591.359375,33605.23828125,33588.609375,33602.8203125,654650,1.0
2023-05-19 10:39:00-04:00,33602.48828125,33608.30078125,33602.01171875,33605.8515625,680535,1.0
2023-05-19 10:40:00-04:00,33605.28125,33611.140625,33601.12890625,33603.91015625,660462,1.0
2023-05-19 10:41:00-04:00,33603.609375,33612.2109375,33601.55859375,33609.4609375,554826,1.0
2023-05-19 10:42:00-04:00,33609.328125,33609.83984375,33594.30859375,33597.91015625,540185,1.0
2023-05-19 10:43:00-04:00,33597.1796875,33600.109375,33597.1796875,33599.0,509281,1.0
2023-05-19 10:44:00-04:00,33598.578125,33602.76953125,33596.12109375,33602.76953125,555529,1.0
2023-05-19 10:45:00-04:00,33602.6015625,33604.609375,33598.16015625,33598.16015625,570007,1.0
2023-05-19 10:46:00-04:00,33598.94140625,33607.37890625,33597.51953125,33607.16015625,520051,1.0
2023-05-19 10:47:00-04:00,33606.4296875,33606.4296875,33598.98046875,33602.19921875,486958,1.0
2023-05-19 10:48:00-04:00,33602.26171875,33604.80859375,33597.94921875,33602.44140625,599370,1.0
2023-05-19 10:49:00-04:00,33602.16015625,33602.62109375,33592.3984375,33593.01171875,501091,1.0
2023-05-19 10:50:00-04:00,33593.109375,33623.03125,33593.109375,33621.98046875,912530,1.0
2023-05-19 10:51:00-04:00,33621.98046875,33623.30078125,33615.87109375,33621.33984375,519537,1.0
2023-05-19 10:52:00-04:00,33621.671875,33630.5390625,33620.6484375,33628.69921875,450176,1.0
2023-05-19 10:53:00-04:00,33630.1484375,33637.0390625,33628.640625,33633.96875,451268,1.0
2023-05-19 10:54:00-04:00,33633.5390625,33636.26171875,33626.609375,33626.609375,450435,1.0
2023-05-19 10:55:00-04:00,33626.71875,33631.6796875,33626.69140625,33631.171875,401002,1.0
2023-05-19 10:56:00-04:00,33630.9609375,33636.69140625,33630.9609375,33633.26953125,550431,1.0
2023-05-19 10:57:00-04:00,33632.55859375,33632.55859375,33625.66015625,33628.69921875,441565,1.0
2023-05-19 10:58:00-04:00,33628.80859375,33631.109375,33626.91015625,33630.19921875,489771,1.0
2023-05-19 10:59:00-04:00,33630.19921875,33637.3984375,33628.1015625,33637.30078125,493334,1.0
2023-05-19 11:00:00-04:00,33637.359375,33648.5390625,33634.609375,33646.26171875,509227,1.0
2023-05-19 11:01:00-04:00,33646.23046875,33652.828125,33644.140625,33651.08984375,512679,1.0
2023-05-19 11:02:00-04:00,33650.76171875,33650.76171875,33643.69921875,33648.26953125,425687,1.0
2023-05-19 11:03:00-04:00,33648.44921875,33652.23046875,33648.44921875,33650.8515625,451947,1.0
2023-05-19 11:04:00-04:00,33651.1484375,33652.8984375,33648.9296875,33650.8984375,356497,1.0
2023-05-19 11:05:00-04:00,33650.26171875,33650.26171875,33605.2890625,33605.2890625,698680,1.0
2023-05-19 11:06:00-04:00,33603.0390625,33608.76953125,33587.12109375,33601.37890625,743802,1.0
2023-05-19 11:07:00-04:00,33598.9296875,33602.44921875,33595.44140625,33598.94140625,416499,1.0
2023-05-19 11:08:00-04:00,33598.3515625,33603.98828125,33582.69140625,33582.69140625,391186,1.0
2023-05-19 11:09:00-04:00,33581.671875,33581.671875,33560.9609375,33562.25,504352,1.0
2023-05-19 11:10:00-04:00,33562.390625,33574.8515625,33557.44921875,33572.3515625,660255,1.0
2023-05-19 11:11:00-04:00,33572.30859375,33577.30078125,33567.4609375,33567.4609375,448755,1.0
2023-05-19 11:12:00-04:00,33565.19140625,33565.19140625,33525.828125,33537.01953125,646492,1.0
2023-05-19 11:13:00-04:00,33536.71875,33565.51953125,33536.71875,33544.921875,650181,1.0
2023-05-19 11:14:00-04:00,33544.921875,33561.53125,33541.01953125,33542.7109375,1075985,1.0
2023-05-19 11:15:00-04:00,33540.609375,33541.48828125,33482.6015625,33482.6015625,963079,1.0
2023-05-19 11:16:00-04:00,33482.62890625,33507.1796875,33481.3203125,33507.1015625,693206,1.0
2023-05-19 11:17:00-04:00,33509.94140625,33542.01171875,33509.6015625,33526.69140625,656131,1.0
2023-05-19 11:18:00-04:00,33526.87890625,33535.23046875,33512.76953125,33521.62890625,550165,1.0
2023-05-19 11:19:00-04:00,33521.0390625,33522.12109375,33479.2890625,33497.37890625,781879,1.0
2023-05-19 11:20:00-04:00,33498.140625,33522.0703125,33498.140625,33521.12890625,481375,1.0
2023-05-19 11:21:00-04:00,33522.03125,33550.46875,33522.03125,33536.46875,683874,1.0
2023-05-19 11:22:00-04:00,33536.73046875,33541.8203125,33529.03125,33532.3515625,448280,1.0
2023-05-19 11:23:00-04:00,33532.28125,33541.05859375,33529.1015625,33529.1015625,550276,1.0
2023-05-19 11:24:00-04:00,33528.69140625,33528.69140625,33495.80859375,33503.51953125,604605,1.0
2023-05-19 11:25:00-04:00,33503.12109375,33519.859375,33503.05078125,33519.3203125,474750,1.0
2023-05-19 11:26:00-04:00,33520.171875,33528.609375,33503.69921875,33503.9296875,524803,1.0
2023-05-19 11:27:00-04:00,33502.41015625,33504.94140625,33462.9296875,33462.9296875,706997,1.0
2023-05-19 11:28:00-04:00,33457.23828125,33470.890625,33454.9296875,33454.9296875,751349,1.0
2023-05-19 11:29:00-04:00,33453.9609375,33461.58984375,33448.08984375,33448.08984375,674065,1.0
2023-05-19 11:30:00-04:00,33447.05859375,33447.05859375,33427.0390625,33434.28125,698277,1.0
2023-05-19 11:31:00-04:00,33433.140625,33450.109375,33433.140625,33446.0,440131,1.0
2023-05-19 11:32:00-04:00,33445.5703125,33445.5703125,33408.7109375,33408.7109375,972773,1.0
2023-05-19 11:33:00-04:00,33405.58984375,33423.421875,33404.98046875,33420.6484375,556959,1.0
2023-05-19 11:34:00-04:00,33420.6484375,33435.921875,33412.44140625,33435.6015625,713643,1.0
2023-05-19 11:35:00-04:00,33435.26171875,33435.30859375,33423.76171875,33424.0390625,444922,1.0
2023-05-19 11:36:00-04:00,33424.12890625,33425.28125,33412.48046875,33412.98046875,353405,1.0
2023-05-19 11:37:00-04:00,33413.109375,33418.8515625,33385.30859375,33386.0,682855,1.0
2023-05-19 11:38:00-04:00,33386.44921875,33387.9609375,33348.390625,33348.390625,748700,1.0
2023-05-19 11:39:00-04:00,33347.21875,33374.26953125,33344.421875,33374.26953125,797035,1.0
2023-05-19 11:40:00-04:00,33373.03125,33376.55859375,33358.359375,33372.51953125,642377,1.0
2023-05-19 11:41:00-04:00,33373.3203125,33373.66015625,33353.1015625,33369.359375,532112,1.0
2023-05-19 11:42:00-04:00,33386.66015625,33404.6796875,33379.91015625,33381.05078125,1362984,1.0
2023-05-19 11:43:00-04:00,33381.48046875,33387.3515625,33377.4609375,33386.48828125,444756,1.0
2023-05-19 11:44:00-04:00,33386.7890625,33397.73046875,33381.828125,33397.5703125,475747,1.0
2023-05-19 11:45:00-04:00,33397.98828125,33428.76171875,33396.5390625,33428.76171875,614306,1.0
2023-05-19 11:46:00-04:00,33428.9609375,33440.671875,33428.9609375,33434.01171875,617595,1.0
2023-05-19 11:47:00-04:00,33433.87890625,33455.2890625,33429.26171875,33454.0703125,476404,1.0
2023-05-19 11:48:00-04:00,33454.5390625,33455.609375,33448.609375,33452.2890625,338872,1.0
2023-05-19 11:49:00-04:00,33453.078125,33454.578125,33440.328125,33443.48828125,434002,1.0
2023-05-19 11:50:00-04:00,33443.5703125,33445.98828125,33426.73828125,33431.76171875,510194,1.0
2023-05-19 11:51:00-04:00,33430.7109375,33446.48828125,33426.078125,33430.48828125,446736,1.0
2023-05-19 11:52:00-04:00,33430.578125,33436.3984375,33428.3203125,33432.55859375,435982,1.0
2023-05-19 11:53:00-04:00,33435.4296875,33449.48046875,33435.4296875,33448.73828125,390714,1.0
2023-05-19 11:54:00-04:00,33447.94140625,33447.94140625,33435.140625,33443.7109375,514926,1.0
2023-05-19 11:55:00-04:00,33444.1484375,33444.1484375,33429.98046875,33434.30859375,596043,1.0
2023-05-19 11:56:00-04:00,33434.28125,33465.62109375,33430.8984375,33431.23046875,1779716,1.0
2023-05-19 11:57:00-04:00,33431.83984375,33447.078125,33431.51953125,33445.87890625,449084,1.0
2023-05-19 11:58:00-04:00,33446.05859375,33446.05859375,33428.53125,33428.53125,403176,1.0
2023-05-19 11:59:00-04:00,33428.2890625,33428.2890625,33416.69921875,33421.890625,448683,1.0
2023-05-19 12:00:00-04:00,33421.30859375,33434.3984375,33411.28125,33429.48828125,541011,1.0
2023-05-19 12:01:00-04:00,33429.4609375,33429.71875,33415.7890625,33415.7890625,325071,1.0
2023-05-19 12:02:00-04:00,33411.55078125,33415.171875,33399.171875,33413.9296875,928132,1.0
2023-05-19 12:03:00-04:00,33413.2109375,33413.2109375,33401.1484375,33405.48828125,433762,1.0
2023-05-19 12:04:00-04:00,33406.328125,33426.19921875,33406.328125,33426.19921875,586653,1.0
2023-05-19 12:05:00-04:00,33428.0,33432.8984375,33426.421875,33426.421875,805554,1.0
2023-05-19 12:06:00-04:00,33426.078125,33426.078125,33415.48046875,33415.48046875,355179,1.0
2023-05-19 12:07:00-04:00,33415.609375,33427.0,33407.80859375,33418.37890625,570934,1.0
2023-05-19 12:08:00-04:00,33418.078125,33418.12109375,33402.640625,33405.53125,379077,1.0
2023-05-19 12:09:00-04:00,33406.58984375,33415.21875,33406.4296875,33415.19140625,301981,1.0
2023-05-19 12:10:00-04:00,33414.8203125,33415.55078125,33407.7109375,33407.7109375,338481,1.0
2023-05-19 12:11:00-04:00,33405.78125,33411.73046875,33404.91015625,33411.171875,339545,1.0
2023-05-19 12:12:00-04:00,33411.171875,33415.48046875,33409.671875,33410.80078125,972647,1.0
2023-05-19 12:13:00-04:00,33409.8515625,33429.19921875,33408.33984375,33425.87890625,365341,1.0
2023-05-19 12:14:00-04:00,33425.87890625,33425.87890625,33413.6484375,33414.21875,314219,1.0
2023-05-19 12:15:00-04:00,33414.21875,33414.21875,33384.21875,33386.1796875,1167245,1.0
2023-05-19 12:16:00-04:00,33386.66015625,33429.609375,33386.66015625,33429.609375,1914824,1.0
2023-05-19 12:17:00-04:00,33428.87890625,33429.4296875,33422.23828125,33429.4296875,359131,1.0
2023-05-19 12:18:00-04:00,33429.5,33433.921875,33424.25,33433.76953125,423660,1.0
2023-05-19 12:19:00-04:00,33433.80859375,33433.80859375,33418.5703125,33420.12890625,400675,1.0
2023-05-19 12:20:00-04:00,33420.6015625,33442.4296875,33420.5703125,33442.4296875,514542,1.0
2023-05-19 12:21:00-04:00,33442.26953125,33442.7890625,33425.48046875,33428.21875,339516,1.0
2023-05-19 12:22:00-04:00,33428.94921875,33431.7109375,33426.171875,33427.23046875,416705,1.0
2023-05-19 12:23:00-04:00,33427.12109375,33428.37109375,33420.2109375,33423.6484375,363839,1.0
2023-05-19 12:24:00-04:00,33423.55078125,33432.25,33421.7890625,33427.08984375,390069,1.0
2023-05-19 12:25:00-04:00,33426.98828125,33428.7109375,33421.1796875,33422.19140625,1753286,1.0
2023-05-19 12:26:00-04:00,33422.328125,33422.328125,33410.98828125,33414.58984375,438997,1.0
2023-05-19 12:27:00-04:00,33414.76171875,33415.48828125,33403.171875,33403.62109375,268002,1.0
2023-05-19 12:28:00-04:00,33403.9296875,33408.5390625,33390.55859375,33391.859375,369594,1.0
2023-05-19 12:29:00-04:00,33391.83984375,33397.76171875,33390.94140625,33395.6484375,274625,1.0
2023-05-19 12:30:00-04:00,33395.69921875,33395.69921875,33348.671875,33350.44921875,838096,1.0
2023-05-19 12:31:00-04:00,33350.98046875,33351.26171875,33337.03125,33351.26171875,426695,1.0
2023-05-19 12:32:00-04:00,33350.640625,33352.9609375,33342.0390625,33351.1796875,346975,1.0
2023-05-19 12:33:00-04:00,33351.12890625,33351.7109375,33341.01171875,33350.76953125,334984,1.0
2023-05-19 12:34:00-04:00,33350.7109375,33351.33984375,33336.66015625,33338.87890625,411666,1.0
2023-05-19 12:35:00-04:00,33339.05078125,33366.390625,33337.8984375,33366.390625,653888,1.0
2023-05-19 12:36:00-04:00,33367.328125,33376.76171875,33363.37109375,33376.76171875,318928,1.0
2023-05-19 12:37:00-04:00,33376.828125,33384.6015625,33376.828125,33381.98828125,312267,1.0
2023-05-19 12:38:00-04:00,33382.76953125,33392.71875,33378.2109375,33392.71875,317963,1.0
2023-05-19 12:39:00-04:00,33393.1796875,33405.96875,33393.05859375,33405.44921875,337907,1.0
2023-05-19 12:40:00-04:00,33405.421875,33405.51171875,33399.73046875,33400.890625,339896,1.0
2023-05-19 12:41:00-04:00,33401.328125,33412.5703125,33398.828125,33411.83984375,321304,1.0
2023-05-19 12:42:00-04:00,33412.53125,33414.4609375,33405.8203125,33408.37890625,284028,1.0
2023-05-19 12:43:00-04:00,33408.859375,33417.9609375,33408.859375,33417.9609375,748272,1.0
2023-05-19 12:44:00-04:00,33417.9296875,33419.828125,33416.01953125,33419.03125,412323,1.0
2023-05-19 12:45:00-04:00,33419.37109375,33431.8203125,33419.23828125,33430.96875,369108,1.0
2023-05-19 12:46:00-04:00,33436.0390625,33437.26171875,33426.8984375,33429.5703125,329949,1.0
2023-05-19 12:47:00-04:00,33429.8984375,33431.05859375,33426.80078125,33431.05859375,293878,1.0
2023-05-19 12:48:00-04:00,33431.359375,33438.2109375,33428.08984375,33437.6484375,993903,1.0
2023-05-19 12:49:00-04:00,33437.3984375,33449.37109375,33435.328125,33449.37109375,582751,1.0
2023-05-19 12:50:00-04:00,33448.8203125,33449.46875,33443.9609375,33445.7109375,375631,1.0
2023-05-19 12:51:00-04:00,33445.73046875,33452.3984375,33445.0,33451.66015625,633732,1.0
2023-05-19 12:52:00-04:00,33451.44921875,33463.69140625,33451.44921875,33463.41015625,871109,1.0
2023-05-19 12:53:00-04:00,33463.55078125,33471.98828125,33462.078125,33471.98828125,401603,1.0
2023-05-19 12:54:00-04:00,33471.859375,33472.6796875,33468.55859375,33470.71875,437815,1.0
2023-05-19 12:55:00-04:00,33470.8203125,33470.8203125,33465.25,33468.2109375,346327,1.0
2023-05-19 12:56:00-04:00,33467.4296875,33467.4296875,33451.75,33460.37109375,295154,1.0
2023-05-19 12:57:00-04:00,33460.51171875,33464.3984375,33459.4609375,33462.2890625,337810,1.0
2023-05-19 12:58:00-04:00,33461.53125,33461.53125,33451.0390625,33451.28125,358112,1.0
2023-05-19 12:59:00-04:00,33451.53125,33455.12890625,33449.921875,33455.12890625,346882,1.0
2023-05-19 13:00:00-04:00,33455.3203125,33462.80078125,33455.3203125,33461.51171875,317755,1.0
2023-05-19 13:01:00-04:00,33461.48828125,33476.4609375,33452.078125,33474.5703125,684242,1.0
2023-05-19 13:02:00-04:00,33474.28125,33476.37890625,33470.390625,33476.23046875,365803,1.0
2023-05-19 13:03:00-04:00,33477.0390625,33480.01171875,33475.328125,33475.328125,249611,1.0
2023-05-19 13:04:00-04:00,33474.87109375,33475.48046875,33472.21875,33474.73828125,268168,1.0
2023-05-19 13:05:00-04:00,33474.76171875,33474.76171875,33464.62890625,33464.62890625,287248,1.0
2023-05-19 13:06:00-04:00,33463.890625,33471.078125,33460.83984375,33470.5390625,260097,1.0
2023-05-19 13:07:00-04:00,33470.5390625,33475.9609375,33467.16015625,33475.37890625,297948,1.0
2023-05-19 13:08:00-04:00,33475.37890625,33477.37109375,33469.87109375,33470.55859375,248603,1.0
2023-05-19 13:09:00-04:00,33471.0390625,33471.0390625,33462.4609375,33464.3984375,293146,1.0
2023-05-19 13:10:00-04:00,33464.828125,33464.828125,33455.23828125,33455.6796875,1065093,1.0
2023-05-19 13:11:00-04:00,33455.390625,33455.390625,33449.73046875,33451.21875,336997,1.0
2023-05-19 13:12:00-04:00,33451.23046875,33456.80859375,33449.828125,33449.9609375,310960,1.0
2023-05-19 13:13:00-04:00,33450.8515625,33454.78125,33449.98046875,33454.78125,203581,1.0
2023-05-19 13:14:00-04:00,33454.6796875,33459.69140625,33451.76171875,33459.69140625,299313,1.0
2023-05-19 13:15:00-04:00,33459.62890625,33463.390625,33458.76953125,33463.26171875,367366,1.0
2023-05-19 13:16:00-04:00,33463.41015625,33463.9296875,33456.58984375,33460.1484375,283272,1.0
2023-05-19 13:17:00-04:00,33460.12890625,33469.609375,33460.12890625,33468.87109375,340306,1.0
2023-05-19 13:18:00-04:00,33469.140625,33473.48828125,33467.890625,33473.48828125,260337,1.0
2023-05-19 13:19:00-04:00,33473.640625,33473.8203125,33469.4296875,33469.7109375,302082,1.0
2023-05-19 13:20:00-04:00,33469.44140625,33469.44140625,33461.98046875,33463.078125,292366,1.0
2023-05-19 13:21:00-04:00,33462.98046875,33463.140625,33455.25,33457.51953125,261999,1.0
2023-05-19 13:22:00-04:00,33457.3984375,33463.98046875,33456.28125,33460.609375,264858,1.0
2023-05-19 13:23:00-04:00,33460.48828125,33462.5703125,33458.078125,33461.171875,290295,1.0
2023-05-19 13:24:00-04:00,33461.1796875,33465.69921875,33461.1796875,33464.30078125,294675,1.0
2023-05-19 13:25:00-04:00,33464.0,33467.6796875,33461.51953125,33466.01953125,381724,1.0
2023-05-19 13:26:00-04:00,33465.7890625,33465.7890625,33454.640625,33457.7890625,340743,1.0
2023-05-19 13:27:00-04:00,33457.7890625,33457.7890625,33444.96875,33446.9609375,333921,1.0
2023-05-19 13:28:00-04:00,33447.2890625,33451.08984375,33444.640625,33447.3203125,239093,1.0
2023-05-19 13:29:00-04:00,33447.3203125,33456.0,33447.25,33455.3515625,926220,1.0
2023-05-19 13:30:00-04:00,33455.37890625,33462.73046875,33454.19140625,33462.58984375,311305,1.0
2023-05-19 13:31:00-04:00,33462.859375,33462.859375,33449.76953125,33451.73828125,290955,1.0
2023-05-19 13:32:00-04:00,33451.828125,33459.73828125,33451.828125,33456.6484375,383830,1.0
2023-05-19 13:33:00-04:00,33456.390625,33456.83984375,33451.83984375,33451.83984375,531455,1.0
2023-05-19 13:34:00-04:00,33451.609375,33459.19921875,33447.62109375,33459.19921875,325452,1.0
2023-05-19 13:35:00-04:00,33459.69140625,33462.94140625,33457.05078125,33461.96875,329430,1.0
2023-05-19 13:36:00-04:00,33461.80859375,33461.80859375,33452.62109375,33452.87109375,531744,1.0
2023-05-19 13:37:00-04:00,33452.55859375,33453.7109375,33449.828125,33452.73828125,445328,1.0
2023-05-19 13:38:00-04:00,33452.80078125,33452.80078125,33444.828125,33444.828125,330461,1.0
2023-05-19 13:39:00-04:00,33444.37109375,33453.390625,33436.26171875,33452.80078125,607804,1.0
2023-05-19 13:40:00-04:00,33453.80859375,33458.30078125,33452.37890625,33457.94921875,403894,1.0
2023-05-19 13:41:00-04:00,33458.1484375,33458.44140625,33450.921875,33451.91015625,355341,1.0
2023-05-19 13:42:00-04:00,33452.1015625,33452.1015625,33439.80078125,33440.58984375,497077,1.0
2023-05-19 13:43:00-04:00,33440.671875,33441.37109375,33434.8515625,33435.390625,336654,1.0
2023-05-19 13:44:00-04:00,33435.2109375,33435.421875,33425.01171875,33431.8515625,440625,1.0
2023-05-19 13:45:00-04:00,33432.48046875,33432.48046875,33421.26953125,33425.62890625,416301,1.0
2023-05-19 13:46:00-04:00,33425.76171875,33429.19921875,33422.58984375,33423.8984375,292626,1.0
2023-05-19 13:47:00-04:00,33423.8984375,33439.98828125,33423.8984375,33437.9609375,537687,1.0
2023-05-19 13:48:00-04:00,33438.2109375,33439.8984375,33424.30078125,33424.328125,435938,1.0
2023-05-19 13:49:00-04:00,33424.328125,33425.078125,33418.26171875,33420.05078125,372941,1.0
2023-05-19 13:50:00-04:00,33420.1015625,33420.1015625,33406.890625,33410.359375,382185,1.0
2023-05-19 13:51:00-04:00,33410.328125,33422.66015625,33410.328125,33422.328125,348551,1.0
2023-05-19 13:52:00-04:00,33422.390625,33422.390625,33409.19921875,33415.328125,327169,1.0
2023-05-19 13:53:00-04:00,33413.9296875,33419.3515625,33413.0390625,33418.94921875,265325,1.0
2023-05-19 13:54:00-04:00,33418.78125,33426.26171875,33418.78125,33425.55078125,332938,1.0
2023-05-19 13:55:00-04:00,33425.7109375,33425.7109375,33420.58984375,33421.51171875,280566,1.0
2023-05-19 13:56:00-04:00,33421.51953125,33421.83984375,33412.859375,33415.71875,281533,1.0
2023-05-19 13:57:00-04:00,33415.890625,33415.94921875,33408.30859375,33408.5390625,379871,1.0
2023-05-19 13:58:00-04:00,33408.6015625,33408.87109375,33399.5703125,33400.3203125,437973,1.0
2023-05-19 13:59:00-04:00,33400.2890625,33400.2890625,33387.1015625,33387.44140625,357377,1.0
2023-05-19 14:00:00-04:00,33387.62890625,33395.3203125,33386.390625,33387.1796875,368341,1.0
2023-05-19 14:01:00-04:00,33385.078125,33388.98046875,33382.30078125,33386.7890625,356387,1.0
2023-05-19 14:02:00-04:00,33387.05078125,33387.19140625,33378.01953125,33379.5,368506,1.0
2023-05-19 14:03:00-04:00,33379.46875,33394.078125,33379.46875,33394.078125,364527,1.0
2023-05-19 14:04:00-04:00,33394.16015625,33394.16015625,33379.26171875,33384.48046875,344993,1.0
2023-05-19 14:05:00-04:00,33385.390625,33390.359375,33382.94140625,33390.359375,377159,1.0
2023-05-19 14:06:00-04:00,33390.4609375,33394.171875,33389.69140625,33394.171875,420125,1.0
2023-05-19 14:07:00-04:00,33394.171875,33410.19140625,33391.0,33409.7890625,447143,1.0
2023-05-19 14:08:00-04:00,33409.73046875,33410.01953125,33397.26953125,33399.75,276913,1.0
2023-05-19 14:09:00-04:00,33399.828125,33400.859375,33396.16015625,33399.2890625,263955,1.0
2023-05-19 14:10:00-04:00,33399.23046875,33400.109375,33383.0703125,33384.76953125,392064,1.0
2023-05-19 14:11:00-04:00,33384.71875,33393.69140625,33384.71875,33393.48046875,497520,1.0
2023-05-19 14:12:00-04:00,33393.71875,33397.921875,33392.671875,33392.94921875,300497,1.0
2023-05-19 14:13:00-04:00,33392.62890625,33395.48046875,33386.71875,33395.4296875,309457,1.0
2023-05-19 14:14:00-04:00,33394.48046875,33394.48046875,33385.80078125,33386.69921875,276924,1.0
2023-05-19 14:15:00-04:00,33386.73828125,33386.73828125,33364.46875,33366.6015625,505241,1.0
2023-05-19 14:16:00-04:00,33364.9609375,33368.3984375,33359.19140625,33359.19140625,451078,1.0
2023-05-19 14:17:00-04:00,33359.48828125,33366.91015625,33359.3515625,33366.4609375,353999,1.0
2023-05-19 14:18:00-04:00,33366.23828125,33386.8203125,33363.44921875,33385.359375,632639,1.0
2023-05-19 14:19:00-04:00,33386.44921875,33412.390625,33386.44921875,33411.8203125,616226,1.0
2023-05-19 14:20:00-04:00,33411.4609375,33423.359375,33409.01953125,33418.55078125,391972,1.0
2023-05-19 14:21:00-04:00,33418.390625,33423.73046875,33416.01171875,33422.28125,316881,1.0
2023-05-19 14:22:00-04:00,33421.62109375,33429.73828125,33419.6484375,33429.08984375,312362,1.0
2023-05-19 14:23:00-04:00,33428.91015625,33429.91015625,33425.55078125,33425.5703125,327985,1.0
2023-05-19 14:24:00-04:00,33425.80078125,33427.4296875,33425.01171875,33426.890625,283154,1.0
2023-05-19 14:25:00-04:00,33427.62890625,33427.62890625,33421.98046875,33424.4609375,280540,1.0
2023-05-19 14:26:00-04:00,33424.69921875,33424.69921875,33417.33984375,33418.390625,284914,1.0
2023-05-19 14:27:00-04:00,33418.08984375,33418.08984375,33407.51953125,33408.3984375,329715,1.0
2023-05-19 14:28:00-04:00,33408.58984375,33408.58984375,33396.78125,33399.44921875,671820,1.0
2023-05-19 14:29:00-04:00,33398.05859375,33399.7890625,33392.05859375,33392.26953125,506229,1.0
2023-05-19 14:30:00-04:00,33392.5703125,33392.6015625,33383.48046875,33387.7890625,355820,1.0
2023-05-19 14:31:00-04:00,33387.828125,33388.75,33382.859375,33387.71875,326192,1.0
2023-05-19 14:32:00-04:00,33387.76171875,33388.5,33384.75,33385.0,317600,1.0
2023-05-19 14:33:00-04:00,33385.05859375,33397.9609375,33385.05859375,33395.44921875,429006,1.0
2023-05-19 14:34:00-04:00,33398.4296875,33399.140625,33391.03125,33394.859375,313901,1.0
2023-05-19 14:35:00-04:00,33394.5390625,33394.5390625,33390.9609375,33391.05859375,242126,1.0
2023-05-19 14:36:00-04:00,33391.421875,33399.8515625,33391.1484375,33399.71875,375486,1.0
2023-05-19 14:37:00-04:00,33400.5703125,33409.91015625,33397.421875,33409.421875,412878,1.0
2023-05-19 14:38:00-04:00,33410.96875,33417.69140625,33410.96875,33415.5703125,401099,1.0
2023-05-19 14:39:00-04:00,33415.91015625,33421.55078125,33415.91015625,33418.94140625,349695,1.0
2023-05-19 14:40:00-04:00,33419.01171875,33420.44921875,33411.87109375,33412.94140625,339300,1.0
2023-05-19 14:41:00-04:00,33412.8515625,33423.671875,33410.51953125,33423.609375,310474,1.0
2023-05-19 14:42:00-04:00,33424.37109375,33427.30078125,33419.51171875,33419.51171875,336551,1.0
2023-05-19 14:43:00-04:00,33418.8203125,33418.8203125,33411.23046875,33415.71875,271405,1.0
2023-05-19 14:44:00-04:00,33415.75,33427.1484375,33415.75,33426.01953125,385536,1.0
2023-05-19 14:45:00-04:00,33426.4296875,33426.4296875,33413.671875,33414.12890625,637789,1.0
2023-05-19 14:46:00-04:00,33413.80859375,33418.0,33413.80859375,33415.5703125,329794,1.0
2023-05-19 14:47:00-04:00,33415.55078125,33415.55078125,33398.640625,33399.71875,379912,1.0
2023-05-19 14:48:00-04:00,33399.58984375,33406.25,33398.37890625,33406.1796875,482862,1.0
2023-05-19 14:49:00-04:00,33406.359375,33407.828125,33401.1015625,33402.859375,308576,1.0
2023-05-19 14:50:00-04:00,33402.83984375,33413.30078125,33402.69140625,33413.16015625,491033,1.0
2023-05-19 14:51:00-04:00,33413.26953125,33422.08984375,33412.48828125,33421.7890625,358938,1.0
2023-05-19 14:52:00-04:00,33421.73046875,33435.05078125,33421.58984375,33433.7109375,375247,1.0
2023-05-19 14:53:00-04:00,33433.80078125,33443.73828125,33433.80078125,33436.640625,421973,1.0
2023-05-19 14:54:00-04:00,33435.0703125,33439.66015625,33435.0703125,33439.6484375,231879,1.0
2023-05-19 14:55:00-04:00,33439.9609375,33456.890625,33439.9609375,33454.6484375,531971,1.0
2023-05-19 14:56:00-04:00,33454.2109375,33454.66015625,33449.23046875,33449.26171875,304744,1.0
2023-05-19 14:57:00-04:00,33449.37890625,33449.62109375,33445.2890625,33447.73046875,313636,1.0
2023-05-19 14:58:00-04:00,33448.078125,33454.890625,33448.078125,33453.98828125,308902,1.0
2023-05-19 14:59:00-04:00,33454.01171875,33458.359375,33453.2109375,33457.9609375,255409,1.0
2023-05-19 15:00:00-04:00,33457.87890625,33459.26171875,33454.3984375,33455.26953125,416454,1.0
2023-05-19 15:01:00-04:00,33455.0,33455.671875,33450.30078125,33452.4296875,389873,1.0
2023-05-19 15:02:00-04:00,33452.51171875,33452.609375,33443.91015625,33444.08984375,339137,1.0
2023-05-19 15:03:00-04:00,33442.5703125,33445.23828125,33439.94140625,33441.94921875,332774,1.0
2023-05-19 15:04:00-04:00,33441.8515625,33441.9609375,33435.2890625,33439.9296875,463712,1.0
2023-05-19 15:05:00-04:00,33439.9296875,33441.69140625,33419.12890625,33420.2109375,513629,1.0
2023-05-19 15:06:00-04:00,33420.23046875,33420.62109375,33415.3515625,33419.4296875,388309,1.0
2023-05-19 15:07:00-04:00,33419.359375,33425.828125,33417.62109375,33425.390625,391555,1.0
2023-05-19 15:08:00-04:00,33425.53125,33425.53125,33417.5,33422.80859375,294150,1.0
2023-05-19 15:09:00-04:00,33422.28125,33426.2890625,33420.578125,33423.94921875,451109,1.0
2023-05-19 15:10:00-04:00,33423.8203125,33438.23828125,33423.8203125,33438.23828125,404997,1.0
2023-05-19 15:11:00-04:00,33438.51953125,33445.19921875,33436.83984375,33444.8203125,457487,1.0
2023-05-19 15:12:00-04:00,33444.6015625,33447.1796875,33441.2890625,33444.03125,387803,1.0
2023-05-19 15:13:00-04:00,33444.0,33449.26171875,33444.0,33447.7109375,293277,1.0
2023-05-19 15:14:00-04:00,33448.53125,33449.03125,33442.140625,33448.6484375,463354,1.0
2023-05-19 15:15:00-04:00,33448.390625,33448.390625,33442.1015625,33442.1015625,356838,1.0
2023-05-19 15:16:00-04:00,33441.671875,33442.21875,33435.94140625,33441.69921875,653510,1.0
2023-05-19 15:17:00-04:00,33441.51953125,33444.76953125,33441.51953125,33443.66015625,344511,1.0
2023-05-19 15:18:00-04:00,33443.21875,33443.21875,33432.96875,33433.03125,453624,1.0
2023-05-19 15:19:00-04:00,33431.421875,33431.421875,33425.609375,33429.7890625,419466,1.0
2023-05-19 15:20:00-04:00,33429.69921875,33429.69921875,33410.03125,33410.98828125,443840,1.0
2023-05-19 15:21:00-04:00,33411.01171875,33422.01953125,33411.01171875,33421.7890625,554748,1.0
2023-05-19 15:22:00-04:00,33421.94921875,33423.37890625,33418.3203125,33422.12109375,279677,1.0
2023-05-19 15:23:00-04:00,33422.2109375,33422.37109375,33417.75,33420.87890625,488734,1.0
2023-05-19 15:24:00-04:00,33421.8203125,33432.0,33421.62109375,33430.76953125,517279,1.0
2023-05-19 15:25:00-04:00,33431.1484375,33433.2890625,33427.19140625,33427.51953125,419790,1.0
2023-05-19 15:26:00-04:00,33427.390625,33429.19140625,33420.578125,33421.66015625,494536,1.0
2023-05-19 15:27:00-04:00,33421.62890625,33421.9609375,33418.05859375,33418.171875,887149,1.0
2023-05-19 15:28:00-04:00,33418.30078125,33418.859375,33408.1796875,33415.33984375,823873,1.0
2023-05-19 15:29:00-04:00,33415.171875,33421.08984375,33411.4609375,33411.671875,568748,1.0
2023-05-19 15:30:00-04:00,33411.6796875,33417.421875,33410.6015625,33413.75,672203,1.0
2023-05-19 15:31:00-04:00,33413.94140625,33413.94140625,33397.76953125,33397.76953125,600203,1.0
2023-05-19 15:32:00-04:00,33397.80859375,33404.80859375,33393.62109375,33404.69921875,632346,1.0
2023-05-19 15:33:00-04:00,33404.69140625,33411.2109375,33402.76171875,33411.2109375,499458,1.0
2023-05-19 15:34:00-04:00,33410.8984375,33410.8984375,33401.69921875,33401.69921875,518598,1.0
2023-05-19 15:35:00-04:00,33401.46875,33403.9296875,33397.69921875,33403.37109375,606846,1.0
2023-05-19 15:36:00-04:00,33403.3984375,33415.37109375,33403.30078125,33412.171875,680488,1.0
2023-05-19 15:37:00-04:00,33412.21875,33419.859375,33412.1015625,33419.859375,531886,1.0
2023-05-19 15:38:00-04:00,33420.6015625,33430.05859375,33420.6015625,33428.5,607552,1.0
2023-05-19 15:39:00-04:00,33428.51953125,33428.51953125,33419.62890625,33420.01953125,633049,1.0
2023-05-19 15:40:00-04:00,33420.0703125,33424.98046875,33415.37109375,33423.53125,618391,1.0
2023-05-19 15:41:00-04:00,33423.37109375,33427.58984375,33421.48828125,33424.53125,771482,1.0
2023-05-19 15:42:00-04:00,33424.3984375,33431.26953125,33422.640625,33426.62890625,636291,1.0
2023-05-19 15:43:00-04:00,33428.7109375,33435.171875,33428.7109375,33430.44921875,919135,1.0
2023-05-19 15:44:00-04:00,33430.16015625,33433.8984375,33426.26171875,33430.62109375,728393,1.0
2023-05-19 15:45:00-04:00,33431.30078125,33437.83984375,33428.37109375,33436.69921875,821685,1.0
2023-05-19 15:46:00-04:00,33436.5390625,33436.5390625,33428.94140625,33431.828125,860617,1.0
2023-05-19 15:47:00-04:00,33431.3515625,33432.26171875,33415.05078125,33417.78125,789957,1.0
2023-05-19 15:48:00-04:00,33418.26171875,33423.5,33415.9296875,33423.5,904532,1.0
2023-05-19 15:49:00-04:00,33423.62109375,33431.94140625,33423.12109375,33423.62109375,948764,1.0
2023-05-19 15:50:00-04:00,33423.421875,33423.421875,33404.78125,33416.12890625,1655017,1.0
2023-05-19 15:51:00-04:00,33416.390625,33441.19140625,33415.69140625,33440.69140625,1611539,1.0
2023-05-19 15:52:00-04:00,33440.109375,33446.2109375,33436.5703125,33441.94140625,1219363,1.0
2023-05-19 15:53:00-04:00,33441.6484375,33444.51953125,33432.75,33444.51953125,1368211,1.0
2023-05-19 15:54:00-04:00,33444.66015625,33451.46875,33443.4609375,33447.4609375,1851830,1.0
2023-05-19 15:55:00-04:00,33447.37890625,33454.91015625,33447.37890625,33449.62109375,2152417,1.0
2023-05-19 15:56:00-04:00,33449.5,33449.5,33435.62890625,33448.5703125,2077940,1.0
2023-05-19 15:57:00-04:00,33449.171875,33455.609375,33444.421875,33455.609375,2587544,1.0
2023-05-19 15:58:00-04:00,33454.828125,33460.1796875,33450.80859375,33459.51171875,2793592,1.0
2023-05-19 15:59:00-04:00,33458.9609375,33458.9609375,33424.51953125,33424.87890625,5186023,1.0
2023-05-22 09:30:00-04:00,33408.5390625,33419.01953125,33407.62109375,33412.21875,0,1.0
2023-05-22 09:31:00-04:00,33412.1796875,33426.30859375,33400.5,33415.12890625,2016366,1.0
2023-05-22 09:32:00-04:00,33413.828125,33413.828125,33403.3515625,33406.91015625,1400961,1.0
2023-05-22 09:33:00-04:00,33408.80078125,33446.12890625,33408.80078125,33446.12890625,1401541,1.0
2023-05-22 09:34:00-04:00,33444.83984375,33482.1796875,33444.83984375,33464.58984375,1291859,1.0
2023-05-22 09:35:00-04:00,33465.62890625,33483.58984375,33458.0703125,33476.23828125,1169959,1.0
2023-05-22 09:36:00-04:00,33476.1015625,33491.53125,33475.671875,33475.671875,1283264,1.0
2023-05-22 09:37:00-04:00,33475.62890625,33484.44140625,33471.8203125,33474.51953125,944296,1.0
2023-05-22 09:38:00-04:00,33473.1796875,33507.98046875,33467.9296875,33507.98046875,1243516,1.0
2023-05-22 09:39:00-04:00,33507.53125,33512.30078125,33493.83984375,33493.83984375,983499,1.0
2023-05-22 09:40:00-04:00,33493.91015625,33503.46875,33491.19921875,33493.58984375,914794,1.0
2023-05-22 09:41:00-04:00,33494.75,33509.578125,33490.328125,33493.1484375,1014560,1.0
2023-05-22 09:42:00-04:00,33492.46875,33495.44921875,33478.3984375,33481.78125,1058118,1.0
2023-05-22 09:43:00-04:00,33481.76953125,33481.76953125,33454.171875,33458.421875,929108,1.0
2023-05-22 09:44:00-04:00,33457.98828125,33457.98828125,33421.05078125,33421.0703125,781561,1.0
2023-05-22 09:45:00-04:00,33421.96875,33421.96875,33401.48046875,33408.421875,937087,1.0
2023-05-22 09:46:00-04:00,33408.94140625,33410.1796875,33385.359375,33389.1796875,987155,1.0
2023-05-22 09:47:00-04:00,33386.828125,33396.359375,33386.03125,33389.4296875,1375490,1.0
2023-05-22 09:48:00-04:00,33389.078125,33407.3203125,33386.3515625,33397.62109375,1003643,1.0
2023-05-22 09:49:00-04:00,33397.76953125,33404.7109375,33386.33984375,33389.80859375,997362,1.0
2023-05-22 09:50:00-04:00,33390.03125,33393.05078125,33378.2890625,33385.078125,944856,1.0
2023-05-22 09:51:00-04:00,33385.26953125,33393.62109375,33373.1484375,33375.21875,1092385,1.0
2023-05-22 09:52:00-04:00,33375.08984375,33381.2109375,33370.41015625,33376.6796875,771436,1.0
2023-05-22 09:53:00-04:00,33377.33984375,33382.87890625,33374.359375,33376.94921875,753481,1.0
2023-05-22 09:54:00-04:00,33378.87109375,33382.55859375,33361.5390625,33362.12109375,767391,1.0
2023-05-22 09:55:00-04:00,33361.91015625,33374.26171875,33360.16015625,33360.421875,932252,1.0
2023-05-22 09:56:00-04:00,33360.26171875,33361.55859375,33343.7890625,33343.7890625,1078606,1.0
2023-05-22 09:57:00-04:00,33344.37890625,33344.37890625,33306.62890625,33313.30859375,1113590,1.0
2023-05-22 09:58:00-04:00,33313.0703125,33325.3203125,33305.4609375,33325.3203125,986191,1.0
2023-05-22 09:59:00-04:00,33325.609375,33325.73828125,33311.1796875,33316.25,844301,1.0
2023-05-22 10:00:00-04:00,33315.58984375,33315.58984375,33297.26953125,33297.859375,1013229,1.0
2023-05-22 10:01:00-04:00,33297.78125,33310.87890625,33297.3203125,33308.80078125,805918,1.0
2023-05-22 10:02:00-04:00,33308.30859375,33311.9296875,33289.87109375,33290.16015625,906358,1.0
2023-05-22 10:03:00-04:00,33290.21875,33304.8203125,33289.1484375,33299.890625,824867,1.0
2023-05-22 10:04:00-04:00,33299.9296875,33301.73046875,33295.12109375,33299.73046875,858792,1.0
2023-05-22 10:05:00-04:00,33300.05078125,33311.44140625,33295.421875,33306.96875,678071,1.0
2023-05-22 10:06:00-04:00,33306.37890625,33306.37890625,33290.8984375,33297.66015625,731980,1.0
2023-05-22 10:07:00-04:00,33297.5703125,33297.5703125,33280.12109375,33280.21875,694401,1.0
2023-05-22 10:08:00-04:00,33277.6484375,33277.6484375,33222.80859375,33237.03125,1515258,1.0
2023-05-22 10:09:00-04:00,33234.83984375,33235.4296875,33207.8515625,33223.1484375,1157541,1.0
2023-05-22 10:10:00-04:00,33220.98828125,33295.94921875,33220.328125,33286.73828125,1629899,1.0
2023-05-22 10:11:00-04:00,33287.46875,33300.78125,33284.328125,33284.328125,877275,1.0
2023-05-22 10:12:00-04:00,33284.80078125,33309.21875,33284.80078125,33307.08984375,788027,1.0
2023-05-22 10:13:00-04:00,33306.78125,33330.1015625,33306.78125,33330.0703125,889955,1.0
2023-05-22 10:14:00-04:00,33330.08984375,33332.8515625,33319.140625,33327.7109375,716469,1.0
2023-05-22 10:15:00-04:00,33327.98046875,33329.48046875,33314.62109375,33328.23046875,711237,1.0
2023-05-22 10:16:00-04:00,33336.03125,33341.828125,33331.19921875,33336.12109375,780269,1.0
2023-05-22 10:17:00-04:00,33335.58984375,33335.58984375,33318.73828125,33328.37890625,700664,1.0
2023-05-22 10:18:00-04:00,33328.2109375,33329.2890625,33320.83984375,33325.44921875,499951,1.0
2023-05-22 10:19:00-04:00,33325.7109375,33342.87890625,33325.7109375,33336.5703125,626200,1.0
2023-05-22 10:20:00-04:00,33336.62890625,33338.390625,33331.171875,33333.0390625,696133,1.0
2023-05-22 10:21:00-04:00,33334.8515625,33341.3984375,33322.80078125,33330.890625,535051,1.0
2023-05-22 10:22:00-04:00,33331.2109375,33331.2109375,33320.44140625,33320.5703125,480851,1.0
2023-05-22 10:23:00-04:00,33320.109375,33326.44140625,33311.98046875,33326.19140625,600833,1.0
2023-05-22 10:24:00-04:00,33332.44921875,33345.140625,33330.12109375,33342.51171875,706082,1.0
2023-05-22 10:25:00-04:00,33342.26171875,33342.26171875,33318.171875,33338.51953125,972651,1.0
2023-05-22 10:26:00-04:00,33338.890625,33340.1015625,33334.51953125,33337.44140625,555461,1.0
2023-05-22 10:27:00-04:00,33337.25,33347.80078125,33337.25,33345.1015625,604770,1.0
2023-05-22 10:28:00-04:00,33344.828125,33352.28125,33342.1796875,33350.8515625,522997,1.0
2023-05-22 10:29:00-04:00,33351.078125,33355.3515625,33346.76953125,33347.30859375,507677,1.0
2023-05-22 10:30:00-04:00,33346.1796875,33357.53125,33339.578125,33339.578125,648660,1.0
2023-05-22 10:31:00-04:00,33338.609375,33347.8203125,33338.609375,33343.51953125,487912,1.0
2023-05-22 10:32:00-04:00,33343.578125,33350.25,33343.48046875,33346.8515625,586138,1.0
2023-05-22 10:33:00-04:00,33348.44921875,33349.71875,33336.87109375,33340.94140625,617740,1.0
2023-05-22 10:34:00-04:00,33340.8984375,33341.3515625,33333.37890625,33337.4296875,591700,1.0
2023-05-22 10:35:00-04:00,33342.23046875,33349.44921875,33335.5703125,33348.69140625,631222,1.0
2023-05-22 10:36:00-04:00,33348.578125,33348.859375,33341.5703125,33344.44921875,542770,1.0
2023-05-22 10:37:00-04:00,33345.62890625,33347.96875,33337.48046875,33337.48046875,649707,1.0
2023-05-22 10:38:00-04:00,33337.9609375,33344.8515625,33328.6484375,33344.26953125,689200,1.0
2023-05-22 10:39:00-04:00,33344.671875,33345.2109375,33332.76953125,33334.73046875,564401,1.0
2023-05-22 10:40:00-04:00,33335.6484375,33335.6484375,33316.140625,33319.53125,537291,1.0
2023-05-22 10:41:00-04:00,33320.03125,33328.55078125,33318.75,33322.21875,433476,1.0
2023-05-22 10:42:00-04:00,33321.859375,33324.01953125,33317.73046875,33321.51171875,572929,1.0
2023-05-22 10:43:00-04:00,33320.30859375,33322.5,33305.0,33310.3203125,646056,1.0
2023-05-22 10:44:00-04:00,33311.3515625,33311.3515625,33300.83984375,33302.1796875,508987,1.0
2023-05-22 10:45:00-04:00,33302.26953125,33309.640625,33289.609375,33289.609375,669269,1.0
2023-05-22 10:46:00-04:00,33289.3515625,33294.671875,33280.078125,33280.078125,509090,1.0
2023-05-22 10:47:00-04:00,33280.01953125,33282.7109375,33273.828125,33274.87109375,541594,1.0
2023-05-22 10:48:00-04:00,33275.71875,33289.26953125,33275.71875,33282.33984375,707023,1.0
2023-05-22 10:49:00-04:00,33282.6015625,33286.0390625,33280.83984375,33284.390625,464537,1.0
2023-05-22 10:50:00-04:00,33283.55859375,33298.140625,33279.2109375,33297.98828125,539641,1.0
2023-05-22 10:51:00-04:00,33297.80859375,33298.1015625,33284.01953125,33284.94921875,459887,1.0
2023-05-22 10:52:00-04:00,33284.671875,33287.0703125,33279.98828125,33286.1015625,663100,1.0
2023-05-22 10:53:00-04:00,33286.53125,33289.01953125,33285.671875,33287.5703125,536996,1.0
2023-05-22 10:54:00-04:00,33288.55078125,33290.08984375,33285.73046875,33288.1796875,627006,1.0
2023-05-22 10:55:00-04:00,33288.19921875,33290.171875,33279.3203125,33281.37109375,550058,1.0
2023-05-22 10:56:00-04:00,33281.44140625,33283.01953125,33263.48046875,33263.75,665278,1.0
2023-05-22 10:57:00-04:00,33263.6484375,33265.03125,33253.37109375,33265.03125,749110,1.0
2023-05-22 10:58:00-04:00,33265.390625,33286.55859375,33265.19921875,33282.28125,750847,1.0
2023-05-22 10:59:00-04:00,33281.75,33305.25,33277.6796875,33305.25,837747,1.0
2023-05-22 11:00:00-04:00,33307.94921875,33323.98828125,33307.94921875,33323.58984375,1199932,1.0
2023-05-22 11:01:00-04:00,33324.28125,33324.28125,33310.76953125,33315.8515625,578551,1.0
2023-05-22 11:02:00-04:00,33315.30859375,33331.01953125,33314.96875,33328.3515625,665679,1.0
2023-05-22 11:03:00-04:00,33327.73828125,33333.4609375,33325.7109375,33333.390625,495619,1.0
2023-05-22 11:04:00-04:00,33333.6484375,33338.76171875,33332.46875,33333.1484375,536041,1.0
2023-05-22 11:05:00-04:00,33332.6484375,33346.0,33331.44921875,33344.44921875,538992,1.0
2023-05-22 11:06:00-04:00,33344.578125,33348.12890625,33344.48046875,33345.609375,130503,1.0
2023-05-22 11:07:00-04:00,33358.26953125,33358.26953125,33355.62890625,33357.16015625,847990,1.0
2023-05-22 11:08:00-04:00,33357.28125,33368.01171875,33355.921875,33363.55859375,506979,1.0
2023-05-22 11:09:00-04:00,33363.6484375,33366.5703125,33350.828125,33351.62109375,422654,1.0
2023-05-22 11:10:00-04:00,33351.73828125,33352.58984375,33343.6796875,33351.421875,484909,1.0
2023-05-22 11:11:00-04:00,33351.87890625,33352.69921875,33341.3515625,33344.48046875,806134,1.0
2023-05-22 11:12:00-04:00,33343.4609375,33347.73046875,33342.26953125,33342.9609375,410513,1.0
2023-05-22 11:13:00-04:00,33343.0703125,33344.28125,33337.87890625,33344.28125,341637,1.0
2023-05-22 11:14:00-04:00,33344.30859375,33345.5,33338.26953125,33339.71875,323018,1.0
2023-05-22 11:15:00-04:00,33339.4609375,33359.6796875,33338.37890625,33357.23828125,758598,1.0
2023-05-22 11:16:00-04:00,33356.921875,33357.37109375,33350.94921875,33355.12890625,895967,1.0
2023-05-22 11:17:00-04:00,33354.75,33355.21875,33346.23046875,33346.23046875,453922,1.0
2023-05-22 11:18:00-04:00,33346.25,33349.55859375,33339.76171875,33349.19921875,570001,1.0
2023-05-22 11:19:00-04:00,33349.51171875,33351.3515625,33345.83984375,33350.7890625,404040,1.0
2023-05-22 11:20:00-04:00,33350.3515625,33352.6015625,33346.3203125,33348.109375,466270,1.0
2023-05-22 11:21:00-04:00,33347.75,33354.37109375,33346.44140625,33346.44140625,380027,1.0
2023-05-22 11:22:00-04:00,33346.62109375,33346.62109375,33337.69140625,33345.03125,386725,1.0
2023-05-22 11:23:00-04:00,33344.98046875,33345.94921875,33341.0,33342.109375,551920,1.0
2023-05-22 11:24:00-04:00,33341.51953125,33351.80859375,33341.3203125,33350.96875,493248,1.0
2023-05-22 11:25:00-04:00,33350.87890625,33352.48046875,33347.08984375,33352.48046875,520955,1.0
2023-05-22 11:26:00-04:00,33352.62890625,33354.73046875,33346.62890625,33346.62890625,587956,1.0
2023-05-22 11:27:00-04:00,33346.12890625,33348.6796875,33342.51171875,33347.80859375,526842,1.0
2023-05-22 11:28:00-04:00,33347.640625,33353.578125,33346.75,33352.1796875,413491,1.0
2023-05-22 11:29:00-04:00,33352.33984375,33358.48046875,33351.30859375,33356.12109375,509837,1.0
2023-05-22 11:30:00-04:00,33356.55859375,33359.37890625,33350.30859375,33359.37890625,491343,1.0
2023-05-22 11:31:00-04:00,33359.30859375,33368.44140625,33356.5703125,33359.140625,602494,1.0
2023-05-22 11:32:00-04:00,33359.48828125,33359.48828125,33353.55078125,33356.05078125,472861,1.0
2023-05-22 11:33:00-04:00,33355.80859375,33368.6484375,33354.78125,33366.3984375,410422,1.0
2023-05-22 11:34:00-04:00,33367.87109375,33367.98046875,33357.73046875,33362.23046875,509503,1.0
2023-05-22 11:35:00-04:00,33362.3515625,33363.58984375,33357.26171875,33363.5390625,439838,1.0
2023-05-22 11:36:00-04:00,33363.328125,33365.3984375,33357.03125,33358.4609375,387716,1.0
2023-05-22 11:37:00-04:00,33358.12109375,33363.3203125,33353.37890625,33363.3203125,450480,1.0
2023-05-22 11:38:00-04:00,33364.30859375,33366.390625,33355.8203125,33356.3203125,354003,1.0
2023-05-22 11:39:00-04:00,33355.98828125,33356.5390625,33346.23046875,33352.640625,437408,1.0
2023-05-22 11:40:00-04:00,33352.37109375,33352.37109375,33344.55078125,33344.91015625,342199,1.0
2023-05-22 11:41:00-04:00,33345.26953125,33345.26953125,33338.55078125,33339.8203125,436619,1.0
2023-05-22 11:42:00-04:00,33341.91015625,33347.609375,33339.12890625,33347.609375,404873,1.0
2023-05-22 11:43:00-04:00,33348.109375,33349.37890625,33341.390625,33343.08984375,3342855,1.0
2023-05-22 11:44:00-04:00,33342.921875,33345.4296875,33339.48828125,33339.73828125,394319,1.0
2023-05-22 11:45:00-04:00,33339.12890625,33339.12890625,33326.0703125,33329.6796875,404495,1.0
2023-05-22 11:46:00-04:00,33329.5390625,33329.828125,33321.41015625,33323.578125,431480,1.0
2023-05-22 11:47:00-04:00,33323.609375,33333.55078125,33322.7890625,33329.6015625,377228,1.0
2023-05-22 11:48:00-04:00,33328.76953125,33328.76953125,33319.9296875,33324.1796875,286788,1.0
2023-05-22 11:49:00-04:00,33324.26171875,33330.71875,33323.6484375,33329.2890625,322274,1.0
2023-05-22 11:50:00-04:00,33329.4296875,33342.69140625,33328.19140625,33342.69140625,504382,1.0
2023-05-22 11:51:00-04:00,33342.48828125,33353.3984375,33342.0,33350.51953125,381744,1.0
2023-05-22 11:52:00-04:00,33349.33984375,33353.640625,33348.51171875,33353.23828125,319394,1.0
2023-05-22 11:53:00-04:00,33353.0703125,33358.6484375,33353.0703125,33356.55078125,473812,1.0
2023-05-22 11:54:00-04:00,33357.0,33359.6015625,33353.87109375,33359.5703125,350982,1.0
2023-05-22 11:55:00-04:00,33360.48046875,33384.640625,33360.48046875,33383.48828125,473114,1.0
2023-05-22 11:56:00-04:00,33383.73046875,33387.69140625,33378.48828125,33381.48828125,382734,1.0
2023-05-22 11:57:00-04:00,33380.7890625,33381.58984375,33375.62890625,33376.0703125,348930,1.0
2023-05-22 11:58:00-04:00,33374.3984375,33374.3984375,33366.87890625,33367.94921875,275701,1.0
2023-05-22 11:59:00-04:00,33367.91015625,33367.91015625,33358.91015625,33364.828125,340223,1.0
2023-05-22 12:00:00-04:00,33364.01953125,33370.359375,33363.69921875,33370.359375,400874,1.0
2023-05-22 12:01:00-04:00,33370.76171875,33375.37109375,33366.6015625,33374.01953125,508945,1.0
2023-05-22 12:02:00-04:00,33374.01953125,33376.171875,33371.9609375,33376.171875,428732,1.0
2023-05-22 12:03:00-04:00,33374.30078125,33376.80078125,33369.73046875,33374.109375,388088,1.0
2023-05-22 12:04:00-04:00,33373.78125,33374.26953125,33368.9296875,33369.578125,278679,1.0
2023-05-22 12:05:00-04:00,33369.48046875,33369.48046875,33358.58984375,33360.94140625,356909,1.0
2023-05-22 12:06:00-04:00,33360.96875,33363.8515625,33358.76953125,33359.1015625,312845,1.0
2023-05-22 12:07:00-04:00,33358.859375,33358.859375,33351.0,33352.78125,528247,1.0
2023-05-22 12:08:00-04:00,33353.8515625,33353.8515625,33348.578125,33348.578125,396029,1.0
2023-05-22 12:09:00-04:00,33348.23046875,33355.37890625,33348.23046875,33353.7109375,389957,1.0
2023-05-22 12:10:00-04:00,33353.62109375,33357.69921875,33347.96875,33357.3984375,420239,1.0
2023-05-22 12:11:00-04:00,33357.4609375,33362.1796875,33355.44921875,33355.44921875,337407,1.0
2023-05-22 12:12:00-04:00,33355.51953125,33355.51953125,33346.03125,33346.328125,305897,1.0
2023-05-22 12:13:00-04:00,33345.98046875,33351.62109375,33345.03125,33351.53125,298361,1.0
2023-05-22 12:14:00-04:00,33351.5703125,33353.140625,33345.2890625,33347.328125,349950,1.0
2023-05-22 12:15:00-04:00,33347.6015625,33348.62109375,33337.25,33337.25,488186,1.0
2023-05-22 12:16:00-04:00,33337.05078125,33337.05078125,33330.078125,33331.66015625,526075,1.0
2023-05-22 12:17:00-04:00,33331.69140625,33336.80078125,33329.19921875,33335.8515625,331309,1.0
2023-05-22 12:18:00-04:00,33335.75,33335.75,33328.01171875,33330.0390625,276105,1.0
2023-05-22 12:19:00-04:00,33330.75,33338.12890625,33329.9296875,33336.25,285059,1.0
2023-05-22 12:20:00-04:00,33336.19140625,33336.2890625,33327.41015625,33327.55859375,298762,1.0
2023-05-22 12:21:00-04:00,33327.62890625,33335.21875,33327.62109375,33333.671875,349517,1.0
2023-05-22 12:22:00-04:00,33332.75,33332.75,33326.08984375,33330.0703125,301980,1.0
2023-05-22 12:23:00-04:00,33330.3203125,33332.609375,33316.94140625,33316.94140625,278516,1.0
2023-05-22 12:24:00-04:00,33316.578125,33316.75,33296.109375,33305.30078125,425489,1.0
2023-05-22 12:25:00-04:00,33305.328125,33309.91015625,33301.328125,33309.87109375,308176,1.0
2023-05-22 12:26:00-04:00,33310.6015625,33313.9609375,33309.94140625,33312.73828125,322072,1.0
2023-05-22 12:27:00-04:00,33311.98828125,33321.421875,33311.98828125,33321.30078125,334889,1.0
2023-05-22 12:28:00-04:00,33321.58984375,33323.83984375,33318.578125,33319.28125,283725,1.0
2023-05-22 12:29:00-04:00,33319.23828125,33319.23828125,33306.55078125,33308.578125,453476,1.0
2023-05-22 12:30:00-04:00,33309.08984375,33323.859375,33307.41015625,33323.828125,467078,1.0
2023-05-22 12:31:00-04:00,33324.26953125,33325.08984375,33320.58984375,33323.01171875,336704,1.0
2023-05-22 12:32:00-04:00,33323.48046875,33323.48046875,33312.609375,33312.9296875,382977,1.0
2023-05-22 12:33:00-04:00,33312.6015625,33319.8515625,33312.5390625,33313.078125,273423,1.0
2023-05-22 12:34:00-04:00,33313.21875,33317.109375,33311.8515625,33316.1015625,420293,1.0
2023-05-22 12:35:00-04:00,33316.03125,33324.01953125,33315.859375,33322.828125,307492,1.0
2023-05-22 12:36:00-04:00,33322.76171875,33323.3203125,33316.4609375,33317.21875,353673,1.0
2023-05-22 12:37:00-04:00,33316.98828125,33322.75,33316.80859375,33318.48828125,280790,1.0
2023-05-22 12:38:00-04:00,33318.421875,33324.5,33317.98828125,33321.6484375,379395,1.0
2023-05-22 12:39:00-04:00,33321.7109375,33321.7109375,33309.26953125,33310.0703125,381269,1.0
2023-05-22 12:40:00-04:00,33310.21875,33310.21875,33306.23828125,33308.73828125,270657,1.0
2023-05-22 12:41:00-04:00,33308.7109375,33309.0703125,33304.6796875,33306.30078125,276566,1.0
2023-05-22 12:42:00-04:00,33307.1484375,33308.62109375,33305.171875,33305.9609375,336317,1.0
2023-05-22 12:43:00-04:00,33306.1484375,33312.58984375,33305.7109375,33308.44140625,374191,1.0
2023-05-22 12:44:00-04:00,33308.91015625,33309.73828125,33302.6015625,33303.83984375,239342,1.0
2023-05-22 12:45:00-04:00,33303.94140625,33306.1484375,33298.9609375,33304.98046875,505405,1.0
2023-05-22 12:46:00-04:00,33305.1015625,33305.1015625,33300.23046875,33302.421875,224867,1.0
2023-05-22 12:47:00-04:00,33302.83984375,33302.83984375,33294.98046875,33295.83984375,388365,1.0
2023-05-22 12:48:00-04:00,33296.03125,33307.8515625,33295.71875,33307.76171875,398888,1.0
2023-05-22 12:49:00-04:00,33307.5390625,33307.62109375,33293.4296875,33293.828125,1074373,1.0
2023-05-22 12:50:00-04:00,33293.94921875,33297.671875,33292.1484375,33296.6484375,293887,1.0
2023-05-22 12:51:00-04:00,33296.91015625,33299.80859375,33294.19921875,33296.80078125,300231,1.0
2023-05-22 12:52:00-04:00,33296.5,33300.58984375,33294.19921875,33300.08984375,350807,1.0
2023-05-22 12:53:00-04:00,33300.3515625,33308.8984375,33300.26953125,33307.140625,279348,1.0
2023-05-22 12:54:00-04:00,33306.578125,33306.71875,33301.21875,33304.94921875,355868,1.0
2023-05-22 12:55:00-04:00,33304.41015625,33310.55859375,33302.328125,33308.5703125,363071,1.0
2023-05-22 12:56:00-04:00,33308.53125,33308.53125,33302.6796875,33304.51171875,231839,1.0
2023-05-22 12:57:00-04:00,33303.94921875,33307.671875,33303.390625,33305.73828125,258720,1.0
2023-05-22 12:58:00-04:00,33306.08984375,33314.421875,33305.2890625,33308.6484375,365466,1.0
2023-05-22 12:59:00-04:00,33308.73046875,33314.58984375,33308.3984375,33314.21875,411077,1.0
2023-05-22 13:00:00-04:00,33314.2890625,33332.390625,33312.6484375,33329.44921875,789297,1.0
2023-05-22 13:01:00-04:00,33329.44140625,33329.51953125,33325.78125,33326.62890625,270098,1.0
2023-05-22 13:02:00-04:00,33326.62890625,33326.62890625,33320.48046875,33324.390625,345069,1.0
2023-05-22 13:03:00-04:00,33323.80078125,33328.69140625,33321.98828125,33328.6015625,361394,1.0
2023-05-22 13:04:00-04:00,33328.5703125,33331.23046875,33326.66015625,33326.66015625,452748,1.0
2023-05-22 13:05:00-04:00,33326.4609375,33326.9609375,33321.390625,33322.01953125,267158,1.0
2023-05-22 13:06:00-04:00,33322.19921875,33322.19921875,33313.0390625,33320.1796875,396975,1.0
2023-05-22 13:07:00-04:00,33320.19140625,33339.9609375,33320.01953125,33336.859375,351362,1.0
2023-05-22 13:08:00-04:00,33337.3515625,33337.9296875,33328.9296875,33329.2890625,232573,1.0
2023-05-22 13:09:00-04:00,33329.69921875,33330.0390625,33323.69921875,33324.44140625,290854,1.0
2023-05-22 13:10:00-04:00,33325.05859375,33338.62109375,33325.05859375,33338.05078125,357063,1.0
2023-05-22 13:11:00-04:00,33338.30859375,33338.30859375,33330.05859375,33331.87109375,245725,1.0
2023-05-22 13:12:00-04:00,33331.609375,33332.328125,33329.83984375,33329.83984375,305317,1.0
2023-05-22 13:13:00-04:00,33330.23046875,33330.23046875,33324.609375,33324.80078125,251612,1.0
2023-05-22 13:14:00-04:00,33325.03125,33325.03125,33272.7890625,33283.23046875,1801805,1.0
2023-05-22 13:15:00-04:00,33283.421875,33283.421875,33263.12890625,33263.5390625,662945,1.0
2023-05-22 13:16:00-04:00,33264.3984375,33283.87109375,33264.3984375,33283.87109375,384406,1.0
2023-05-22 13:17:00-04:00,33285.2109375,33301.66015625,33281.98046875,33301.66015625,429452,1.0
2023-05-22 13:18:00-04:00,33301.671875,33306.25,33301.671875,33305.1484375,280283,1.0
2023-05-22 13:19:00-04:00,33305.3515625,33314.359375,33305.3515625,33314.3203125,339245,1.0
2023-05-22 13:20:00-04:00,33314.25,33324.58984375,33313.76953125,33322.3203125,361354,1.0
2023-05-22 13:21:00-04:00,33322.19921875,33322.328125,33314.6015625,33319.6484375,248601,1.0
2023-05-22 13:22:00-04:00,33319.66015625,33336.73828125,33319.66015625,33330.03125,374617,1.0
2023-05-22 13:23:00-04:00,33329.76953125,33337.5703125,33327.87109375,33334.8984375,378935,1.0
2023-05-22 13:24:00-04:00,33334.859375,33335.73828125,33333.98046875,33333.98046875,300020,1.0
2023-05-22 13:25:00-04:00,33334.69140625,33334.69140625,33329.01171875,33329.25,349214,1.0
2023-05-22 13:26:00-04:00,33329.25,33331.9296875,33320.4609375,33323.01171875,262094,1.0
2023-05-22 13:27:00-04:00,33323.41015625,33329.98046875,33321.578125,33329.98046875,369681,1.0
2023-05-22 13:28:00-04:00,33331.2890625,33331.2890625,33326.421875,33327.75,271342,1.0
2023-05-22 13:29:00-04:00,33327.75,33328.23828125,33322.66015625,33322.66015625,329885,1.0
2023-05-22 13:30:00-04:00,33322.5390625,33325.55078125,33317.94921875,33325.51171875,456603,1.0
2023-05-22 13:31:00-04:00,33325.55859375,33329.8515625,33324.19140625,33325.171875,487884,1.0
2023-05-22 13:32:00-04:00,33325.08984375,33327.4296875,33321.859375,33327.421875,364494,1.0
2023-05-22 13:33:00-04:00,33328.26953125,33328.26953125,33320.7109375,33321.5703125,399044,1.0
2023-05-22 13:34:00-04:00,33320.91015625,33324.73828125,33320.19921875,33323.05859375,443721,1.0
2023-05-22 13:35:00-04:00,33324.41015625,33325.05078125,33321.609375,33321.83984375,403221,1.0
2023-05-22 13:36:00-04:00,33321.94140625,33328.5390625,33319.640625,33328.37890625,298198,1.0
2023-05-22 13:37:00-04:00,33328.609375,33330.58984375,33326.2890625,33330.1015625,230049,1.0
2023-05-22 13:38:00-04:00,33330.078125,33331.5703125,33325.94140625,33327.2890625,260207,1.0
2023-05-22 13:39:00-04:00,33327.26953125,33328.21875,33324.94921875,33325.3515625,332186,1.0
2023-05-22 13:40:00-04:00,33325.3203125,33330.8203125,33323.94921875,33329.1484375,329135,1.0
2023-05-22 13:41:00-04:00,33329.0390625,33329.0390625,33319.23828125,33319.55078125,293252,1.0
2023-05-22 13:42:00-04:00,33319.359375,33322.91015625,33317.73046875,33321.7109375,385440,1.0
2023-05-22 13:43:00-04:00,33322.08984375,33326.01953125,33320.1484375,33320.1484375,560566,1.0
2023-05-22 13:44:00-04:00,33320.08984375,33320.08984375,33315.78125,33318.921875,295566,1.0
2023-05-22 13:45:00-04:00,33319.16015625,33327.62890625,33319.16015625,33324.62890625,417446,1.0
2023-05-22 13:46:00-04:00,33324.73046875,33324.73046875,33319.55078125,33323.51953125,307699,1.0
2023-05-22 13:47:00-04:00,33323.4609375,33326.26171875,33323.4296875,33325.25,266202,1.0
2023-05-22 13:48:00-04:00,33325.2890625,33325.55859375,33318.66015625,33320.109375,344144,1.0
2023-05-22 13:49:00-04:00,33320.26953125,33325.3515625,33319.91015625,33323.48046875,418075,1.0
2023-05-22 13:50:00-04:00,33323.26953125,33327.58984375,33320.140625,33327.5,345502,1.0
2023-05-22 13:51:00-04:00,33327.73046875,33327.73046875,33319.08984375,33319.578125,314926,1.0
2023-05-22 13:52:00-04:00,33319.5703125,33320.640625,33315.3203125,33320.5703125,287758,1.0
2023-05-22 13:53:00-04:00,33320.171875,33321.3203125,33315.859375,33316.05078125,307238,1.0
2023-05-22 13:54:00-04:00,33316.3984375,33319.26171875,33314.66015625,33317.3515625,272169,1.0
2023-05-22 13:55:00-04:00,33317.0390625,33317.53125,33312.23046875,33316.25,318612,1.0
2023-05-22 13:56:00-04:00,33316.19921875,33332.91015625,33315.66015625,33332.78125,417267,1.0
2023-05-22 13:57:00-04:00,33332.75,33333.4609375,33325.171875,33325.19921875,310595,1.0
2023-05-22 13:58:00-04:00,33324.640625,33326.19921875,33316.66015625,33323.7109375,446868,1.0
2023-05-22 13:59:00-04:00,33323.6796875,33326.08984375,33318.16015625,33318.30859375,231143,1.0
2023-05-22 14:00:00-04:00,33317.55078125,33319.828125,33315.87890625,33319.73046875,316367,1.0
2023-05-22 14:01:00-04:00,33320.1484375,33320.16015625,33316.6015625,33318.6796875,424076,1.0
2023-05-22 14:02:00-04:00,33319.0,33322.25,33316.51953125,33318.3984375,332112,1.0
2023-05-22 14:03:00-04:00,33318.609375,33321.51953125,33318.37890625,33321.12890625,276936,1.0
2023-05-22 14:04:00-04:00,33320.94921875,33323.328125,33320.1484375,33323.328125,277699,1.0
2023-05-22 14:05:00-04:00,33322.8515625,33323.03125,33315.83984375,33321.05078125,369262,1.0
2023-05-22 14:06:00-04:00,33320.98046875,33321.76953125,33320.19921875,33320.87109375,221032,1.0
2023-05-22 14:07:00-04:00,33320.76953125,33325.359375,33319.9296875,33325.19921875,312577,1.0
2023-05-22 14:08:00-04:00,33325.328125,33326.12109375,33322.73046875,33324.671875,274199,1.0
2023-05-22 14:09:00-04:00,33324.44140625,33329.96875,33323.08984375,33329.80859375,276744,1.0
2023-05-22 14:10:00-04:00,33330.5,33330.94921875,33323.671875,33323.7890625,307171,1.0
2023-05-22 14:11:00-04:00,33323.51953125,33325.73046875,33321.08984375,33325.73046875,288716,1.0
2023-05-22 14:12:00-04:00,33325.890625,33326.3203125,33317.0390625,33318.9296875,301881,1.0
2023-05-22 14:13:00-04:00,33318.73046875,33322.0,33314.71875,33315.48046875,437725,1.0
2023-05-22 14:14:00-04:00,33315.3203125,33319.26953125,33314.75,33316.69140625,300039,1.0
2023-05-22 14:15:00-04:00,33317.05859375,33321.58984375,33315.828125,33320.69921875,322265,1.0
2023-05-22 14:16:00-04:00,33320.87890625,33332.73828125,33319.44140625,33331.26953125,378922,1.0
2023-05-22 14:17:00-04:00,33330.421875,33331.5390625,33329.1484375,33330.48046875,300155,1.0
2023-05-22 14:18:00-04:00,33330.48046875,33343.390625,33330.48046875,33339.94140625,418568,1.0
2023-05-22 14:19:00-04:00,33340.03125,33341.37890625,33338.62890625,33339.671875,585622,1.0
2023-05-22 14:20:00-04:00,33339.53125,33340.98828125,33338.171875,33340.44921875,249008,1.0
2023-05-22 14:21:00-04:00,33341.51171875,33345.44140625,33341.1796875,33343.19140625,307089,1.0
2023-05-22 14:22:00-04:00,33342.9296875,33343.73046875,33339.2109375,33341.7109375,322699,1.0
2023-05-22 14:23:00-04:00,33341.578125,33344.44921875,33341.578125,33342.171875,242199,1.0
2023-05-22 14:24:00-04:00,33341.87109375,33343.08984375,33329.62890625,33329.62890625,316480,1.0
2023-05-22 14:25:00-04:00,33329.48828125,33335.1484375,33327.87109375,33334.55078125,319246,1.0
2023-05-22 14:26:00-04:00,33334.75,33345.3984375,33334.75,33345.01953125,346254,1.0
2023-05-22 14:27:00-04:00,33344.87109375,33349.26171875,33344.80859375,33348.9609375,296323,1.0
2023-05-22 14:28:00-04:00,33348.8515625,33354.01953125,33346.26171875,33354.01953125,392651,1.0
2023-05-22 14:29:00-04:00,33353.828125,33357.01953125,33353.6015625,33354.8515625,310381,1.0
2023-05-22 14:30:00-04:00,33354.7890625,33355.37109375,33352.328125,33355.26953125,408587,1.0
2023-05-22 14:31:00-04:00,33355.390625,33356.73828125,33354.359375,33356.0703125,244196,1.0
2023-05-22 14:32:00-04:00,33356.16015625,33357.66015625,33355.71875,33356.69140625,271859,1.0
2023-05-22 14:33:00-04:00,33356.8203125,33359.51953125,33356.8203125,33358.26171875,283742,1.0
2023-05-22 14:34:00-04:00,33359.73046875,33363.28125,33358.41015625,33358.41015625,370862,1.0
2023-05-22 14:35:00-04:00,33358.30859375,33358.30859375,33348.21875,33348.21875,325155,1.0
2023-05-22 14:36:00-04:00,33347.921875,33350.28125,33344.109375,33349.5390625,532619,1.0
2023-05-22 14:37:00-04:00,33349.62890625,33349.62890625,33345.80078125,33346.55078125,348883,1.0
2023-05-22 14:38:00-04:00,33346.4296875,33350.0390625,33346.3984375,33350.01171875,284716,1.0
2023-05-22 14:39:00-04:00,33350.1796875,33350.921875,33343.19140625,33344.76171875,265702,1.0
2023-05-22 14:40:00-04:00,33344.7890625,33346.7109375,33343.8515625,33344.80859375,302276,1.0
2023-05-22 14:41:00-04:00,33344.66015625,33345.828125,33341.28125,33344.140625,303096,1.0
2023-05-22 14:42:00-04:00,33344.671875,33349.48046875,33341.5703125,33345.26953125,419586,1.0
2023-05-22 14:43:00-04:00,33345.28125,33346.44140625,33342.83984375,33346.2890625,271842,1.0
2023-05-22 14:44:00-04:00,33346.21875,33359.0390625,33345.98828125,33357.51953125,561618,1.0
2023-05-22 14:45:00-04:00,33357.71875,33358.44921875,33353.3984375,33354.01171875,373660,1.0
2023-05-22 14:46:00-04:00,33353.9296875,33355.37890625,33352.390625,33353.76171875,376832,1.0
2023-05-22 14:47:00-04:00,33354.58984375,33358.83984375,33354.58984375,33358.5,351639,1.0
2023-05-22 14:48:00-04:00,33358.171875,33362.0703125,33357.26171875,33361.5,458103,1.0
2023-05-22 14:49:00-04:00,33361.671875,33362.76171875,33358.51953125,33362.3984375,412990,1.0
2023-05-22 14:50:00-04:00,33362.87109375,33379.76953125,33362.73828125,33378.91015625,657718,1.0
2023-05-22 14:51:00-04:00,33378.76953125,33390.19140625,33378.51171875,33385.83984375,544206,1.0
2023-05-22 14:52:00-04:00,33385.76171875,33389.3203125,33384.69921875,33385.33984375,391282,1.0
2023-05-22 14:53:00-04:00,33384.73828125,33384.73828125,33375.30859375,33375.859375,403665,1.0
2023-05-22 14:54:00-04:00,33375.1015625,33377.0,33368.69921875,33369.4296875,373452,1.0
2023-05-22 14:55:00-04:00,33369.828125,33369.828125,33338.1484375,33339.0390625,581879,1.0
2023-05-22 14:56:00-04:00,33338.3984375,33343.390625,33337.328125,33343.26953125,356299,1.0
2023-05-22 14:57:00-04:00,33343.33984375,33350.1484375,33343.33984375,33346.25,343247,1.0
2023-05-22 14:58:00-04:00,33346.3515625,33355.26171875,33346.3515625,33353.73046875,497590,1.0
2023-05-22 14:59:00-04:00,33354.08984375,33360.16015625,33353.5390625,33358.80078125,370251,1.0
2023-05-22 15:00:00-04:00,33358.51953125,33371.48828125,33357.140625,33371.48828125,529044,1.0
2023-05-22 15:01:00-04:00,33372.05859375,33372.609375,33365.0703125,33366.37890625,345548,1.0
2023-05-22 15:02:00-04:00,33366.23046875,33367.12109375,33362.3203125,33366.4296875,303371,1.0
2023-05-22 15:03:00-04:00,33366.4296875,33368.2890625,33361.33984375,33362.078125,386340,1.0
2023-05-22 15:04:00-04:00,33363.01953125,33363.01953125,33353.37109375,33355.26171875,397286,1.0
2023-05-22 15:05:00-04:00,33355.12109375,33360.55078125,33354.46875,33359.94140625,401960,1.0
2023-05-22 15:06:00-04:00,33359.8515625,33360.609375,33354.37890625,33358.01953125,372202,1.0
2023-05-22 15:07:00-04:00,33357.890625,33357.890625,33352.76171875,33352.80859375,350916,1.0
2023-05-22 15:08:00-04:00,33352.80859375,33352.94140625,33344.4609375,33350.37109375,493748,1.0
2023-05-22 15:09:00-04:00,33350.19921875,33350.19921875,33346.0,33347.7109375,290967,1.0
2023-05-22 15:10:00-04:00,33347.609375,33347.609375,33337.94921875,33338.6015625,535808,1.0
2023-05-22 15:11:00-04:00,33338.53125,33345.76171875,33338.4296875,33345.76171875,529629,1.0
2023-05-22 15:12:00-04:00,33345.87890625,33352.48046875,33345.8515625,33349.328125,1003341,1.0
2023-05-22 15:13:00-04:00,33349.3984375,33350.26171875,33347.578125,33348.171875,357682,1.0
2023-05-22 15:14:00-04:00,33348.28125,33348.30078125,33344.01171875,33345.078125,510859,1.0
2023-05-22 15:15:00-04:00,33345.19140625,33345.328125,33333.9296875,33340.1796875,603274,1.0
2023-05-22 15:16:00-04:00,33339.69140625,33344.19921875,33339.3515625,33342.109375,375784,1.0
2023-05-22 15:17:00-04:00,33342.23046875,33346.48046875,33340.98046875,33344.51953125,408321,1.0
2023-05-22 15:18:00-04:00,33344.69921875,33351.1796875,33344.05078125,33350.0,460059,1.0
2023-05-22 15:19:00-04:00,33350.19140625,33358.140625,33349.8203125,33353.75,483276,1.0
2023-05-22 15:20:00-04:00,33353.75,33354.21875,33346.55859375,33346.8984375,383086,1.0
2023-05-22 15:21:00-04:00,33346.87109375,33346.87109375,33340.19921875,33343.44921875,514433,1.0
2023-05-22 15:22:00-04:00,33343.3984375,33343.7109375,33338.6484375,33338.83984375,414633,1.0
2023-05-22 15:23:00-04:00,33338.75,33338.75,33328.3984375,33330.41015625,567608,1.0
2023-05-22 15:24:00-04:00,33330.3984375,33330.3984375,33325.8515625,33326.78125,490295,1.0
2023-05-22 15:25:00-04:00,33326.98046875,33328.37890625,33321.12890625,33321.12890625,572419,1.0
2023-05-22 15:26:00-04:00,33321.0703125,33321.0703125,33299.4296875,33299.44140625,725885,1.0
2023-05-22 15:27:00-04:00,33299.7890625,33310.25,33296.9296875,33309.21875,554204,1.0
2023-05-22 15:28:00-04:00,33309.19140625,33314.8515625,33309.05859375,33311.75,475751,1.0
2023-05-22 15:29:00-04:00,33311.6484375,33316.671875,33308.03125,33315.4296875,486409,1.0
2023-05-22 15:30:00-04:00,33315.5390625,33316.8203125,33310.44921875,33310.69140625,598963,1.0
2023-05-22 15:31:00-04:00,33310.6015625,33316.640625,33309.390625,33313.55078125,702849,1.0
2023-05-22 15:32:00-04:00,33314.0,33317.1484375,33308.921875,33309.609375,458749,1.0
2023-05-22 15:33:00-04:00,33309.8515625,33309.8515625,33303.69140625,33305.80859375,628781,1.0
2023-05-22 15:34:00-04:00,33305.73828125,33313.26171875,33305.1484375,33308.1015625,585067,1.0
2023-05-22 15:35:00-04:00,33308.16015625,33308.16015625,33303.01953125,33303.76171875,564385,1.0
2023-05-22 15:36:00-04:00,33304.26171875,33305.51171875,33300.671875,33304.05859375,631553,1.0
2023-05-22 15:37:00-04:00,33303.828125,33304.2890625,33290.33984375,33291.12109375,657818,1.0
2023-05-22 15:38:00-04:00,33291.03125,33302.1484375,33290.96875,33301.69140625,876972,1.0
2023-05-22 15:39:00-04:00,33301.3515625,33302.8203125,33294.91015625,33300.03125,693037,1.0
2023-05-22 15:40:00-04:00,33299.37109375,33305.76171875,33296.83984375,33304.01171875,731665,1.0
2023-05-22 15:41:00-04:00,33303.80859375,33304.890625,33297.62890625,33299.6484375,681208,1.0
2023-05-22 15:42:00-04:00,33299.16015625,33301.66015625,33296.08984375,33299.83984375,588650,1.0
2023-05-22 15:43:00-04:00,33299.66015625,33299.9609375,33289.109375,33289.4296875,631093,1.0
2023-05-22 15:44:00-04:00,33289.28125,33296.109375,33285.69140625,33295.6796875,797645,1.0
2023-05-22 15:45:00-04:00,33296.21875,33313.359375,33294.76171875,33313.359375,1064592,1.0
2023-05-22 15:46:00-04:00,33314.26953125,33315.1796875,33307.12109375,33313.37109375,1043870,1.0
2023-05-22 15:47:00-04:00,33313.4609375,33313.4609375,33305.25,33312.1484375,820195,1.0
2023-05-22 15:48:00-04:00,33311.98046875,33311.98046875,33296.5390625,33296.859375,751114,1.0
2023-05-22 15:49:00-04:00,33296.6484375,33296.6484375,33283.46875,33283.46875,739955,1.0
2023-05-22 15:50:00-04:00,33283.69140625,33291.2890625,33283.69140625,33287.5703125,1555699,1.0
2023-05-22 15:51:00-04:00,33286.7890625,33287.8203125,33272.109375,33278.46875,1466035,1.0
2023-05-22 15:52:00-04:00,33278.08984375,33297.96875,33277.12109375,33297.3203125,1542904,1.0
2023-05-22 15:53:00-04:00,33297.1484375,33300.640625,33290.16015625,33300.640625,1271945,1.0
2023-05-22 15:54:00-04:00,33300.87890625,33300.87890625,33289.48828125,33289.48828125,1552007,1.0
2023-05-22 15:55:00-04:00,33288.30078125,33293.4296875,33285.66015625,33293.1015625,2075773,1.0
2023-05-22 15:56:00-04:00,33292.671875,33296.2109375,33285.66015625,33287.62890625,1851719,1.0
2023-05-22 15:57:00-04:00,33289.53125,33290.55078125,33282.23046875,33286.078125,2345503,1.0
2023-05-22 15:58:00-04:00,33286.87890625,33294.578125,33286.1484375,33292.828125,2857976,1.0
2023-05-22 15:59:00-04:00,33292.21875,33292.76953125,33280.69921875,33287.01171875,5678096,1.0
2023-05-23 09:30:00-04:00,33190.6015625,33190.6015625,33118.87890625,33129.98046875,0,1.0
2023-05-23 09:31:00-04:00,33122.51171875,33139.9296875,33113.19921875,33139.66015625,2390405,1.0
2023-05-23 09:32:00-04:00,33138.859375,33176.890625,33138.859375,33174.21875,1290394,1.0
2023-05-23 09:33:00-04:00,33176.6015625,33212.94140625,33159.390625,33212.94140625,1194625,1.0
2023-05-23 09:34:00-04:00,33212.609375,33214.28125,33181.26953125,33181.26953125,1021083,1.0
2023-05-23 09:35:00-04:00,33178.96875,33189.26953125,33152.5390625,33153.5,1080468,1.0
2023-05-23 09:36:00-04:00,33151.62890625,33156.7109375,33145.359375,33147.6796875,980292,1.0
2023-05-23 09:37:00-04:00,33146.44140625,33168.6015625,33146.44140625,33166.73828125,961676,1.0
2023-05-23 09:38:00-04:00,33166.53125,33168.25,33145.21875,33149.41015625,1159601,1.0
2023-05-23 09:39:00-04:00,33149.03125,33163.8984375,33149.03125,33152.33984375,1040263,1.0
2023-05-23 09:40:00-04:00,33152.98828125,33165.62890625,33148.0,33157.0390625,932462,1.0
2023-05-23 09:41:00-04:00,33158.609375,33161.51171875,33151.19140625,33158.5390625,802459,1.0
2023-05-23 09:42:00-04:00,33159.51171875,33172.44921875,33155.671875,33171.8984375,925790,1.0
2023-05-23 09:43:00-04:00,33172.4296875,33183.7109375,33171.3203125,33182.51171875,646325,1.0
2023-05-23 09:44:00-04:00,33182.3984375,33184.16015625,33178.58984375,33178.58984375,814824,1.0
2023-05-23 09:45:00-04:00,33177.51953125,33207.69140625,33174.390625,33204.6484375,919771,1.0
2023-05-23 09:46:00-04:00,33203.46875,33211.05859375,33196.7890625,33209.859375,669983,1.0
2023-05-23 09:47:00-04:00,33209.23828125,33212.6796875,33195.1796875,33208.609375,793108,1.0
2023-05-23 09:48:00-04:00,33209.94140625,33218.37890625,33206.1484375,33217.3515625,606684,1.0
2023-05-23 09:49:00-04:00,33218.91015625,33235.71875,33218.91015625,33233.8515625,741669,1.0
2023-05-23 09:50:00-04:00,33233.359375,33235.30078125,33221.4296875,33234.73046875,578315,1.0
2023-05-23 09:51:00-04:00,33235.87109375,33253.03125,33234.51171875,33247.390625,869959,1.0
2023-05-23 09:52:00-04:00,33247.9609375,33249.55859375,33241.55859375,33241.55859375,779204,1.0
2023-05-23 09:53:00-04:00,33241.328125,33241.328125,33231.28125,33231.28125,778717,1.0
2023-05-23 09:54:00-04:00,33227.23046875,33233.03125,33219.28125,33233.03125,834783,1.0
2023-05-23 09:55:00-04:00,33234.671875,33234.671875,33223.96875,33228.53125,852362,1.0
2023-05-23 09:56:00-04:00,33228.8515625,33236.23046875,33224.73828125,33233.16015625,589699,1.0
2023-05-23 09:57:00-04:00,33233.75,33239.9296875,33220.21875,33223.48046875,827689,1.0
2023-05-23 09:58:00-04:00,33223.7109375,33231.71875,33223.6796875,33229.87890625,680017,1.0
2023-05-23 09:59:00-04:00,33231.48828125,33249.23828125,33230.8984375,33248.0390625,626876,1.0
2023-05-23 10:00:00-04:00,33246.6796875,33268.609375,33246.6796875,33249.8203125,1583578,1.0
2023-05-23 10:01:00-04:00,33249.55859375,33260.94921875,33248.44921875,33260.6484375,721038,1.0
2023-05-23 10:02:00-04:00,33260.03125,33260.51171875,33251.19140625,33254.4296875,640115,1.0
2023-05-23 10:03:00-04:00,33254.23046875,33257.25,33251.12109375,33253.33984375,651514,1.0
2023-05-23 10:04:00-04:00,33252.609375,33258.23046875,33249.890625,33257.4609375,625183,1.0
2023-05-23 10:05:00-04:00,33257.5,33257.5,33242.078125,33246.51953125,624407,1.0
2023-05-23 10:06:00-04:00,33246.171875,33246.171875,33233.8984375,33239.9296875,552004,1.0
2023-05-23 10:07:00-04:00,33240.0,33245.62890625,33237.671875,33245.37890625,635303,1.0
2023-05-23 10:08:00-04:00,33245.19140625,33253.48046875,33245.19140625,33248.12890625,688044,1.0
2023-05-23 10:09:00-04:00,33247.76171875,33256.05078125,33244.96875,33255.1015625,430550,1.0
2023-05-23 10:10:00-04:00,33254.26953125,33264.98828125,33252.140625,33263.171875,624757,1.0
2023-05-23 10:11:00-04:00,33262.578125,33266.7109375,33258.3203125,33258.3203125,582738,1.0
2023-05-23 10:12:00-04:00,33256.4609375,33261.0703125,33251.671875,33258.62109375,577371,1.0
2023-05-23 10:13:00-04:00,33259.19140625,33262.80859375,33255.03125,33259.609375,625169,1.0
2023-05-23 10:14:00-04:00,33259.19921875,33261.69140625,33255.390625,33258.640625,513420,1.0
2023-05-23 10:15:00-04:00,33259.05859375,33259.4609375,33224.4609375,33224.98828125,834483,1.0
2023-05-23 10:16:00-04:00,33222.9296875,33229.48828125,33212.421875,33225.3515625,882747,1.0
2023-05-23 10:17:00-04:00,33225.83984375,33252.73828125,33225.83984375,33252.73828125,529448,1.0
2023-05-23 10:18:00-04:00,33253.55859375,33266.94921875,33240.23828125,33243.3203125,650637,1.0
2023-05-23 10:19:00-04:00,33243.37890625,33249.2109375,33243.37890625,33245.94140625,515089,1.0
2023-05-23 10:20:00-04:00,33245.91015625,33248.73828125,33241.2890625,33244.421875,612729,1.0
2023-05-23 10:21:00-04:00,33243.83984375,33249.19921875,33243.109375,33244.94140625,683168,1.0
2023-05-23 10:22:00-04:00,33244.55859375,33258.44140625,33244.19140625,33253.2890625,493667,1.0
2023-05-23 10:23:00-04:00,33252.53125,33257.76953125,33250.3515625,33255.8203125,588115,1.0
2023-05-23 10:24:00-04:00,33256.26171875,33260.12890625,33254.0390625,33258.83984375,494118,1.0
2023-05-23 10:25:00-04:00,33258.62890625,33276.80078125,33258.28125,33275.94921875,576265,1.0
2023-05-23 10:26:00-04:00,33276.66015625,33282.37109375,33273.69921875,33282.37109375,665793,1.0
2023-05-23 10:27:00-04:00,33282.26953125,33289.328125,33280.73828125,33287.5390625,675825,1.0
2023-05-23 10:28:00-04:00,33287.859375,33293.69140625,33285.109375,33290.46875,1040140,1.0
2023-05-23 10:29:00-04:00,33291.359375,33291.359375,33283.03125,33285.46875,569875,1.0
2023-05-23 10:30:00-04:00,33285.3203125,33286.2890625,33278.26171875,33285.87109375,617148,1.0
2023-05-23 10:31:00-04:00,33286.078125,33291.66015625,33281.23046875,33287.25,751967,1.0
2023-05-23 10:32:00-04:00,33287.28125,33290.41015625,33281.69140625,33286.41015625,466374,1.0
2023-05-23 10:33:00-04:00,33285.98046875,33288.01953125,33284.28125,33285.51953125,483124,1.0
2023-05-23 10:34:00-04:00,33285.421875,33293.05859375,33285.26171875,33292.51171875,624221,1.0
2023-05-23 10:35:00-04:00,33292.01953125,33305.109375,33292.01953125,33295.12890625,534661,1.0
2023-05-23 10:36:00-04:00,33295.12890625,33298.4609375,33292.01953125,33292.26953125,913999,1.0
2023-05-23 10:37:00-04:00,33291.94921875,33294.05078125,33287.73828125,33292.01953125,680374,1.0
2023-05-23 10:38:00-04:00,33292.26171875,33300.80859375,33292.03125,33297.3984375,722184,1.0
2023-05-23 10:39:00-04:00,33297.37109375,33303.0390625,33295.73828125,33303.01953125,632745,1.0
2023-05-23 10:40:00-04:00,33303.3984375,33303.51953125,33293.7109375,33303.51953125,709026,1.0
2023-05-23 10:41:00-04:00,33303.55078125,33305.921875,33285.46875,33285.46875,563396,1.0
2023-05-23 10:42:00-04:00,33284.75,33284.75,33277.69140625,33284.01171875,745936,1.0
2023-05-23 10:43:00-04:00,33284.12109375,33284.80859375,33275.9296875,33276.3984375,619516,1.0
2023-05-23 10:44:00-04:00,33276.5,33280.44921875,33272.578125,33273.58984375,629254,1.0
2023-05-23 10:45:00-04:00,33273.66015625,33273.66015625,33263.859375,33265.69140625,705702,1.0
2023-05-23 10:46:00-04:00,33265.01953125,33272.55859375,33263.51171875,33272.48046875,523801,1.0
2023-05-23 10:47:00-04:00,33272.19140625,33291.21875,33272.19140625,33290.33984375,469535,1.0
2023-05-23 10:48:00-04:00,33289.9609375,33297.5703125,33289.9296875,33294.87890625,525223,1.0
2023-05-23 10:49:00-04:00,33295.76953125,33296.33984375,33285.859375,33290.41015625,524223,1.0
2023-05-23 10:50:00-04:00,33290.1484375,33290.1484375,33275.69140625,33276.078125,571357,1.0
2023-05-23 10:51:00-04:00,33271.30078125,33271.828125,33258.03125,33270.48046875,753612,1.0
2023-05-23 10:52:00-04:00,33270.671875,33281.21875,33270.5,33275.01953125,490863,1.0
2023-05-23 10:53:00-04:00,33275.12890625,33277.6484375,33269.73046875,33276.6015625,500349,1.0
2023-05-23 10:54:00-04:00,33276.609375,33282.51171875,33276.609375,33276.91015625,475853,1.0
2023-05-23 10:55:00-04:00,33276.94921875,33277.69140625,33263.87890625,33265.91015625,490732,1.0
2023-05-23 10:56:00-04:00,33267.390625,33273.5,33266.671875,33273.23828125,598300,1.0
2023-05-23 10:57:00-04:00,33273.390625,33273.390625,33265.75,33271.33984375,596707,1.0
2023-05-23 10:58:00-04:00,33271.05078125,33279.73828125,33270.94921875,33275.51953125,525403,1.0
2023-05-23 10:59:00-04:00,33274.078125,33274.078125,33267.55859375,33268.921875,451642,1.0
2023-05-23 11:00:00-04:00,33268.7890625,33280.80078125,33263.9296875,33277.98046875,773942,1.0
2023-05-23 11:01:00-04:00,33276.8203125,33278.6796875,33270.28125,33273.828125,592623,1.0
2023-05-23 11:02:00-04:00,33275.2109375,33297.2890625,33275.2109375,33296.98828125,538704,1.0
2023-05-23 11:03:00-04:00,33296.69921875,33298.8203125,33289.171875,33290.55078125,424499,1.0
2023-05-23 11:04:00-04:00,33290.4296875,33291.69921875,33285.3515625,33287.05078125,484878,1.0
2023-05-23 11:05:00-04:00,33287.19140625,33295.140625,33287.19140625,33289.921875,562965,1.0
2023-05-23 11:06:00-04:00,33289.71875,33291.48046875,33285.7109375,33290.94921875,403405,1.0
2023-05-23 11:07:00-04:00,33290.859375,33290.859375,33283.21875,33285.03125,506155,1.0
2023-05-23 11:08:00-04:00,33284.5390625,33287.37109375,33280.3515625,33280.3515625,471102,1.0
2023-05-23 11:09:00-04:00,33280.44921875,33283.859375,33278.5,33283.5390625,449648,1.0
2023-05-23 11:10:00-04:00,33283.859375,33285.2109375,33280.609375,33282.12890625,440532,1.0
2023-05-23 11:11:00-04:00,33281.76953125,33281.8984375,33275.26171875,33278.5703125,476421,1.0
2023-05-23 11:12:00-04:00,33278.8515625,33284.859375,33277.8515625,33282.73046875,490834,1.0
2023-05-23 11:13:00-04:00,33282.37890625,33285.0703125,33278.91015625,33278.91015625,363463,1.0
2023-05-23 11:14:00-04:00,33280.05859375,33280.91015625,33273.640625,33276.12890625,402570,1.0
2023-05-23 11:15:00-04:00,33276.890625,33277.76953125,33270.73046875,33270.73046875,373953,1.0
2023-05-23 11:16:00-04:00,33270.37109375,33272.921875,33269.1796875,33269.83984375,401068,1.0
2023-05-23 11:17:00-04:00,33269.51171875,33274.21875,33269.51171875,33272.0390625,301504,1.0
2023-05-23 11:18:00-04:00,33263.58984375,33263.73828125,33261.53125,33262.37109375,981989,1.0
2023-05-23 11:19:00-04:00,33262.6015625,33262.6015625,33250.26953125,33251.30859375,668508,1.0
2023-05-23 11:20:00-04:00,33251.3984375,33263.1484375,33248.48046875,33261.7890625,552076,1.0
2023-05-23 11:21:00-04:00,33262.05078125,33269.359375,33260.80859375,33265.46875,573653,1.0
2023-05-23 11:22:00-04:00,33265.46875,33269.30859375,33264.1796875,33269.0390625,432556,1.0
2023-05-23 11:23:00-04:00,33269.25,33278.51953125,33269.25,33275.078125,476708,1.0
2023-05-23 11:24:00-04:00,33277.390625,33281.51171875,33276.0,33276.5390625,418494,1.0
2023-05-23 11:25:00-04:00,33277.69140625,33280.1015625,33274.25,33280.1015625,453928,1.0
2023-05-23 11:26:00-04:00,33279.8515625,33283.28125,33277.48046875,33283.28125,473065,1.0
2023-05-23 11:27:00-04:00,33283.33984375,33289.390625,33283.1484375,33287.4609375,479586,1.0
2023-05-23 11:28:00-04:00,33288.69140625,33289.0,33284.12109375,33287.96875,436777,1.0
2023-05-23 11:29:00-04:00,33288.16015625,33291.8984375,33286.41015625,33287.44921875,388274,1.0
2023-05-23 11:30:00-04:00,33287.76171875,33289.76171875,33284.55859375,33289.078125,465237,1.0
2023-05-23 11:31:00-04:00,33289.55859375,33294.78125,33286.359375,33287.96875,498876,1.0
2023-05-23 11:32:00-04:00,33287.87890625,33297.73046875,33287.78125,33294.25,455962,1.0
2023-05-23 11:33:00-04:00,33294.30859375,33294.3984375,33287.71875,33289.0703125,441760,1.0
2023-05-23 11:34:00-04:00,33288.83984375,33290.140625,33281.390625,33281.390625,527059,1.0
2023-05-23 11:35:00-04:00,33281.2890625,33284.05859375,33278.12109375,33282.26953125,659429,1.0
2023-05-23 11:36:00-04:00,33282.37890625,33282.37890625,33272.98046875,33274.78125,384390,1.0
2023-05-23 11:37:00-04:00,33274.94921875,33275.640625,33268.26953125,33273.44140625,463989,1.0
2023-05-23 11:38:00-04:00,33273.5703125,33287.5390625,33273.03125,33287.328125,431829,1.0
2023-05-23 11:39:00-04:00,33286.69921875,33287.12109375,33280.640625,33283.37890625,414998,1.0
2023-05-23 11:40:00-04:00,33283.6796875,33290.62109375,33283.6796875,33288.0,484203,1.0
2023-05-23 11:41:00-04:00,33288.46875,33289.359375,33278.80859375,33279.6484375,393444,1.0
2023-05-23 11:42:00-04:00,33280.26953125,33283.83984375,33277.96875,33282.921875,410071,1.0
2023-05-23 11:43:00-04:00,33282.94921875,33293.71875,33282.21875,33293.71875,455213,1.0
2023-05-23 11:44:00-04:00,33293.3515625,33293.3515625,33288.08984375,33289.46875,443460,1.0
2023-05-23 11:45:00-04:00,33289.23046875,33293.859375,33288.578125,33290.12109375,484696,1.0
2023-05-23 11:46:00-04:00,33289.46875,33289.46875,33277.30078125,33280.359375,645739,1.0
2023-05-23 11:47:00-04:00,33280.12109375,33284.26171875,33277.55078125,33278.890625,469588,1.0
2023-05-23 11:48:00-04:00,33279.078125,33282.91015625,33278.8515625,33281.26953125,469867,1.0
2023-05-23 11:49:00-04:00,33281.46875,33287.69140625,33281.46875,33284.55859375,524284,1.0
2023-05-23 11:50:00-04:00,33285.03125,33293.0703125,33284.30078125,33293.0703125,460397,1.0
2023-05-23 11:51:00-04:00,33293.1015625,33294.94140625,33288.9609375,33288.9609375,531245,1.0
2023-05-23 11:52:00-04:00,33288.75,33295.94921875,33288.75,33294.5390625,590357,1.0
2023-05-23 11:53:00-04:00,33294.55078125,33302.44921875,33293.87109375,33297.53125,501476,1.0
2023-05-23 11:54:00-04:00,33297.3984375,33304.48828125,33296.359375,33304.48828125,369728,1.0
2023-05-23 11:55:00-04:00,33304.46875,33308.80859375,33302.44921875,33307.828125,628654,1.0
2023-05-23 11:56:00-04:00,33307.21875,33310.171875,33304.37109375,33304.37109375,479769,1.0
2023-05-23 11:57:00-04:00,33304.2109375,33308.71875,33303.859375,33307.78125,433769,1.0
2023-05-23 11:58:00-04:00,33308.390625,33308.55859375,33300.12890625,33300.12890625,406329,1.0
2023-05-23 11:59:00-04:00,33300.0703125,33300.0703125,33278.44140625,33282.2109375,723556,1.0
2023-05-23 12:00:00-04:00,33281.62890625,33294.640625,33281.62890625,33294.46875,436962,1.0
2023-05-23 12:01:00-04:00,33294.33984375,33304.890625,33294.05859375,33304.890625,505786,1.0
2023-05-23 12:02:00-04:00,33305.109375,33306.98828125,33297.12109375,33297.58984375,506780,1.0
2023-05-23 12:03:00-04:00,33297.94921875,33300.16015625,33294.6796875,33299.66015625,436384,1.0
2023-05-23 12:04:00-04:00,33299.6015625,33299.6015625,33294.98046875,33298.1796875,532956,1.0
2023-05-23 12:05:00-04:00,33299.12890625,33299.30859375,33294.7109375,33294.7109375,505700,1.0
2023-05-23 12:06:00-04:00,33294.46875,33294.46875,33283.98828125,33288.9609375,597754,1.0
2023-05-23 12:07:00-04:00,33288.28125,33299.23828125,33285.2890625,33293.171875,530980,1.0
2023-05-23 12:08:00-04:00,33293.6015625,33298.94921875,33293.6015625,33294.48046875,326508,1.0
2023-05-23 12:09:00-04:00,33294.21875,33294.21875,33284.2890625,33284.2890625,356510,1.0
2023-05-23 12:10:00-04:00,33284.01953125,33284.33984375,33277.48046875,33279.1015625,430481,1.0
2023-05-23 12:11:00-04:00,33280.25,33281.640625,33275.71875,33280.55859375,486482,1.0
2023-05-23 12:12:00-04:00,33280.5,33281.26953125,33272.359375,33278.37890625,405881,1.0
2023-05-23 12:13:00-04:00,33277.859375,33292.01953125,33277.55078125,33290.578125,393674,1.0
2023-05-23 12:14:00-04:00,33290.83984375,33295.6015625,33290.55078125,33293.94140625,386707,1.0
2023-05-23 12:15:00-04:00,33293.640625,33293.640625,33288.48046875,33292.08984375,373573,1.0
2023-05-23 12:16:00-04:00,33292.05859375,33293.8203125,33287.62890625,33289.23046875,377169,1.0
2023-05-23 12:17:00-04:00,33289.19140625,33290.55078125,33286.08984375,33290.55078125,337220,1.0
2023-05-23 12:18:00-04:00,33290.578125,33290.8515625,33277.171875,33277.171875,540399,1.0
2023-05-23 12:19:00-04:00,33276.98046875,33283.69921875,33276.421875,33283.3515625,418420,1.0
2023-05-23 12:20:00-04:00,33283.05078125,33283.16015625,33278.4609375,33281.8515625,426356,1.0
2023-05-23 12:21:00-04:00,33281.94140625,33290.2890625,33280.9296875,33289.9609375,348034,1.0
2023-05-23 12:22:00-04:00,33290.19140625,33291.46875,33287.078125,33288.5703125,223295,1.0
2023-05-23 12:23:00-04:00,33288.62890625,33298.26953125,33288.62890625,33295.87109375,1332789,1.0
2023-05-23 12:24:00-04:00,33295.859375,33298.94140625,33295.76953125,33295.9609375,291426,1.0
2023-05-23 12:25:00-04:00,33296.80859375,33297.73046875,33288.76171875,33292.01953125,401121,1.0
2023-05-23 12:26:00-04:00,33292.3203125,33295.01171875,33290.5703125,33292.73046875,300543,1.0
2023-05-23 12:27:00-04:00,33292.69140625,33294.46875,33291.859375,33294.140625,304504,1.0
2023-05-23 12:28:00-04:00,33294.2109375,33294.2109375,33287.51171875,33292.1015625,342173,1.0
2023-05-23 12:29:00-04:00,33292.62109375,33295.7109375,33286.73046875,33288.6015625,428315,1.0
2023-05-23 12:30:00-04:00,33288.69140625,33298.640625,33287.62109375,33296.80078125,402764,1.0
2023-05-23 12:31:00-04:00,33296.41015625,33298.23828125,33293.6796875,33298.140625,356618,1.0
2023-05-23 12:32:00-04:00,33298.28125,33299.8515625,33292.2890625,33294.8203125,273739,1.0
2023-05-23 12:33:00-04:00,33295.16015625,33298.83984375,33293.33984375,33296.98046875,496719,1.0
2023-05-23 12:34:00-04:00,33296.390625,33296.390625,33292.4296875,33294.87109375,384934,1.0
2023-05-23 12:35:00-04:00,33294.9296875,33298.21875,33265.51953125,33265.87109375,758999,1.0
2023-05-23 12:36:00-04:00,33267.8515625,33285.69140625,33267.76171875,33285.69140625,583449,1.0
2023-05-23 12:37:00-04:00,33285.55859375,33286.390625,33262.94921875,33264.8984375,543930,1.0
2023-05-23 12:38:00-04:00,33264.26953125,33264.26953125,33229.44140625,33234.390625,807042,1.0
2023-05-23 12:39:00-04:00,33234.37109375,33246.2890625,33234.37109375,33246.2890625,503099,1.0
2023-05-23 12:40:00-04:00,33246.75,33251.7890625,33243.76953125,33245.359375,369573,1.0
2023-05-23 12:41:00-04:00,33244.8203125,33256.171875,33240.1796875,33254.98828125,542712,1.0
2023-05-23 12:42:00-04:00,33254.69921875,33257.91015625,33235.6484375,33236.26953125,658450,1.0
2023-05-23 12:43:00-04:00,33236.0390625,33239.46875,33231.37109375,33235.640625,467804,1.0
2023-05-23 12:44:00-04:00,33235.76171875,33242.12109375,33234.421875,33237.640625,495575,1.0
2023-05-23 12:45:00-04:00,33237.3515625,33242.66015625,33233.28125,33239.671875,358638,1.0
2023-05-23 12:46:00-04:00,33239.6796875,33246.37890625,33239.6796875,33241.12890625,553794,1.0
2023-05-23 12:47:00-04:00,33240.46875,33244.62109375,33224.671875,33224.671875,530486,1.0
2023-05-23 12:48:00-04:00,33223.7109375,33228.98046875,33213.41015625,33228.3515625,508167,1.0
2023-05-23 12:49:00-04:00,33229.03125,33229.03125,33220.4296875,33220.7890625,370164,1.0
2023-05-23 12:50:00-04:00,33220.94921875,33230.51953125,33217.08984375,33221.41015625,645284,1.0
2023-05-23 12:51:00-04:00,33221.62890625,33225.171875,33217.5,33225.171875,407210,1.0
2023-05-23 12:52:00-04:00,33225.140625,33237.140625,33225.0390625,33230.98046875,593888,1.0
2023-05-23 12:53:00-04:00,33230.8984375,33231.359375,33226.26171875,33230.53125,389115,1.0
2023-05-23 12:54:00-04:00,33230.55859375,33233.8984375,33225.7890625,33233.8984375,349435,1.0
2023-05-23 12:55:00-04:00,33234.33984375,33236.37109375,33233.23046875,33233.9296875,368701,1.0
2023-05-23 12:56:00-04:00,33233.171875,33245.7890625,33233.171875,33245.7890625,556385,1.0
2023-05-23 12:57:00-04:00,33245.859375,33249.80078125,33242.4296875,33242.69140625,416820,1.0
2023-05-23 12:58:00-04:00,33242.8203125,33248.76171875,33228.3515625,33232.66015625,662293,1.0
2023-05-23 12:59:00-04:00,33232.62890625,33234.19140625,33228.71875,33229.6484375,345301,1.0
2023-05-23 13:00:00-04:00,33229.44140625,33235.28125,33228.8515625,33232.73046875,442436,1.0
2023-05-23 13:01:00-04:00,33233.12890625,33235.5,33225.921875,33226.12890625,400728,1.0
2023-05-23 13:02:00-04:00,33225.390625,33233.578125,33223.80859375,33223.859375,414059,1.0
2023-05-23 13:03:00-04:00,33223.69921875,33229.96875,33222.87890625,33229.19140625,388641,1.0
2023-05-23 13:04:00-04:00,33229.03125,33231.05078125,33226.3984375,33226.3984375,425332,1.0
2023-05-23 13:05:00-04:00,33226.19921875,33226.19921875,33217.80078125,33220.96875,422183,1.0
2023-05-23 13:06:00-04:00,33221.171875,33231.2109375,33218.140625,33228.91015625,460552,1.0
2023-05-23 13:07:00-04:00,33229.5390625,33241.55859375,33229.5390625,33241.55859375,442735,1.0
2023-05-23 13:08:00-04:00,33241.3984375,33252.8203125,33241.3984375,33250.73046875,511159,1.0
2023-05-23 13:09:00-04:00,33252.8984375,33260.0,33252.55859375,33257.55859375,675435,1.0
2023-05-23 13:10:00-04:00,33258.0390625,33262.83984375,33256.16015625,33262.21875,413311,1.0
2023-05-23 13:11:00-04:00,33262.28125,33262.890625,33254.5390625,33254.5390625,355602,1.0
2023-05-23 13:12:00-04:00,33254.5390625,33255.73046875,33251.23046875,33255.5390625,385535,1.0
2023-05-23 13:13:00-04:00,33255.390625,33256.55859375,33253.3984375,33254.7890625,312342,1.0
2023-05-23 13:14:00-04:00,33255.3515625,33255.44921875,33250.2109375,33253.0703125,311787,1.0
2023-05-23 13:15:00-04:00,33253.48046875,33257.7109375,33253.48046875,33255.4296875,464143,1.0
2023-05-23 13:16:00-04:00,33255.58984375,33255.76953125,33251.390625,33255.4609375,504142,1.0
2023-05-23 13:17:00-04:00,33256.12109375,33263.0703125,33252.83984375,33262.609375,324232,1.0
2023-05-23 13:18:00-04:00,33262.71875,33268.671875,33261.390625,33265.0703125,345681,1.0
2023-05-23 13:19:00-04:00,33264.94140625,33267.01171875,33261.109375,33267.01171875,314126,1.0
2023-05-23 13:20:00-04:00,33267.4609375,33268.3515625,33255.1484375,33255.1484375,426425,1.0
2023-05-23 13:21:00-04:00,33254.94140625,33256.1015625,33252.6484375,33254.1015625,382580,1.0
2023-05-23 13:22:00-04:00,33254.55859375,33254.55859375,33246.73046875,33252.37109375,477676,1.0
2023-05-23 13:23:00-04:00,33252.58984375,33256.890625,33251.890625,33255.7109375,307207,1.0
2023-05-23 13:24:00-04:00,33256.30859375,33261.76171875,33255.19140625,33261.76171875,281555,1.0
2023-05-23 13:25:00-04:00,33261.76171875,33261.87890625,33256.83984375,33257.171875,388136,1.0
2023-05-23 13:26:00-04:00,33258.140625,33258.421875,33254.890625,33255.859375,454958,1.0
2023-05-23 13:27:00-04:00,33255.66015625,33255.7109375,33215.01953125,33219.94140625,880997,1.0
2023-05-23 13:28:00-04:00,33219.6484375,33221.19140625,33201.12109375,33205.3984375,460993,1.0
2023-05-23 13:29:00-04:00,33205.26953125,33205.26953125,33177.6484375,33180.44921875,454102,1.0
2023-05-23 13:30:00-04:00,33180.23828125,33180.23828125,33137.6015625,33148.109375,1123362,1.0
2023-05-23 13:31:00-04:00,33148.80859375,33155.1796875,33141.46875,33145.05859375,512651,1.0
2023-05-23 13:32:00-04:00,33145.3984375,33145.3984375,33134.76953125,33135.48828125,357328,1.0
2023-05-23 13:33:00-04:00,33135.48828125,33161.828125,33134.48046875,33161.6015625,432111,1.0
2023-05-23 13:34:00-04:00,33162.5703125,33165.53125,33146.26953125,33146.26953125,549876,1.0
2023-05-23 13:35:00-04:00,33146.4609375,33157.69921875,33146.05859375,33157.69921875,375630,1.0
2023-05-23 13:36:00-04:00,33157.66015625,33178.0390625,33157.48828125,33177.87109375,330643,1.0
2023-05-23 13:37:00-04:00,33177.96875,33179.69140625,33172.30859375,33176.48046875,356921,1.0
2023-05-23 13:38:00-04:00,33176.671875,33182.51953125,33175.1484375,33181.83984375,413658,1.0
2023-05-23 13:39:00-04:00,33182.05859375,33188.01171875,33180.69921875,33187.76953125,318966,1.0
2023-05-23 13:40:00-04:00,33187.62890625,33202.328125,33187.62109375,33199.05078125,370767,1.0
2023-05-23 13:41:00-04:00,33199.0390625,33214.1484375,33197.16015625,33197.58984375,587278,1.0
2023-05-23 13:42:00-04:00,33197.33984375,33204.55859375,33194.62109375,33203.9609375,323830,1.0
2023-05-23 13:43:00-04:00,33203.98828125,33216.5703125,33203.98828125,33215.6796875,289126,1.0
2023-05-23 13:44:00-04:00,33215.76953125,33215.76953125,33204.2890625,33208.0,281830,1.0
2023-05-23 13:45:00-04:00,33208.37890625,33216.140625,33207.87890625,33215.69140625,470251,1.0
2023-05-23 13:46:00-04:00,33215.73046875,33220.1796875,33211.26953125,33211.30078125,277793,1.0
2023-05-23 13:47:00-04:00,33211.359375,33211.359375,33193.66015625,33195.2109375,436895,1.0
2023-05-23 13:48:00-04:00,33195.078125,33198.21875,33194.94140625,33197.23046875,284238,1.0
2023-05-23 13:49:00-04:00,33197.19921875,33200.578125,33190.33984375,33190.828125,393852,1.0
2023-05-23 13:50:00-04:00,33190.62109375,33192.76953125,33182.16015625,33186.98828125,481490,1.0
2023-05-23 13:51:00-04:00,33186.140625,33197.16015625,33186.140625,33197.12890625,334871,1.0
2023-05-23 13:52:00-04:00,33197.328125,33200.6015625,33191.62109375,33192.0703125,304631,1.0
2023-05-23 13:53:00-04:00,33192.05078125,33196.30859375,33190.78125,33196.30859375,318293,1.0
2023-05-23 13:54:00-04:00,33196.48046875,33203.51171875,33196.48046875,33201.19140625,450538,1.0
2023-05-23 13:55:00-04:00,33200.9609375,33201.3203125,33190.76171875,33191.3984375,375987,1.0
2023-05-23 13:56:00-04:00,33191.19921875,33191.19921875,33183.7890625,33190.98828125,308552,1.0
2023-05-23 13:57:00-04:00,33191.12109375,33191.12109375,33185.21875,33185.21875,215589,1.0
2023-05-23 13:58:00-04:00,33185.41015625,33189.71875,33184.05859375,33189.0,396775,1.0
2023-05-23 13:59:00-04:00,33189.26171875,33192.98828125,33189.12109375,33191.21875,214660,1.0
2023-05-23 14:00:00-04:00,33191.46875,33192.37109375,33184.94921875,33192.359375,313575,1.0
2023-05-23 14:01:00-04:00,33192.48046875,33203.8984375,33190.55078125,33203.03125,325623,1.0
2023-05-23 14:02:00-04:00,33203.58984375,33207.8515625,33197.44921875,33197.73828125,337711,1.0
2023-05-23 14:03:00-04:00,33197.62109375,33203.640625,33195.37109375,33203.21875,369129,1.0
2023-05-23 14:04:00-04:00,33203.41015625,33210.62109375,33203.12890625,33210.58984375,291978,1.0
2023-05-23 14:05:00-04:00,33210.51953125,33211.87109375,33208.109375,33211.87109375,296131,1.0
2023-05-23 14:06:00-04:00,33212.0390625,33223.6796875,33210.6796875,33219.140625,401728,1.0
2023-05-23 14:07:00-04:00,33219.21875,33224.5390625,33216.48046875,33222.7109375,432941,1.0
2023-05-23 14:08:00-04:00,33223.05859375,33223.3515625,33202.5703125,33212.328125,498732,1.0
2023-05-23 14:09:00-04:00,33213.05078125,33213.05859375,33194.62109375,33195.37109375,361605,1.0
2023-05-23 14:10:00-04:00,33195.2109375,33195.62109375,33187.2890625,33189.640625,320254,1.0
2023-05-23 14:11:00-04:00,33189.5703125,33198.671875,33189.5703125,33191.921875,356541,1.0
2023-05-23 14:12:00-04:00,33191.9609375,33191.9609375,33160.3203125,33161.69921875,541875,1.0
2023-05-23 14:13:00-04:00,33162.94140625,33167.26171875,33155.8515625,33155.8515625,421351,1.0
2023-05-23 14:14:00-04:00,33155.78125,33160.109375,33150.05078125,33155.26953125,808763,1.0
2023-05-23 14:15:00-04:00,33155.05859375,33160.69921875,33147.01953125,33160.55859375,392918,1.0
2023-05-23 14:16:00-04:00,33161.7109375,33172.03125,33152.5703125,33152.5703125,496281,1.0
2023-05-23 14:17:00-04:00,33151.6796875,33152.421875,33148.359375,33151.19921875,336828,1.0
2023-05-23 14:18:00-04:00,33151.30078125,33151.30078125,33122.890625,33124.109375,745378,1.0
2023-05-23 14:19:00-04:00,33124.05078125,33130.671875,33121.0,33130.671875,442111,1.0
2023-05-23 14:20:00-04:00,33130.6484375,33130.6484375,33124.80859375,33125.76953125,466782,1.0
2023-05-23 14:21:00-04:00,33125.328125,33125.55078125,33105.23046875,33108.2109375,733446,1.0
2023-05-23 14:22:00-04:00,33107.91015625,33107.91015625,33093.30859375,33100.7890625,1484309,1.0
2023-05-23 14:23:00-04:00,33100.8515625,33101.01171875,33062.30859375,33064.55078125,1222595,1.0
2023-05-23 14:24:00-04:00,33063.66015625,33064.41015625,33038.53125,33038.53125,1072609,1.0
2023-05-23 14:25:00-04:00,33038.6015625,33040.21875,33015.80078125,33019.05859375,1085465,1.0
2023-05-23 14:26:00-04:00,33019.44140625,33050.41015625,33013.2890625,33041.51953125,688874,1.0
2023-05-23 14:27:00-04:00,33043.12109375,33051.03125,33041.98046875,33049.28125,505404,1.0
2023-05-23 14:28:00-04:00,33049.578125,33077.98828125,33049.12109375,33077.98828125,458010,1.0
2023-05-23 14:29:00-04:00,33077.3515625,33082.73828125,33062.7109375,33064.5,722793,1.0
2023-05-23 14:30:00-04:00,33064.5,33065.21875,33052.16015625,33062.55859375,420324,1.0
2023-05-23 14:31:00-04:00,33062.3984375,33087.671875,33062.3984375,33087.671875,510749,1.0
2023-05-23 14:32:00-04:00,33087.9609375,33101.16015625,33087.9609375,33092.609375,606308,1.0
2023-05-23 14:33:00-04:00,33092.98828125,33107.3984375,33089.83984375,33106.94140625,408278,1.0
2023-05-23 14:34:00-04:00,33106.94921875,33109.8984375,33094.3515625,33095.25,493260,1.0
2023-05-23 14:35:00-04:00,33092.5390625,33096.9296875,33084.41015625,33084.41015625,430849,1.0
2023-05-23 14:36:00-04:00,33084.4609375,33084.8203125,33067.3984375,33074.12109375,468484,1.0
2023-05-23 14:37:00-04:00,33075.44921875,33077.640625,33063.05078125,33063.05078125,661277,1.0
2023-05-23 14:38:00-04:00,33062.87109375,33066.26953125,33059.3984375,33059.3984375,458284,1.0
2023-05-23 14:39:00-04:00,33059.359375,33067.48046875,33057.21875,33067.48046875,358619,1.0
2023-05-23 14:40:00-04:00,33067.0703125,33072.78125,33061.69140625,33062.3203125,371245,1.0
2023-05-23 14:41:00-04:00,33062.1484375,33064.87890625,33053.9609375,33064.87890625,553209,1.0
2023-05-23 14:42:00-04:00,33064.69921875,33065.62109375,33044.28125,33045.0,575887,1.0
2023-05-23 14:43:00-04:00,33045.0390625,33067.6015625,33044.6796875,33067.03125,504608,1.0
2023-05-23 14:44:00-04:00,33067.05859375,33067.05859375,33058.859375,33065.73828125,324166,1.0
2023-05-23 14:45:00-04:00,33065.5390625,33085.53125,33064.828125,33072.921875,479492,1.0
2023-05-23 14:46:00-04:00,33072.66015625,33073.03125,33055.51953125,33055.51953125,436354,1.0
2023-05-23 14:47:00-04:00,33055.80078125,33068.23828125,33055.80078125,33063.609375,369317,1.0
2023-05-23 14:48:00-04:00,33063.609375,33075.23828125,33062.87109375,33074.73046875,334896,1.0
2023-05-23 14:49:00-04:00,33074.7890625,33078.28125,33070.44140625,33074.58984375,339139,1.0
2023-05-23 14:50:00-04:00,33073.69921875,33088.80859375,33072.37890625,33088.76171875,376648,1.0
2023-05-23 14:51:00-04:00,33088.76171875,33093.37109375,33087.359375,33089.109375,376157,1.0
2023-05-23 14:52:00-04:00,33088.6796875,33097.28125,33088.55078125,33097.28125,353337,1.0
2023-05-23 14:53:00-04:00,33097.21875,33105.46875,33096.94140625,33099.1796875,591773,1.0
2023-05-23 14:54:00-04:00,33098.75,33103.80078125,33097.05859375,33102.62109375,412966,1.0
2023-05-23 14:55:00-04:00,33102.96875,33104.44140625,33097.48828125,33098.0,430819,1.0
2023-05-23 14:56:00-04:00,33098.171875,33104.0703125,33096.7109375,33102.609375,347872,1.0
2023-05-23 14:57:00-04:00,33102.2890625,33102.2890625,33092.80078125,33097.66015625,412303,1.0
2023-05-23 14:58:00-04:00,33098.0390625,33102.98828125,33096.671875,33102.98828125,371041,1.0
2023-05-23 14:59:00-04:00,33104.28125,33106.94921875,33100.55078125,33100.55078125,447668,1.0
2023-05-23 15:00:00-04:00,33100.6015625,33102.9609375,33094.19921875,33099.3203125,451044,1.0
2023-05-23 15:01:00-04:00,33100.33984375,33101.73046875,33071.19140625,33071.19140625,757655,1.0
2023-05-23 15:02:00-04:00,33071.21875,33078.33984375,33070.6484375,33073.37109375,469561,1.0
2023-05-23 15:03:00-04:00,33073.44921875,33077.140625,33070.890625,33076.66015625,388245,1.0
2023-05-23 15:04:00-04:00,33076.921875,33078.1015625,33073.1796875,33077.94140625,387822,1.0
2023-05-23 15:05:00-04:00,33078.30078125,33091.6015625,33076.859375,33079.8984375,454541,1.0
2023-05-23 15:06:00-04:00,33080.171875,33091.41015625,33077.94921875,33086.03125,403950,1.0
2023-05-23 15:07:00-04:00,33085.69140625,33085.69140625,33070.78125,33073.16015625,484660,1.0
2023-05-23 15:08:00-04:00,33071.98828125,33072.73046875,33059.609375,33069.640625,470388,1.0
2023-05-23 15:09:00-04:00,33067.98046875,33079.94921875,33067.98046875,33079.9296875,386345,1.0
2023-05-23 15:10:00-04:00,33080.12109375,33092.6796875,33079.890625,33088.73828125,432968,1.0
2023-05-23 15:11:00-04:00,33088.48046875,33094.4609375,33088.33984375,33094.4609375,364331,1.0
2023-05-23 15:12:00-04:00,33094.109375,33104.5,33091.41015625,33104.3515625,496911,1.0
2023-05-23 15:13:00-04:00,33104.41015625,33108.53125,33104.3984375,33105.9296875,568854,1.0
2023-05-23 15:14:00-04:00,33104.98828125,33111.859375,33098.55078125,33111.859375,497516,1.0
2023-05-23 15:15:00-04:00,33116.0390625,33117.76171875,33104.62890625,33105.05078125,778736,1.0
2023-05-23 15:16:00-04:00,33104.48828125,33112.4296875,33098.671875,33099.109375,579725,1.0
2023-05-23 15:17:00-04:00,33098.62109375,33100.1796875,33092.421875,33095.78125,451956,1.0
2023-05-23 15:18:00-04:00,33095.51953125,33095.62890625,33077.5390625,33081.640625,565315,1.0
2023-05-23 15:19:00-04:00,33080.46875,33080.46875,33055.3203125,33056.01953125,692971,1.0
2023-05-23 15:20:00-04:00,33055.8984375,33072.62109375,33049.01171875,33072.51171875,693281,1.0
2023-05-23 15:21:00-04:00,33072.94921875,33097.1796875,33072.328125,33093.26953125,680250,1.0
2023-05-23 15:22:00-04:00,33093.37109375,33102.6484375,33093.21875,33099.5390625,548251,1.0
2023-05-23 15:23:00-04:00,33099.75,33103.21875,33086.69921875,33088.96875,543838,1.0
2023-05-23 15:24:00-04:00,33088.6015625,33109.73046875,33088.05078125,33108.7890625,711620,1.0
2023-05-23 15:25:00-04:00,33108.26171875,33112.12890625,33107.3515625,33110.078125,509280,1.0
2023-05-23 15:26:00-04:00,33109.48046875,33109.58984375,33098.26171875,33101.328125,556243,1.0
2023-05-23 15:27:00-04:00,33101.8203125,33106.6796875,33101.44140625,33105.12109375,466761,1.0
2023-05-23 15:28:00-04:00,33105.1484375,33107.19140625,33101.26953125,33101.2890625,415409,1.0
2023-05-23 15:29:00-04:00,33101.55078125,33113.08984375,33101.55078125,33111.98046875,455270,1.0
2023-05-23 15:30:00-04:00,33112.140625,33112.62890625,33105.37890625,33105.609375,730139,1.0
2023-05-23 15:31:00-04:00,33105.51953125,33106.890625,33100.05859375,33102.8203125,558814,1.0
2023-05-23 15:32:00-04:00,33102.1484375,33118.48046875,33099.828125,33118.109375,660556,1.0
2023-05-23 15:33:00-04:00,33118.140625,33118.140625,33106.8203125,33115.25,590724,1.0
2023-05-23 15:34:00-04:00,33115.3984375,33118.12890625,33112.140625,33117.94921875,444985,1.0
2023-05-23 15:35:00-04:00,33118.25,33126.94921875,33118.25,33120.94921875,748415,1.0
2023-05-23 15:36:00-04:00,33119.8203125,33125.53125,33117.3984375,33124.87109375,594174,1.0
2023-05-23 15:37:00-04:00,33125.23828125,33125.23828125,33108.19921875,33111.01953125,692282,1.0
2023-05-23 15:38:00-04:00,33110.55859375,33127.4296875,33110.55859375,33124.8203125,585919,1.0
2023-05-23 15:39:00-04:00,33124.73046875,33127.640625,33118.55859375,33121.37890625,583787,1.0
2023-05-23 15:40:00-04:00,33121.578125,33121.578125,33109.37109375,33117.46875,730001,1.0
2023-05-23 15:41:00-04:00,33117.76953125,33117.76953125,33105.8203125,33117.5390625,686308,1.0
2023-05-23 15:42:00-04:00,33117.8515625,33122.578125,33112.53125,33115.01171875,769879,1.0
2023-05-23 15:43:00-04:00,33114.80859375,33122.51953125,33114.5,33118.390625,743168,1.0
2023-05-23 15:44:00-04:00,33117.16015625,33124.8203125,33112.37890625,33124.140625,643911,1.0
2023-05-23 15:45:00-04:00,33124.1015625,33134.171875,33121.078125,33131.37890625,1125960,1.0
2023-05-23 15:46:00-04:00,33131.05859375,33132.3984375,33124.1015625,33127.23828125,781582,1.0
2023-05-23 15:47:00-04:00,33128.44140625,33128.44140625,33116.55078125,33121.078125,937362,1.0
2023-05-23 15:48:00-04:00,33120.91015625,33122.3203125,33117.01171875,33120.609375,902523,1.0
2023-05-23 15:49:00-04:00,33120.8984375,33121.12109375,33105.69921875,33115.1484375,1012908,1.0
2023-05-23 15:50:00-04:00,33115.30859375,33115.30859375,33092.21875,33103.75,1800061,1.0
2023-05-23 15:51:00-04:00,33103.30078125,33110.23046875,33095.69140625,33110.23046875,1626327,1.0
2023-05-23 15:52:00-04:00,33110.41015625,33116.01953125,33095.01953125,33097.80078125,1564606,1.0
2023-05-23 15:53:00-04:00,33097.4296875,33097.76953125,33078.19921875,33078.19921875,1519220,1.0
2023-05-23 15:54:00-04:00,33079.83984375,33092.8515625,33079.83984375,33084.44921875,2301855,1.0
2023-05-23 15:55:00-04:00,33085.9296875,33099.98828125,33082.19921875,33091.62890625,2899128,1.0
2023-05-23 15:56:00-04:00,33092.01953125,33092.91015625,33076.37890625,33077.640625,2254480,1.0
2023-05-23 15:57:00-04:00,33077.9296875,33077.9296875,33057.6484375,33060.83984375,2918714,1.0
2023-05-23 15:58:00-04:00,33059.69140625,33074.87890625,33058.1015625,33071.94921875,3021562,1.0
2023-05-23 15:59:00-04:00,33071.87109375,33079.23046875,33058.171875,33058.171875,8016826,1.0
2023-05-24 09:30:00-04:00,33021.76171875,33031.75,32986.80859375,32990.0703125,0,1.0
2023-05-24 09:31:00-04:00,32989.37890625,32989.37890625,32944.2890625,32945.828125,1460484,1.0
2023-05-24 09:32:00-04:00,32945.41015625,32948.19140625,32936.71875,32944.08984375,1297203,1.0
2023-05-24 09:33:00-04:00,32943.140625,32953.7890625,32930.5,32949.30078125,1455306,1.0
2023-05-24 09:34:00-04:00,32948.921875,32960.05859375,32944.48828125,32950.921875,1221691,1.0
2023-05-24 09:35:00-04:00,32952.01953125,32952.01953125,32927.578125,32931.5,1394513,1.0
2023-05-24 09:36:00-04:00,32932.78125,32934.140625,32905.640625,32905.69140625,967971,1.0
2023-05-24 09:37:00-04:00,32903.96875,32913.80078125,32894.46875,32913.5390625,847447,1.0
2023-05-24 09:38:00-04:00,32916.08984375,32920.1015625,32905.8203125,32908.1484375,743590,1.0
2023-05-24 09:39:00-04:00,32910.671875,32911.37109375,32901.1484375,32910.78125,730691,1.0
2023-05-24 09:40:00-04:00,32911.4296875,32918.19921875,32890.078125,32893.91015625,917653,1.0
2023-05-24 09:41:00-04:00,32894.1796875,32913.33984375,32894.1796875,32913.33984375,827675,1.0
2023-05-24 09:42:00-04:00,32912.83984375,32914.890625,32892.80859375,32901.76171875,859718,1.0
2023-05-24 09:43:00-04:00,32902.828125,32902.828125,32883.390625,32885.25,736346,1.0
2023-05-24 09:44:00-04:00,32887.19921875,32902.19140625,32882.8203125,32898.62109375,730526,1.0
2023-05-24 09:45:00-04:00,32899.4296875,32915.328125,32898.8515625,32907.30859375,1021461,1.0
2023-05-24 09:46:00-04:00,32907.23828125,32907.23828125,32892.921875,32894.328125,1050290,1.0
2023-05-24 09:47:00-04:00,32893.4609375,32907.8984375,32887.21875,32906.421875,845899,1.0
2023-05-24 09:48:00-04:00,32905.37890625,32905.37890625,32876.8984375,32876.8984375,855198,1.0
2023-05-24 09:49:00-04:00,32873.25,32883.390625,32867.828125,32883.05078125,862382,1.0
2023-05-24 09:50:00-04:00,32883.78125,32895.26953125,32881.37890625,32886.51171875,714643,1.0
2023-05-24 09:51:00-04:00,32886.3515625,32887.1796875,32875.890625,32883.94140625,629953,1.0
2023-05-24 09:52:00-04:00,32883.8203125,32883.8203125,32863.7109375,32863.9609375,675646,1.0
2023-05-24 09:53:00-04:00,32863.62109375,32863.62109375,32844.66015625,32851.6796875,937646,1.0
2023-05-24 09:54:00-04:00,32852.51171875,32854.69921875,32847.109375,32849.2109375,712974,1.0
2023-05-24 09:55:00-04:00,32847.9296875,32876.53125,32843.91015625,32876.53125,732462,1.0
2023-05-24 09:56:00-04:00,32876.5,32877.140625,32862.25,32865.23828125,744479,1.0
2023-05-24 09:57:00-04:00,32865.01171875,32868.98828125,32857.5,32857.5,624172,1.0
2023-05-24 09:58:00-04:00,32858.33984375,32860.8515625,32854.26953125,32854.26953125,593160,1.0
2023-05-24 09:59:00-04:00,32854.30078125,32862.171875,32842.12109375,32843.890625,1136985,1.0
2023-05-24 10:00:00-04:00,32845.41015625,32871.78125,32844.80859375,32863.3984375,953379,1.0
2023-05-24 10:01:00-04:00,32864.51953125,32871.73828125,32855.1484375,32857.2109375,551198,1.0
2023-05-24 10:02:00-04:00,32857.41015625,32857.41015625,32837.73828125,32848.03125,841069,1.0
2023-05-24 10:03:00-04:00,32847.1796875,32855.05078125,32843.73828125,32851.16015625,592333,1.0
2023-05-24 10:04:00-04:00,32850.6015625,32851.30078125,32837.75,32838.87890625,752709,1.0
2023-05-24 10:05:00-04:00,32839.12890625,32839.12890625,32822.94921875,32834.2890625,751557,1.0
2023-05-24 10:06:00-04:00,32833.19921875,32833.3984375,32826.08984375,32829.0,541333,1.0
2023-05-24 10:07:00-04:00,32830.55859375,32837.5390625,32826.6015625,32836.8984375,475448,1.0
2023-05-24 10:08:00-04:00,32837.41015625,32838.91015625,32826.73828125,32828.03125,576535,1.0
2023-05-24 10:09:00-04:00,32827.91015625,32835.0390625,32825.58984375,32830.3515625,631754,1.0
2023-05-24 10:10:00-04:00,32830.4296875,32840.0703125,32830.3203125,32839.94140625,539467,1.0
2023-05-24 10:11:00-04:00,32839.83984375,32841.0390625,32831.91015625,32832.6015625,621535,1.0
2023-05-24 10:12:00-04:00,32833.0390625,32833.94140625,32824.828125,32827.87890625,612073,1.0
2023-05-24 10:13:00-04:00,32827.6015625,32831.87109375,32823.828125,32829.44140625,629180,1.0
2023-05-24 10:14:00-04:00,32830.671875,32863.2890625,32830.671875,32863.109375,820451,1.0
2023-05-24 10:15:00-04:00,32862.44140625,32863.01171875,32845.96875,32845.96875,680219,1.0
2023-05-24 10:16:00-04:00,32845.578125,32860.7890625,32843.55078125,32860.7890625,608685,1.0
2023-05-24 10:17:00-04:00,32860.80859375,32871.328125,32858.51953125,32860.0703125,553462,1.0
2023-05-24 10:18:00-04:00,32860.03125,32874.23046875,32855.37890625,32873.75,475437,1.0
2023-05-24 10:19:00-04:00,32874.19140625,32881.421875,32866.3984375,32866.3984375,684681,1.0
2023-05-24 10:20:00-04:00,32866.41015625,32874.26171875,32858.859375,32860.01171875,577336,1.0
2023-05-24 10:21:00-04:00,32859.87109375,32859.87109375,32845.890625,32848.828125,495235,1.0
2023-05-24 10:22:00-04:00,32847.578125,32850.7109375,32845.75,32845.75,427547,1.0
2023-05-24 10:23:00-04:00,32845.390625,32848.19921875,32837.19921875,32838.75,431340,1.0
2023-05-24 10:24:00-04:00,32837.5,32837.5,32817.2109375,32817.48828125,629866,1.0
2023-05-24 10:25:00-04:00,32817.390625,32825.87890625,32817.390625,32823.33984375,469014,1.0
2023-05-24 10:26:00-04:00,32822.48046875,32831.6796875,32816.25,32818.53125,430265,1.0
2023-05-24 10:27:00-04:00,32818.5703125,32819.94921875,32814.0390625,32819.37109375,846200,1.0
2023-05-24 10:28:00-04:00,32819.1796875,32836.73046875,32819.171875,32835.71875,526820,1.0
2023-05-24 10:29:00-04:00,32836.58984375,32855.66015625,32836.58984375,32848.76171875,648723,1.0
2023-05-24 10:30:00-04:00,32848.30078125,32870.859375,32848.30078125,32869.0390625,700357,1.0
2023-05-24 10:31:00-04:00,32869.1484375,32871.73046875,32857.41015625,32857.41015625,508593,1.0
2023-05-24 10:32:00-04:00,32857.30078125,32859.171875,32848.78125,32849.37890625,539508,1.0
2023-05-24 10:33:00-04:00,32850.16015625,32857.9609375,32845.6796875,32857.7109375,527293,1.0
2023-05-24 10:34:00-04:00,32857.76171875,32863.01953125,32854.4609375,32861.80078125,533878,1.0
2023-05-24 10:35:00-04:00,32861.69921875,32863.5,32858.078125,32862.3515625,630651,1.0
2023-05-24 10:36:00-04:00,32863.51171875,32867.4609375,32862.46875,32866.71875,443233,1.0
2023-05-24 10:37:00-04:00,32866.41015625,32866.78125,32852.69921875,32854.0390625,503965,1.0
2023-05-24 10:38:00-04:00,32853.1796875,32854.03125,32838.671875,32851.19921875,539479,1.0
2023-05-24 10:39:00-04:00,32851.66015625,32853.98046875,32846.2890625,32849.69140625,448332,1.0
2023-05-24 10:40:00-04:00,32849.6796875,32853.921875,32829.171875,32829.51953125,794962,1.0
2023-05-24 10:41:00-04:00,32828.71875,32850.78125,32828.71875,32849.96875,539525,1.0
2023-05-24 10:42:00-04:00,32850.19921875,32868.05859375,32850.19921875,32861.1015625,443506,1.0
2023-05-24 10:43:00-04:00,32860.859375,32860.859375,32851.78125,32853.19921875,528885,1.0
2023-05-24 10:44:00-04:00,32853.37109375,32858.76171875,32850.44140625,32851.0703125,534539,1.0
2023-05-24 10:45:00-04:00,32850.73828125,32856.7890625,32846.73046875,32856.75,526783,1.0
2023-05-24 10:46:00-04:00,32856.94921875,32859.30859375,32851.73828125,32856.96875,606662,1.0
2023-05-24 10:47:00-04:00,32856.48046875,32859.0,32850.55078125,32858.0390625,511407,1.0
2023-05-24 10:48:00-04:00,32857.48046875,32857.48046875,32828.12109375,32829.5,844468,1.0
2023-05-24 10:49:00-04:00,32830.71875,32831.0,32818.66015625,32824.33984375,603188,1.0
2023-05-24 10:50:00-04:00,32825.109375,32829.578125,32822.1796875,32829.578125,386464,1.0
2023-05-24 10:51:00-04:00,32829.96875,32830.12890625,32812.51953125,32812.71875,597973,1.0
2023-05-24 10:52:00-04:00,32812.69921875,32826.05078125,32812.12109375,32822.98828125,388713,1.0
2023-05-24 10:53:00-04:00,32822.5,32822.890625,32818.01953125,32820.03125,428951,1.0
2023-05-24 10:54:00-04:00,32820.7890625,32821.08984375,32810.12890625,32816.2890625,432681,1.0
2023-05-24 10:55:00-04:00,32815.83984375,32825.75,32815.83984375,32825.69140625,385266,1.0
2023-05-24 10:56:00-04:00,32825.3515625,32828.19921875,32822.05078125,32827.1796875,412727,1.0
2023-05-24 10:57:00-04:00,32827.078125,32827.078125,32821.2890625,32823.2890625,347199,1.0
2023-05-24 10:58:00-04:00,32823.4609375,32827.75,32820.578125,32823.01953125,455562,1.0
2023-05-24 10:59:00-04:00,32823.19921875,32827.171875,32818.33984375,32825.2109375,375595,1.0
2023-05-24 11:00:00-04:00,32824.859375,32829.01171875,32813.7109375,32814.6796875,410415,1.0
2023-05-24 11:01:00-04:00,32815.25,32817.28125,32804.9609375,32805.2109375,405547,1.0
2023-05-24 11:02:00-04:00,32805.25,32811.83984375,32805.25,32811.3984375,317562,1.0
2023-05-24 11:03:00-04:00,32811.55078125,32817.37890625,32810.25,32817.37890625,321910,1.0
2023-05-24 11:04:00-04:00,32817.48046875,32819.73828125,32815.76953125,32819.73828125,402791,1.0
2023-05-24 11:05:00-04:00,32822.33984375,32822.9609375,32806.609375,32806.73828125,346609,1.0
2023-05-24 11:06:00-04:00,32807.109375,32821.19921875,32805.53125,32818.19921875,457838,1.0
2023-05-24 11:07:00-04:00,32818.359375,32821.69921875,32817.48046875,32819.140625,260083,1.0
2023-05-24 11:08:00-04:00,32815.921875,32832.96875,32815.30859375,32815.6796875,781868,1.0
2023-05-24 11:09:00-04:00,32814.98828125,32815.37109375,32811.609375,32814.2109375,462045,1.0
2023-05-24 11:10:00-04:00,32816.55859375,32824.78125,32812.55859375,32812.58984375,461485,1.0
2023-05-24 11:11:00-04:00,32812.23828125,32822.51171875,32808.58984375,32822.51171875,505878,1.0
2023-05-24 11:12:00-04:00,32822.48828125,32835.78125,32822.48828125,32828.171875,430322,1.0
2023-05-24 11:13:00-04:00,32828.05078125,32829.41015625,32803.0703125,32804.671875,564623,1.0
2023-05-24 11:14:00-04:00,32804.73046875,32811.87890625,32803.48046875,32811.48046875,340104,1.0
2023-05-24 11:15:00-04:00,32810.890625,32813.44140625,32803.26171875,32813.44140625,403380,1.0
2023-05-24 11:16:00-04:00,32813.69921875,32827.41015625,32813.44140625,32824.48828125,449496,1.0
2023-05-24 11:17:00-04:00,32824.37890625,32826.51953125,32821.0390625,32821.078125,321090,1.0
2023-05-24 11:18:00-04:00,32821.41015625,32822.609375,32815.5703125,32815.921875,367326,1.0
2023-05-24 11:19:00-04:00,32816.12890625,32818.21875,32813.51171875,32815.3203125,422745,1.0
2023-05-24 11:20:00-04:00,32814.828125,32824.51953125,32814.828125,32817.671875,459235,1.0
2023-05-24 11:21:00-04:00,32818.12890625,32832.73828125,32817.80859375,32831.87890625,658363,1.0
2023-05-24 11:22:00-04:00,32831.78125,32847.1015625,32829.19921875,32845.30859375,383807,1.0
2023-05-24 11:23:00-04:00,32845.421875,32876.37109375,32844.390625,32876.12109375,671847,1.0
2023-05-24 11:24:00-04:00,32876.1796875,32881.3984375,32874.390625,32879.26953125,462262,1.0
2023-05-24 11:25:00-04:00,32879.01171875,32883.91015625,32874.05859375,32880.51953125,526379,1.0
2023-05-24 11:26:00-04:00,32880.8203125,32895.71875,32880.8203125,32891.7890625,590187,1.0
2023-05-24 11:27:00-04:00,32891.8203125,32912.921875,32891.8203125,32901.83984375,666176,1.0
2023-05-24 11:28:00-04:00,32901.83984375,32901.83984375,32868.62109375,32868.62109375,751339,1.0
2023-05-24 11:29:00-04:00,32869.03125,32869.37109375,32849.0703125,32851.3515625,679768,1.0
2023-05-24 11:30:00-04:00,32851.671875,32858.2890625,32848.171875,32856.328125,496135,1.0
2023-05-24 11:31:00-04:00,32856.0703125,32857.05859375,32824.48828125,32824.48828125,796497,1.0
2023-05-24 11:32:00-04:00,32824.5390625,32829.359375,32824.26953125,32826.69921875,452464,1.0
2023-05-24 11:33:00-04:00,32827.2890625,32833.80859375,32819.94921875,32833.1796875,381194,1.0
2023-05-24 11:34:00-04:00,32834.171875,32836.0703125,32830.44921875,32832.75,416596,1.0
2023-05-24 11:35:00-04:00,32832.37890625,32832.37890625,32817.94140625,32824.6796875,501029,1.0
2023-05-24 11:36:00-04:00,32825.01171875,32836.0390625,32824.83984375,32835.109375,296436,1.0
2023-05-24 11:37:00-04:00,32835.23828125,32835.578125,32821.05078125,32821.12109375,371826,1.0
2023-05-24 11:38:00-04:00,32821.3984375,32828.98046875,32817.19140625,32828.98046875,355580,1.0
2023-05-24 11:39:00-04:00,32828.94921875,32830.6015625,32826.58984375,32830.6015625,358979,1.0
2023-05-24 11:40:00-04:00,32830.76953125,32832.640625,32826.21875,32831.73828125,482653,1.0
2023-05-24 11:41:00-04:00,32831.19921875,32835.69140625,32829.71875,32835.4609375,466439,1.0
2023-05-24 11:42:00-04:00,32832.8984375,32843.30859375,32828.48046875,32838.8984375,406466,1.0
2023-05-24 11:43:00-04:00,32838.2109375,32838.5390625,32792.44140625,32794.87890625,781683,1.0
2023-05-24 11:44:00-04:00,32795.12109375,32795.3203125,32775.44921875,32787.5703125,769161,1.0
2023-05-24 11:45:00-04:00,32788.01953125,32791.01171875,32783.51171875,32787.69921875,361397,1.0
2023-05-24 11:46:00-04:00,32787.9296875,32802.6015625,32786.0390625,32795.1796875,400642,1.0
2023-05-24 11:47:00-04:00,32794.9296875,32803.58984375,32794.8984375,32803.25,278374,1.0
2023-05-24 11:48:00-04:00,32804.03125,32819.421875,32797.078125,32799.44140625,538308,1.0
2023-05-24 11:49:00-04:00,32799.640625,32808.12890625,32799.640625,32806.73828125,266547,1.0
2023-05-24 11:50:00-04:00,32806.37109375,32816.01171875,32805.28125,32809.109375,466478,1.0
2023-05-24 11:51:00-04:00,32809.3203125,32810.98046875,32804.71875,32805.58984375,264191,1.0
2023-05-24 11:52:00-04:00,32805.5390625,32809.328125,32804.1484375,32808.76171875,274691,1.0
2023-05-24 11:53:00-04:00,32809.3515625,32815.01171875,32804.62109375,32815.0,385678,1.0
2023-05-24 11:54:00-04:00,32814.890625,32815.62890625,32797.1484375,32798.30078125,684484,1.0
2023-05-24 11:55:00-04:00,32798.3515625,32803.28125,32797.19921875,32803.28125,267030,1.0
2023-05-24 11:56:00-04:00,32803.01953125,32803.01953125,32789.6796875,32792.5703125,410875,1.0
2023-05-24 11:57:00-04:00,32792.328125,32798.80078125,32792.328125,32795.75,275385,1.0
2023-05-24 11:58:00-04:00,32795.73828125,32798.1796875,32786.48046875,32790.109375,302086,1.0
2023-05-24 11:59:00-04:00,32790.05078125,32792.87109375,32789.05078125,32789.30859375,252648,1.0
2023-05-24 12:00:00-04:00,32789.55859375,32795.4296875,32788.44921875,32791.1484375,310855,1.0
2023-05-24 12:01:00-04:00,32791.76953125,32802.859375,32791.76953125,32802.6015625,450263,1.0
2023-05-24 12:02:00-04:00,32801.98046875,32809.05859375,32801.98046875,32808.2109375,253353,1.0
2023-05-24 12:03:00-04:00,32808.390625,32816.7890625,32803.4609375,32816.7890625,301296,1.0
2023-05-24 12:04:00-04:00,32817.1015625,32823.12890625,32814.37890625,32816.37890625,422382,1.0
2023-05-24 12:05:00-04:00,32815.80859375,32821.73828125,32815.80859375,32819.6796875,349042,1.0
2023-05-24 12:06:00-04:00,32819.578125,32819.578125,32807.08984375,32808.71875,289536,1.0
2023-05-24 12:07:00-04:00,32808.94140625,32816.69140625,32808.75,32815.828125,211568,1.0
2023-05-24 12:08:00-04:00,32815.328125,32821.55078125,32812.94921875,32819.9609375,371718,1.0
2023-05-24 12:09:00-04:00,32820.51171875,32821.140625,32807.8515625,32807.8515625,388124,1.0
2023-05-24 12:10:00-04:00,32808.109375,32808.62890625,32793.8984375,32795.26171875,350706,1.0
2023-05-24 12:11:00-04:00,32795.5,32795.55078125,32773.23828125,32773.640625,569060,1.0
2023-05-24 12:12:00-04:00,32772.91015625,32772.91015625,32766.0390625,32770.890625,385163,1.0
2023-05-24 12:13:00-04:00,32771.890625,32776.51953125,32769.6015625,32776.2890625,364588,1.0
2023-05-24 12:14:00-04:00,32778.05078125,32790.73828125,32778.0,32790.48046875,305083,1.0
2023-05-24 12:15:00-04:00,32790.51953125,32790.51953125,32782.62890625,32782.62890625,301626,1.0
2023-05-24 12:16:00-04:00,32782.87109375,32784.58984375,32781.078125,32783.83984375,384987,1.0
2023-05-24 12:17:00-04:00,32784.6484375,32790.19921875,32781.87109375,32790.19921875,275101,1.0
2023-05-24 12:18:00-04:00,32790.55859375,32790.55859375,32766.630859375,32767.5703125,667701,1.0
2023-05-24 12:19:00-04:00,32768.0703125,32778.44140625,32768.0703125,32777.33984375,320109,1.0
2023-05-24 12:20:00-04:00,32777.48046875,32786.12109375,32774.62109375,32774.62109375,334263,1.0
2023-05-24 12:21:00-04:00,32774.51171875,32775.75,32761.689453125,32762.029296875,406970,1.0
2023-05-24 12:22:00-04:00,32761.91015625,32761.91015625,32752.439453125,32759.19921875,455804,1.0
2023-05-24 12:23:00-04:00,32759.16015625,32767.5703125,32757.150390625,32766.5,332627,1.0
2023-05-24 12:24:00-04:00,32766.130859375,32766.759765625,32761.529296875,32764.220703125,272167,1.0
2023-05-24 12:25:00-04:00,32765.0390625,32772.4609375,32762.91015625,32772.16015625,385891,1.0
2023-05-24 12:26:00-04:00,32772.23046875,32774.98046875,32769.359375,32770.44140625,258900,1.0
2023-05-24 12:27:00-04:00,32770.73828125,32777.46875,32770.2109375,32772.62890625,417887,1.0
2023-05-24 12:28:00-04:00,32772.140625,32772.140625,32763.380859375,32763.939453125,288935,1.0
2023-05-24 12:29:00-04:00,32763.740234375,32768.48046875,32762.669921875,32764.26953125,308270,1.0
2023-05-24 12:30:00-04:00,32764.310546875,32765.3203125,32756.990234375,32758.240234375,334895,1.0
2023-05-24 12:31:00-04:00,32758.529296875,32759.91015625,32752.849609375,32759.91015625,460798,1.0
2023-05-24 12:32:00-04:00,32759.759765625,32765.80078125,32758.150390625,32759.75,325625,1.0
2023-05-24 12:33:00-04:00,32759.619140625,32771.4296875,32759.619140625,32768.078125,343181,1.0
2023-05-24 12:34:00-04:00,32768.01953125,32772.859375,32764.720703125,32768.921875,1700087,1.0
2023-05-24 12:35:00-04:00,32769.109375,32771.80859375,32767.380859375,32771.4609375,370968,1.0
2023-05-24 12:36:00-04:00,32772.87890625,32775.03125,32769.12890625,32769.12890625,270795,1.0
2023-05-24 12:37:00-04:00,32769.140625,32769.140625,32764.2890625,32764.2890625,223499,1.0
2023-05-24 12:38:00-04:00,32764.3203125,32775.55859375,32763.23046875,32774.5703125,299340,1.0
2023-05-24 12:39:00-04:00,32775.87109375,32787.53125,32774.421875,32787.53125,303674,1.0
2023-05-24 12:40:00-04:00,32788.37890625,32795.87890625,32787.171875,32788.55078125,333546,1.0
2023-05-24 12:41:00-04:00,32788.53125,32809.94921875,32788.53125,32804.96875,534650,1.0
2023-05-24 12:42:00-04:00,32804.41015625,32804.73046875,32795.69140625,32797.19921875,291017,1.0
2023-05-24 12:43:00-04:00,32797.91015625,32797.91015625,32790.2890625,32791.640625,279835,1.0
2023-05-24 12:44:00-04:00,32791.640625,32795.6796875,32790.8203125,32790.921875,251508,1.0
2023-05-24 12:45:00-04:00,32791.26953125,32795.83984375,32782.9296875,32787.87890625,381858,1.0
2023-05-24 12:46:00-04:00,32787.76953125,32800.9296875,32787.76171875,32799.3984375,283907,1.0
2023-05-24 12:47:00-04:00,32799.53125,32800.25,32793.6484375,32794.0703125,237025,1.0
2023-05-24 12:48:00-04:00,32793.80859375,32796.62890625,32790.01171875,32790.01171875,311929,1.0
2023-05-24 12:49:00-04:00,32790.078125,32792.23046875,32787.640625,32788.94921875,238827,1.0
2023-05-24 12:50:00-04:00,32789.73046875,32794.078125,32788.48046875,32793.55859375,251214,1.0
2023-05-24 12:51:00-04:00,32793.6015625,32797.26953125,32793.41015625,32796.6484375,231875,1.0
2023-05-24 12:52:00-04:00,32796.69140625,32801.73046875,32793.390625,32797.08984375,262507,1.0
2023-05-24 12:53:00-04:00,32796.75,32806.328125,32796.75,32805.98046875,246708,1.0
2023-05-24 12:54:00-04:00,32805.8515625,32805.8515625,32800.01171875,32801.7109375,241565,1.0
2023-05-24 12:55:00-04:00,32801.6796875,32811.05859375,32801.44140625,32811.05859375,226171,1.0
2023-05-24 12:56:00-04:00,32810.359375,32811.25,32804.359375,32806.12890625,329467,1.0
2023-05-24 12:57:00-04:00,32806.51171875,32811.98046875,32802.87109375,32803.73046875,303049,1.0
2023-05-24 12:58:00-04:00,32803.76171875,32806.078125,32801.671875,32804.421875,482500,1.0
2023-05-24 12:59:00-04:00,32804.3203125,32807.1484375,32803.16015625,32807.1484375,323335,1.0
2023-05-24 13:00:00-04:00,32807.5390625,32809.37109375,32788.0390625,32792.890625,479605,1.0
2023-05-24 13:01:00-04:00,32792.80078125,32794.921875,32790.25,32792.9296875,311014,1.0
2023-05-24 13:02:00-04:00,32792.80859375,32794.7109375,32789.48828125,32794.7109375,201790,1.0
2023-05-24 13:03:00-04:00,32794.80078125,32796.1796875,32790.828125,32792.80859375,417530,1.0
2023-05-24 13:04:00-04:00,32792.5703125,32795.359375,32789.921875,32793.2890625,388480,1.0
2023-05-24 13:05:00-04:00,32793.05859375,32795.37109375,32788.08984375,32795.328125,233319,1.0
2023-05-24 13:06:00-04:00,32795.6484375,32806.7890625,32795.23828125,32806.7890625,235641,1.0
2023-05-24 13:07:00-04:00,32806.8203125,32807.140625,32791.19140625,32791.19140625,320369,1.0
2023-05-24 13:08:00-04:00,32791.19140625,32791.19140625,32784.390625,32787.078125,292113,1.0
2023-05-24 13:09:00-04:00,32786.890625,32793.578125,32785.25,32793.421875,199463,1.0
2023-05-24 13:10:00-04:00,32793.98828125,32794.53125,32791.05078125,32792.19140625,289252,1.0
2023-05-24 13:11:00-04:00,32792.8984375,32795.26953125,32791.578125,32791.578125,183015,1.0
2023-05-24 13:12:00-04:00,32791.4296875,32791.55078125,32788.46875,32791.0703125,292816,1.0
2023-05-24 13:13:00-04:00,32791.62890625,32793.2109375,32790.33984375,32791.8203125,202347,1.0
2023-05-24 13:14:00-04:00,32791.62109375,32791.62109375,32776.859375,32777.94921875,333450,1.0
2023-05-24 13:15:00-04:00,32777.94921875,32783.28125,32776.26171875,32782.640625,255339,1.0
2023-05-24 13:16:00-04:00,32782.6015625,32792.71875,32782.6015625,32792.28125,280950,1.0
2023-05-24 13:17:00-04:00,32792.44140625,32800.46875,32791.2109375,32799.1796875,312119,1.0
2023-05-24 13:18:00-04:00,32799.19921875,32803.80859375,32798.98046875,32801.2109375,275030,1.0
2023-05-24 13:19:00-04:00,32801.1796875,32811.62109375,32799.96875,32809.73828125,289673,1.0
2023-05-24 13:20:00-04:00,32809.6796875,32833.828125,32809.26171875,32833.55859375,392307,1.0
2023-05-24 13:21:00-04:00,32834.6484375,32838.71875,32826.609375,32838.71875,421886,1.0
2023-05-24 13:22:00-04:00,32838.75,32847.6796875,32838.75,32844.890625,304614,1.0
2023-05-24 13:23:00-04:00,32844.83984375,32844.83984375,32812.53125,32813.08984375,610704,1.0
2023-05-24 13:24:00-04:00,32814.7109375,32815.62109375,32811.671875,32814.94921875,286688,1.0
2023-05-24 13:25:00-04:00,32814.75,32814.75,32791.6015625,32797.51953125,499670,1.0
2023-05-24 13:26:00-04:00,32797.48046875,32798.55859375,32795.33984375,32798.16015625,219549,1.0
2023-05-24 13:27:00-04:00,32797.78125,32797.890625,32793.44140625,32795.58984375,200923,1.0
2023-05-24 13:28:00-04:00,32794.98828125,32801.37109375,32792.8984375,32800.5,200031,1.0
2023-05-24 13:29:00-04:00,32800.7109375,32800.7109375,32797.03125,32799.12890625,193767,1.0
2023-05-24 13:30:00-04:00,32799.01171875,32805.33984375,32798.23046875,32804.87890625,273119,1.0
2023-05-24 13:31:00-04:00,32804.58984375,32821.2109375,32804.578125,32818.6484375,306250,1.0
2023-05-24 13:32:00-04:00,32818.62890625,32822.078125,32812.5703125,32821.75,257167,1.0
2023-05-24 13:33:00-04:00,32820.9609375,32822.8203125,32819.078125,32820.94921875,229346,1.0
2023-05-24 13:34:00-04:00,32820.37890625,32830.421875,32819.69140625,32829.328125,261902,1.0
2023-05-24 13:35:00-04:00,32829.8203125,32833.53125,32828.96875,32831.5703125,286587,1.0
2023-05-24 13:36:00-04:00,32831.96875,32846.359375,32831.7109375,32846.08984375,315843,1.0
2023-05-24 13:37:00-04:00,32845.6015625,32846.1484375,32842.640625,32845.5703125,269309,1.0
2023-05-24 13:38:00-04:00,32845.9609375,32845.9609375,32837.828125,32841.5,290643,1.0
2023-05-24 13:39:00-04:00,32841.609375,32847.2109375,32841.609375,32846.171875,249361,1.0
2023-05-24 13:40:00-04:00,32846.390625,32861.4296875,32846.390625,32861.4296875,317119,1.0
2023-05-24 13:41:00-04:00,32861.46875,32862.3984375,32855.9609375,32859.19140625,411844,1.0
2023-05-24 13:42:00-04:00,32858.87890625,32861.05078125,32856.921875,32857.23828125,301423,1.0
2023-05-24 13:43:00-04:00,32856.58984375,32862.26171875,32856.23046875,32861.3515625,276936,1.0
2023-05-24 13:44:00-04:00,32861.390625,32863.16015625,32859.01171875,32863.01171875,303501,1.0
2023-05-24 13:45:00-04:00,32862.69921875,32874.5390625,32842.140625,32843.75,906759,1.0
2023-05-24 13:46:00-04:00,32843.390625,32846.2890625,32839.53125,32841.37890625,349104,1.0
2023-05-24 13:47:00-04:00,32842.21875,32846.73828125,32838.87890625,32839.23828125,292449,1.0
2023-05-24 13:48:00-04:00,32838.83984375,32843.78125,32837.7109375,32843.6484375,216206,1.0
2023-05-24 13:49:00-04:00,32843.6796875,32846.1796875,32839.80078125,32839.9609375,261890,1.0
2023-05-24 13:50:00-04:00,32839.9609375,32841.51953125,32837.37109375,32837.55078125,284332,1.0
2023-05-24 13:51:00-04:00,32837.19140625,32850.2890625,32837.19140625,32850.26171875,305799,1.0
2023-05-24 13:52:00-04:00,32850.48828125,32853.1015625,32847.73828125,32852.51171875,331540,1.0
2023-05-24 13:53:00-04:00,32852.0390625,32857.25,32850.9609375,32851.1484375,357326,1.0
2023-05-24 13:54:00-04:00,32851.890625,32853.48828125,32851.19140625,32851.23828125,214666,1.0
2023-05-24 13:55:00-04:00,32851.23828125,32853.98046875,32850.91015625,32852.828125,245081,1.0
2023-05-24 13:56:00-04:00,32852.75,32854.73828125,32848.71875,32849.08984375,198305,1.0
2023-05-24 13:57:00-04:00,32849.1484375,32849.16015625,32840.671875,32842.23046875,254565,1.0
2023-05-24 13:58:00-04:00,32842.1015625,32850.30078125,32842.1015625,32850.30078125,234954,1.0
2023-05-24 13:59:00-04:00,32852.921875,32853.94921875,32848.03125,32849.08984375,251187,1.0
2023-05-24 14:00:00-04:00,32849.19140625,32868.21875,32843.4296875,32855.609375,544607,1.0
2023-05-24 14:01:00-04:00,32855.71875,32855.71875,32829.859375,32830.3984375,378250,1.0
2023-05-24 14:02:00-04:00,32830.69140625,32845.44921875,32830.69140625,32835.7109375,319561,1.0
2023-05-24 14:03:00-04:00,32835.83984375,32836.62890625,32826.08984375,32827.12109375,277449,1.0
2023-05-24 14:04:00-04:00,32828.05859375,32828.05859375,32807.98046875,32810.66015625,339378,1.0
2023-05-24 14:05:00-04:00,32810.859375,32829.44921875,32810.859375,32829.44921875,330910,1.0
2023-05-24 14:06:00-04:00,32830.5703125,32832.51953125,32823.21875,32826.80078125,265117,1.0
2023-05-24 14:07:00-04:00,32826.80078125,32830.41015625,32822.94921875,32824.359375,263926,1.0
2023-05-24 14:08:00-04:00,32824.30078125,32824.53125,32818.30078125,32822.91015625,261364,1.0
2023-05-24 14:09:00-04:00,32822.6484375,32824.4296875,32806.80078125,32806.80078125,357463,1.0
2023-05-24 14:10:00-04:00,32806.87890625,32813.87890625,32805.609375,32806.98828125,314692,1.0
2023-05-24 14:11:00-04:00,32806.80859375,32810.94921875,32788.91015625,32791.44140625,638087,1.0
2023-05-24 14:12:00-04:00,32792.9609375,32806.171875,32792.9609375,32805.671875,302059,1.0
2023-05-24 14:13:00-04:00,32805.94921875,32812.80078125,32805.078125,32812.44921875,259905,1.0
2023-05-24 14:14:00-04:00,32812.390625,32814.83984375,32809.44921875,32810.0390625,266701,1.0
2023-05-24 14:15:00-04:00,32809.4609375,32822.08984375,32808.6484375,32822.0703125,320587,1.0
2023-05-24 14:16:00-04:00,32821.83984375,32822.91015625,32797.421875,32799.23046875,340067,1.0
2023-05-24 14:17:00-04:00,32799.6796875,32809.3984375,32798.69140625,32806.69140625,252877,1.0
2023-05-24 14:18:00-04:00,32806.71875,32806.98828125,32797.41015625,32798.5703125,309229,1.0
2023-05-24 14:19:00-04:00,32798.6796875,32801.69921875,32794.3515625,32801.25,318212,1.0
2023-05-24 14:20:00-04:00,32801.23828125,32801.26953125,32790.0,32792.05078125,225115,1.0
2023-05-24 14:21:00-04:00,32792.9296875,32794.16015625,32784.71875,32785.671875,294500,1.0
2023-05-24 14:22:00-04:00,32785.5,32785.80859375,32779.96875,32784.8515625,259794,1.0
2023-05-24 14:23:00-04:00,32784.890625,32793.01953125,32784.890625,32793.01953125,291814,1.0
2023-05-24 14:24:00-04:00,32793.21875,32799.30859375,32793.21875,32797.05859375,323133,1.0
2023-05-24 14:25:00-04:00,32797.05859375,32797.51953125,32786.859375,32787.3984375,260085,1.0
2023-05-24 14:26:00-04:00,32787.26171875,32787.37109375,32774.921875,32778.91015625,300935,1.0
2023-05-24 14:27:00-04:00,32779.0390625,32780.48828125,32776.609375,32777.671875,216911,1.0
2023-05-24 14:28:00-04:00,32778.3203125,32778.3203125,32770.78125,32771.62890625,342810,1.0
2023-05-24 14:29:00-04:00,32771.46875,32773.16015625,32764.58984375,32772.76953125,391473,1.0
2023-05-24 14:30:00-04:00,32772.55859375,32772.55859375,32764.75,32765.19921875,286380,1.0
2023-05-24 14:31:00-04:00,32765.349609375,32773.75,32759.630859375,32773.71875,430476,1.0
2023-05-24 14:32:00-04:00,32773.76953125,32780.16015625,32771.30859375,32771.30859375,290440,1.0
2023-05-24 14:33:00-04:00,32770.671875,32772.328125,32767.869140625,32768.21875,234672,1.0
2023-05-24 14:34:00-04:00,32767.94921875,32779.12890625,32767.109375,32778.69921875,304722,1.0
2023-05-24 14:35:00-04:00,32779.33984375,32784.8203125,32778.08984375,32778.44921875,275493,1.0
2023-05-24 14:36:00-04:00,32779.62109375,32788.3515625,32777.2890625,32788.3515625,309700,1.0
2023-05-24 14:37:00-04:00,32788.80078125,32799.26171875,32786.01171875,32799.26171875,340426,1.0
2023-05-24 14:38:00-04:00,32799.3984375,32805.859375,32797.76171875,32803.37109375,274485,1.0
2023-05-24 14:39:00-04:00,32804.0703125,32807.01171875,32797.05078125,32797.640625,449748,1.0
2023-05-24 14:40:00-04:00,32798.41015625,32815.05078125,32798.28125,32812.23828125,416519,1.0
2023-05-24 14:41:00-04:00,32812.12890625,32815.6015625,32809.828125,32810.609375,270479,1.0
2023-05-24 14:42:00-04:00,32810.76953125,32813.8515625,32805.51953125,32805.51953125,258479,1.0
2023-05-24 14:43:00-04:00,32805.78125,32806.12109375,32803.01171875,32803.01171875,189075,1.0
2023-05-24 14:44:00-04:00,32802.91015625,32803.46875,32794.37890625,32799.01953125,264617,1.0
2023-05-24 14:45:00-04:00,32800.0,32813.76953125,32799.5390625,32811.73046875,337091,1.0
2023-05-24 14:46:00-04:00,32811.6484375,32816.76171875,32807.609375,32807.66015625,435642,1.0
2023-05-24 14:47:00-04:00,32807.76953125,32809.03125,32802.96875,32809.03125,317413,1.0
2023-05-24 14:48:00-04:00,32809.12890625,32809.12890625,32800.640625,32802.12890625,409510,1.0
2023-05-24 14:49:00-04:00,32802.69921875,32804.3984375,32802.19140625,32802.76953125,175771,1.0
2023-05-24 14:50:00-04:00,32802.75,32807.1484375,32800.76953125,32804.69140625,310987,1.0
2023-05-24 14:51:00-04:00,32803.921875,32810.98046875,32803.921875,32809.01953125,313983,1.0
2023-05-24 14:52:00-04:00,32809.19140625,32809.19140625,32799.46875,32804.21875,303581,1.0
2023-05-24 14:53:00-04:00,32804.4609375,32812.01953125,32803.1015625,32803.1015625,402014,1.0
2023-05-24 14:54:00-04:00,32802.62890625,32802.66015625,32775.921875,32781.8203125,787116,1.0
2023-05-24 14:55:00-04:00,32781.83984375,32783.01953125,32777.390625,32781.0,397110,1.0
2023-05-24 14:56:00-04:00,32780.73828125,32781.609375,32775.671875,32775.8203125,411039,1.0
2023-05-24 14:57:00-04:00,32775.37890625,32776.171875,32768.5703125,32772.640625,340884,1.0
2023-05-24 14:58:00-04:00,32772.37109375,32779.37109375,32772.37109375,32776.23046875,310006,1.0
2023-05-24 14:59:00-04:00,32776.5390625,32782.76171875,32776.5390625,32781.69140625,354782,1.0
2023-05-24 15:00:00-04:00,32782.0,32782.33984375,32778.53125,32780.25,322223,1.0
2023-05-24 15:01:00-04:00,32780.7890625,32786.0,32770.0,32770.0,324717,1.0
2023-05-24 15:02:00-04:00,32768.51171875,32770.8515625,32765.259765625,32767.470703125,329313,1.0
2023-05-24 15:03:00-04:00,32768.0,32771.66015625,32766.5390625,32771.16015625,257535,1.0
2023-05-24 15:04:00-04:00,32771.46875,32771.46875,32765.400390625,32766.0703125,356976,1.0
2023-05-24 15:05:00-04:00,32766.30078125,32781.73046875,32766.30078125,32781.73046875,426901,1.0
2023-05-24 15:06:00-04:00,32781.01953125,32793.69921875,32781.01953125,32793.578125,374746,1.0
2023-05-24 15:07:00-04:00,32792.73046875,32793.48828125,32787.5390625,32788.23828125,277172,1.0
2023-05-24 15:08:00-04:00,32788.94140625,32795.30859375,32781.30859375,32786.828125,392254,1.0
2023-05-24 15:09:00-04:00,32786.53125,32792.30078125,32785.73828125,32788.76953125,272393,1.0
2023-05-24 15:10:00-04:00,32788.76953125,32790.421875,32784.3515625,32788.69921875,221342,1.0
2023-05-24 15:11:00-04:00,32788.53125,32792.4609375,32785.94140625,32792.16015625,311234,1.0
2023-05-24 15:12:00-04:00,32792.01953125,32797.359375,32791.48828125,32797.359375,376172,1.0
2023-05-24 15:13:00-04:00,32797.421875,32802.44921875,32797.05859375,32802.44921875,355589,1.0
2023-05-24 15:14:00-04:00,32802.75,32808.5390625,32800.73828125,32807.94140625,433851,1.0
2023-05-24 15:15:00-04:00,32807.94921875,32817.2109375,32807.7109375,32816.9609375,596613,1.0
2023-05-24 15:16:00-04:00,32817.37890625,32823.83984375,32816.30078125,32823.73828125,317279,1.0
2023-05-24 15:17:00-04:00,32824.26953125,32839.25,32823.23046875,32839.25,523971,1.0
2023-05-24 15:18:00-04:00,32839.66015625,32859.37890625,32837.83984375,32857.9296875,661823,1.0
2023-05-24 15:19:00-04:00,32859.53125,32875.640625,32859.53125,32868.28125,848457,1.0
2023-05-24 15:20:00-04:00,32868.7109375,32904.7109375,32868.7109375,32902.828125,1124250,1.0
2023-05-24 15:21:00-04:00,32902.19921875,32911.171875,32886.26171875,32886.58984375,718620,1.0
2023-05-24 15:22:00-04:00,32888.33984375,32899.4296875,32888.33984375,32895.01953125,466941,1.0
2023-05-24 15:23:00-04:00,32895.2109375,32895.2109375,32861.12890625,32861.12890625,888487,1.0
2023-05-24 15:24:00-04:00,32861.76171875,32878.23828125,32859.76171875,32877.3515625,552982,1.0
2023-05-24 15:25:00-04:00,32877.390625,32899.26953125,32877.390625,32895.640625,633357,1.0
2023-05-24 15:26:00-04:00,32895.51171875,32899.890625,32894.83984375,32896.16015625,439880,1.0
2023-05-24 15:27:00-04:00,32896.359375,32896.9609375,32879.37890625,32889.01171875,444029,1.0
2023-05-24 15:28:00-04:00,32889.30859375,32891.6015625,32878.5703125,32881.03125,518215,1.0
2023-05-24 15:29:00-04:00,32881.12890625,32882.25,32872.9609375,32876.94921875,448381,1.0
2023-05-24 15:30:00-04:00,32876.48828125,32894.66015625,32876.21875,32892.609375,689202,1.0
2023-05-24 15:31:00-04:00,32892.55078125,32915.51953125,32892.19921875,32911.0,917241,1.0
2023-05-24 15:32:00-04:00,32911.109375,32931.12890625,32906.37109375,32926.62890625,908168,1.0
2023-05-24 15:33:00-04:00,32927.87109375,32928.19921875,32888.94921875,32892.921875,979140,1.0
2023-05-24 15:34:00-04:00,32892.76953125,32904.23828125,32892.76953125,32897.51171875,502645,1.0
2023-05-24 15:35:00-04:00,32895.44140625,32896.3515625,32874.8515625,32875.19140625,778705,1.0
2023-05-24 15:36:00-04:00,32876.01171875,32880.78125,32871.671875,32875.6796875,549426,1.0
2023-05-24 15:37:00-04:00,32874.69140625,32875.80859375,32870.1796875,32870.7890625,473054,1.0
2023-05-24 15:38:00-04:00,32871.76953125,32877.8203125,32847.69921875,32851.37890625,860093,1.0
2023-05-24 15:39:00-04:00,32851.3984375,32873.62890625,32851.3984375,32873.62890625,607140,1.0
2023-05-24 15:40:00-04:00,32873.6796875,32882.26171875,32865.12109375,32867.48828125,677232,1.0
2023-05-24 15:41:00-04:00,32867.51171875,32867.7109375,32855.51171875,32856.8203125,608277,1.0
2023-05-24 15:42:00-04:00,32856.421875,32866.87890625,32852.94921875,32863.7890625,814310,1.0
2023-05-24 15:43:00-04:00,32864.5390625,32871.8203125,32858.51953125,32862.1796875,656794,1.0
2023-05-24 15:44:00-04:00,32861.98046875,32861.98046875,32841.73828125,32844.8515625,720662,1.0
2023-05-24 15:45:00-04:00,32844.5390625,32844.5390625,32825.2890625,32834.53125,1010436,1.0
2023-05-24 15:46:00-04:00,32833.890625,32834.30859375,32820.328125,32827.76171875,750987,1.0
2023-05-24 15:47:00-04:00,32827.76171875,32842.62109375,32827.12109375,32842.62109375,912658,1.0
2023-05-24 15:48:00-04:00,32842.890625,32853.98828125,32842.26953125,32843.25,883837,1.0
2023-05-24 15:49:00-04:00,32843.28125,32848.62109375,32835.75,32844.1015625,905283,1.0
2023-05-24 15:50:00-04:00,32845.41015625,32845.41015625,32785.3515625,32794.91015625,1936520,1.0
2023-05-24 15:51:00-04:00,32795.75,32797.80859375,32783.640625,32789.7890625,1170333,1.0
2023-05-24 15:52:00-04:00,32790.75,32811.28125,32790.75,32806.55859375,1475477,1.0
2023-05-24 15:53:00-04:00,32806.23046875,32814.6015625,32802.71875,32802.71875,1139248,1.0
2023-05-24 15:54:00-04:00,32800.3984375,32819.30859375,32800.3984375,32808.37890625,1352696,1.0
2023-05-24 15:55:00-04:00,32808.75,32808.75,32781.98828125,32788.12109375,2175322,1.0
2023-05-24 15:56:00-04:00,32788.0703125,32808.25,32784.21875,32807.37890625,2173817,1.0
2023-05-24 15:57:00-04:00,32807.30078125,32817.44921875,32799.58984375,32801.01953125,2318379,1.0
2023-05-24 15:58:00-04:00,32800.23046875,32805.5390625,32794.578125,32799.0703125,2299835,1.0
2023-05-24 15:59:00-04:00,32799.25,32805.578125,32791.2890625,32797.91015625,4812008,1.0
2023-05-25 09:30:00-04:00,32854.26171875,32854.26171875,32733.19921875,32735.130859375,0,1.0
2023-05-25 09:31:00-04:00,32733.279296875,32733.279296875,32690.439453125,32704.2109375,3128696,1.0
2023-05-25 09:32:00-04:00,32703.330078125,32705.58984375,32670.900390625,32675.029296875,2622218,1.0
2023-05-25 09:33:00-04:00,32673.380859375,32703.400390625,32673.380859375,32703.400390625,2179807,1.0
2023-05-25 09:34:00-04:00,32702.849609375,32722.759765625,32702.640625,32708.380859375,2003788,1.0
2023-05-25 09:35:00-04:00,32707.41015625,32728.5703125,32697.619140625,32724.130859375,1761464,1.0
2023-05-25 09:36:00-04:00,32724.98046875,32728.7109375,32694.25,32698.509765625,1854371,1.0
2023-05-25 09:37:00-04:00,32696.720703125,32702.5390625,32665.029296875,32673.990234375,1639185,1.0
2023-05-25 09:38:00-04:00,32675.5,32683.9296875,32675.5,32678.080078125,669397,1.0
2023-05-25 09:39:00-04:00,32686.390625,32687.630859375,32674.490234375,32676.849609375,2162193,1.0
2023-05-25 09:40:00-04:00,32676.23046875,32693.3203125,32665.119140625,32692.720703125,1761429,1.0
2023-05-25 09:41:00-04:00,32693.119140625,32693.119140625,32679.859375,32689.529296875,1403668,1.0
2023-05-25 09:42:00-04:00,32689.26953125,32696.69921875,32676.7890625,32695.6796875,1444438,1.0
2023-05-25 09:43:00-04:00,32694.6796875,32694.6796875,32674.580078125,32690.7109375,1096599,1.0
2023-05-25 09:44:00-04:00,32690.5,32724.16015625,32684.220703125,32724.16015625,1106773,1.0
2023-05-25 09:45:00-04:00,32724.109375,32764.970703125,32724.109375,32754.25,1347075,1.0
2023-05-25 09:46:00-04:00,32753.990234375,32762.349609375,32740.25,32740.25,1512490,1.0
2023-05-25 09:47:00-04:00,32739.8203125,32755.4609375,32738.150390625,32755.119140625,1322323,1.0
2023-05-25 09:48:00-04:00,32753.75,32770.01953125,32753.75,32762.7109375,1326186,1.0
2023-05-25 09:49:00-04:00,32762.05078125,32763.349609375,32703.759765625,32710.779296875,1628062,1.0
2023-05-25 09:50:00-04:00,32710.130859375,32714.150390625,32701.01953125,32712.439453125,1255737,1.0
2023-05-25 09:51:00-04:00,32712.26953125,32735.689453125,32709.919921875,32733.890625,1225256,1.0
2023-05-25 09:52:00-04:00,32734.0,32741.5,32722.740234375,32722.740234375,1062998,1.0
2023-05-25 09:53:00-04:00,32722.380859375,32726.19921875,32712.2109375,32712.2109375,984309,1.0
2023-05-25 09:54:00-04:00,32710.5703125,32721.029296875,32704.0,32715.240234375,1033054,1.0
2023-05-25 09:55:00-04:00,32717.759765625,32729.91015625,32716.25,32729.91015625,1111388,1.0
2023-05-25 09:56:00-04:00,32730.359375,32758.23046875,32726.849609375,32757.0703125,1173843,1.0
2023-05-25 09:57:00-04:00,32758.5703125,32765.279296875,32756.619140625,32758.94921875,749357,1.0
2023-05-25 09:58:00-04:00,32759.2109375,32766.390625,32757.859375,32759.3203125,984020,1.0
2023-05-25 09:59:00-04:00,32758.830078125,32764.619140625,32754.080078125,32764.4609375,892051,1.0
2023-05-25 10:00:00-04:00,32764.009765625,32801.30859375,32764.009765625,32794.078125,1511051,1.0
2023-05-25 10:01:00-04:00,32792.19921875,32796.0703125,32773.62890625,32773.62890625,1922479,1.0
2023-05-25 10:02:00-04:00,32772.37109375,32772.37109375,32758.310546875,32761.01953125,864167,1.0
2023-05-25 10:03:00-04:00,32762.810546875,32771.921875,32760.08984375,32767.240234375,903501,1.0
2023-05-25 10:04:00-04:00,32768.8203125,32777.12109375,32765.490234375,32768.96875,1126118,1.0
2023-05-25 10:05:00-04:00,32768.7109375,32778.5,32761.25,32761.25,852606,1.0
2023-05-25 10:06:00-04:00,32760.5,32771.80859375,32735.76953125,32736.5390625,1064321,1.0
2023-05-25 10:07:00-04:00,32736.330078125,32736.330078125,32720.2890625,32724.16015625,983837,1.0
2023-05-25 10:08:00-04:00,32724.640625,32728.3203125,32718.880859375,32720.7890625,862596,1.0
2023-05-25 10:09:00-04:00,32719.080078125,32719.080078125,32712.869140625,32712.869140625,890004,1.0
2023-05-25 10:10:00-04:00,32711.080078125,32711.080078125,32692.44921875,32692.91015625,991934,1.0
2023-05-25 10:11:00-04:00,32691.439453125,32706.55078125,32687.08984375,32689.359375,1042611,1.0
2023-05-25 10:12:00-04:00,32690.150390625,32703.849609375,32683.0703125,32703.279296875,936056,1.0
2023-05-25 10:13:00-04:00,32701.849609375,32710.2890625,32699.69921875,32706.779296875,1145195,1.0
2023-05-25 10:14:00-04:00,32706.390625,32710.0390625,32693.640625,32696.0390625,716919,1.0
2023-05-25 10:15:00-04:00,32696.109375,32726.619140625,32692.470703125,32724.5703125,767629,1.0
2023-05-25 10:16:00-04:00,32724.869140625,32728.169921875,32721.73046875,32724.890625,818474,1.0
2023-05-25 10:17:00-04:00,32725.630859375,32739.919921875,32724.0703125,32739.740234375,669613,1.0
2023-05-25 10:18:00-04:00,32739.33984375,32739.33984375,32714.66015625,32714.66015625,985724,1.0
2023-05-25 10:19:00-04:00,32714.990234375,32715.5390625,32700.990234375,32701.0703125,841353,1.0
2023-05-25 10:20:00-04:00,32700.98046875,32700.98046875,32684.1796875,32697.689453125,1244266,1.0
2023-05-25 10:21:00-04:00,32698.189453125,32698.189453125,32681.869140625,32693.349609375,1018208,1.0
2023-05-25 10:22:00-04:00,32693.630859375,32705.919921875,32689.98046875,32704.369140625,1508724,1.0
2023-05-25 10:23:00-04:00,32704.30078125,32704.310546875,32692.650390625,32693.150390625,698334,1.0
2023-05-25 10:24:00-04:00,32692.7109375,32699.630859375,32687.5703125,32698.529296875,752721,1.0
2023-05-25 10:25:00-04:00,32698.529296875,32715.009765625,32695.390625,32713.58984375,745309,1.0
2023-05-25 10:26:00-04:00,32714.1796875,32731.98046875,32712.509765625,32731.98046875,825038,1.0
2023-05-25 10:27:00-04:00,32731.73046875,32732.619140625,32726.41015625,32727.83984375,716700,1.0
2023-05-25 10:28:00-04:00,32741.810546875,32743.009765625,32735.259765625,32737.599609375,765855,1.0
2023-05-25 10:29:00-04:00,32738.16015625,32746.16015625,32731.990234375,32731.990234375,836508,1.0
2023-05-25 10:30:00-04:00,32732.609375,32734.2890625,32721.970703125,32723.970703125,825750,1.0
2023-05-25 10:31:00-04:00,32723.58984375,32724.640625,32709.669921875,32709.94921875,769765,1.0
2023-05-25 10:32:00-04:00,32710.130859375,32731.689453125,32702.26953125,32728.220703125,831479,1.0
2023-05-25 10:33:00-04:00,32728.66015625,32728.66015625,32702.900390625,32702.900390625,592861,1.0
2023-05-25 10:34:00-04:00,32703.109375,32713.69921875,32694.380859375,32710.6796875,681240,1.0
2023-05-25 10:35:00-04:00,32711.560546875,32712.869140625,32700.0703125,32700.33984375,824221,1.0
2023-05-25 10:36:00-04:00,32699.330078125,32711.140625,32691.609375,32710.380859375,751436,1.0
2023-05-25 10:37:00-04:00,32715.3203125,32719.98046875,32708.970703125,32710.5,755362,1.0
2023-05-25 10:38:00-04:00,32709.919921875,32724.220703125,32706.25,32723.119140625,635835,1.0
2023-05-25 10:39:00-04:00,32723.990234375,32731.560546875,32722.310546875,32729.01953125,651225,1.0
2023-05-25 10:40:00-04:00,32728.9609375,32751.060546875,32728.33984375,32743.0703125,898251,1.0
2023-05-25 10:41:00-04:00,32743.23046875,32748.94921875,32740.6796875,32747.3203125,619830,1.0
2023-05-25 10:42:00-04:00,32746.900390625,32747.2109375,32724.380859375,32738.509765625,785960,1.0
2023-05-25 10:43:00-04:00,32740.4296875,32750.640625,32740.4296875,32746.7109375,634282,1.0
2023-05-25 10:44:00-04:00,32748.599609375,32755.669921875,32746.509765625,32748.970703125,758372,1.0
2023-05-25 10:45:00-04:00,32750.169921875,32773.78125,32750.169921875,32758.0,890179,1.0
2023-05-25 10:46:00-04:00,32758.359375,32761.05078125,32752.5703125,32752.599609375,634732,1.0
2023-05-25 10:47:00-04:00,32752.7890625,32752.970703125,32741.76953125,32741.76953125,707237,1.0
2023-05-25 10:48:00-04:00,32741.060546875,32741.810546875,32732.759765625,32732.970703125,597795,1.0
2023-05-25 10:49:00-04:00,32727.76953125,32727.76953125,32714.779296875,32721.4609375,777042,1.0
2023-05-25 10:50:00-04:00,32724.380859375,32731.48046875,32724.26953125,32730.26953125,710886,1.0
2023-05-25 10:51:00-04:00,32730.98046875,32737.91015625,32730.98046875,32731.169921875,680149,1.0
2023-05-25 10:52:00-04:00,32730.759765625,32732.150390625,32726.80078125,32728.66015625,728433,1.0
2023-05-25 10:53:00-04:00,32728.91015625,32733.5390625,32720.349609375,32727.2890625,1025430,1.0
2023-05-25 10:54:00-04:00,32727.529296875,32729.05078125,32724.109375,32727.740234375,560398,1.0
2023-05-25 10:55:00-04:00,32728.01953125,32737.900390625,32727.810546875,32735.0,783899,1.0
2023-05-25 10:56:00-04:00,32734.7890625,32734.7890625,32726.869140625,32733.66015625,1055435,1.0
2023-05-25 10:57:00-04:00,32733.75,32733.75,32720.94921875,32723.609375,763150,1.0
2023-05-25 10:58:00-04:00,32722.7109375,32731.009765625,32721.9609375,32725.720703125,603020,1.0
2023-05-25 10:59:00-04:00,32726.98046875,32738.4296875,32723.830078125,32738.2109375,721319,1.0
2023-05-25 11:00:00-04:00,32738.939453125,32746.279296875,32738.01953125,32745.0703125,843576,1.0
2023-05-25 11:01:00-04:00,32744.7890625,32750.4609375,32742.060546875,32748.869140625,648661,1.0
2023-05-25 11:02:00-04:00,32749.330078125,32756.76953125,32749.2890625,32752.630859375,660364,1.0
2023-05-25 11:03:00-04:00,32752.98046875,32752.98046875,32743.220703125,32749.08984375,521097,1.0
2023-05-25 11:04:00-04:00,32748.76953125,32749.990234375,32744.75,32749.0703125,627415,1.0
2023-05-25 11:05:00-04:00,32749.130859375,32763.4609375,32749.130859375,32757.939453125,746029,1.0
2023-05-25 11:06:00-04:00,32757.83984375,32759.330078125,32753.119140625,32755.3203125,667658,1.0
2023-05-25 11:07:00-04:00,32755.55078125,32763.2890625,32753.689453125,32757.33984375,744887,1.0
2023-05-25 11:08:00-04:00,32757.880859375,32757.970703125,32751.640625,32751.98046875,752506,1.0
2023-05-25 11:09:00-04:00,32751.650390625,32751.720703125,32745.44921875,32749.5,598653,1.0
2023-05-25 11:10:00-04:00,32749.630859375,32755.990234375,32746.029296875,32755.380859375,505073,1.0
2023-05-25 11:11:00-04:00,32755.560546875,32757.9296875,32752.30078125,32755.669921875,612764,1.0
2023-05-25 11:12:00-04:00,32755.869140625,32764.330078125,32749.08984375,32752.26953125,873415,1.0
2023-05-25 11:13:00-04:00,32752.33984375,32752.7109375,32746.330078125,32750.48046875,1354577,1.0
2023-05-25 11:14:00-04:00,32750.5,32761.029296875,32744.810546875,32745.3203125,871725,1.0
2023-05-25 11:15:00-04:00,32746.380859375,32757.73046875,32746.380859375,32756.259765625,658081,1.0
2023-05-25 11:16:00-04:00,32755.310546875,32755.310546875,32707.150390625,32711.400390625,1426824,1.0
2023-05-25 11:17:00-04:00,32712.619140625,32714.900390625,32688.26953125,32688.26953125,1841986,1.0
2023-05-25 11:18:00-04:00,32686.529296875,32700.830078125,32686.529296875,32698.890625,758648,1.0
2023-05-25 11:19:00-04:00,32699.490234375,32700.73046875,32688.69921875,32688.69921875,734972,1.0
2023-05-25 11:20:00-04:00,32688.349609375,32695.55078125,32684.439453125,32694.19921875,607118,1.0
2023-05-25 11:21:00-04:00,32694.650390625,32698.01953125,32672.3203125,32676.16015625,776156,1.0
2023-05-25 11:22:00-04:00,32677.970703125,32687.810546875,32677.970703125,32685.5,594320,1.0
2023-05-25 11:23:00-04:00,32685.0703125,32688.25,32675.099609375,32675.119140625,630999,1.0
2023-05-25 11:24:00-04:00,32675.810546875,32683.859375,32675.310546875,32682.279296875,629399,1.0
2023-05-25 11:25:00-04:00,32682.5703125,32684.5390625,32676.98046875,32677.76953125,732655,1.0
2023-05-25 11:26:00-04:00,32678.080078125,32680.009765625,32662.169921875,32662.169921875,631901,1.0
2023-05-25 11:27:00-04:00,32662.380859375,32668.119140625,32661.130859375,32667.029296875,760858,1.0
2023-05-25 11:28:00-04:00,32667.130859375,32676.310546875,32665.619140625,32673.619140625,804663,1.0
2023-05-25 11:29:00-04:00,32673.80078125,32675.220703125,32665.76953125,32666.630859375,625741,1.0
2023-05-25 11:30:00-04:00,32667.48046875,32672.23046875,32663.099609375,32669.05078125,650314,1.0
2023-05-25 11:31:00-04:00,32668.41015625,32669.109375,32649.44921875,32651.029296875,1081050,1.0
2023-05-25 11:32:00-04:00,32650.6796875,32660.2890625,32650.640625,32659.830078125,574622,1.0
2023-05-25 11:33:00-04:00,32659.720703125,32661.01953125,32644.189453125,32644.189453125,887138,1.0
2023-05-25 11:34:00-04:00,32644.41015625,32644.41015625,32633.73046875,32638.900390625,778899,1.0
2023-05-25 11:35:00-04:00,32638.349609375,32638.349609375,32627.05078125,32627.19921875,766899,1.0
2023-05-25 11:36:00-04:00,32627.080078125,32628.400390625,32621.44921875,32621.44921875,530339,1.0
2023-05-25 11:37:00-04:00,32620.400390625,32624.33984375,32618.890625,32624.330078125,704705,1.0
2023-05-25 11:38:00-04:00,32624.130859375,32624.130859375,32616.390625,32617.220703125,544983,1.0
2023-05-25 11:39:00-04:00,32617.349609375,32619.8203125,32612.259765625,32612.75,640709,1.0
2023-05-25 11:40:00-04:00,32612.7109375,32613.5,32590.880859375,32590.880859375,867304,1.0
2023-05-25 11:41:00-04:00,32589.75,32602.060546875,32586.560546875,32601.869140625,808629,1.0
2023-05-25 11:42:00-04:00,32602.609375,32612.310546875,32597.599609375,32612.310546875,647169,1.0
2023-05-25 11:43:00-04:00,32612.30078125,32612.419921875,32604.970703125,32607.91015625,660310,1.0
2023-05-25 11:44:00-04:00,32607.880859375,32607.880859375,32596.7109375,32597.369140625,572762,1.0
2023-05-25 11:45:00-04:00,32597.73046875,32602.919921875,32596.08984375,32600.400390625,641602,1.0
2023-05-25 11:46:00-04:00,32600.19921875,32603.330078125,32595.439453125,32600.630859375,560117,1.0
2023-05-25 11:47:00-04:00,32600.75,32612.310546875,32598.66015625,32610.810546875,788455,1.0
2023-05-25 11:48:00-04:00,32610.380859375,32611.01953125,32599.8203125,32599.8203125,527701,1.0
2023-05-25 11:49:00-04:00,32599.55078125,32602.98046875,32595.9609375,32602.66015625,551365,1.0
2023-05-25 11:50:00-04:00,32603.16015625,32603.16015625,32596.66015625,32597.849609375,481127,1.0
2023-05-25 11:51:00-04:00,32598.919921875,32600.1796875,32596.509765625,32598.5390625,608618,1.0
2023-05-25 11:52:00-04:00,32598.51953125,32598.900390625,32595.330078125,32595.849609375,484722,1.0
2023-05-25 11:53:00-04:00,32595.94921875,32628.189453125,32595.94921875,32619.19921875,1073854,1.0
2023-05-25 11:54:00-04:00,32618.240234375,32623.310546875,32599.720703125,32600.080078125,652150,1.0
2023-05-25 11:55:00-04:00,32599.5703125,32609.25,32596.9296875,32609.220703125,579581,1.0
2023-05-25 11:56:00-04:00,32608.990234375,32611.30078125,32599.05078125,32599.9609375,660335,1.0
2023-05-25 11:57:00-04:00,32599.939453125,32612.609375,32598.580078125,32610.669921875,496713,1.0
2023-05-25 11:58:00-04:00,32610.76953125,32619.099609375,32609.55078125,32617.640625,512659,1.0
2023-05-25 11:59:00-04:00,32617.41015625,32625.490234375,32617.41015625,32625.33984375,557221,1.0
2023-05-25 12:00:00-04:00,32626.849609375,32644.609375,32626.849609375,32640.900390625,739635,1.0
2023-05-25 12:01:00-04:00,32643.580078125,32653.259765625,32641.890625,32646.490234375,598289,1.0
2023-05-25 12:02:00-04:00,32646.94921875,32649.23046875,32639.720703125,32642.560546875,384566,1.0
2023-05-25 12:03:00-04:00,32642.75,32646.779296875,32642.75,32646.259765625,356351,1.0
2023-05-25 12:04:00-04:00,32646.0703125,32653.669921875,32642.630859375,32653.669921875,497471,1.0
2023-05-25 12:05:00-04:00,32653.76953125,32655.880859375,32652.98046875,32655.880859375,544562,1.0
2023-05-25 12:06:00-04:00,32655.580078125,32655.91015625,32642.509765625,32642.509765625,397797,1.0
2023-05-25 12:07:00-04:00,32642.41015625,32651.859375,32642.2109375,32651.58984375,305423,1.0
2023-05-25 12:08:00-04:00,32651.44921875,32660.55078125,32651.16015625,32658.25,464489,1.0
2023-05-25 12:09:00-04:00,32658.41015625,32658.41015625,32649.91015625,32657.75,424571,1.0
2023-05-25 12:10:00-04:00,32657.55078125,32673.76953125,32657.55078125,32671.8203125,449972,1.0
2023-05-25 12:11:00-04:00,32671.779296875,32673.490234375,32668.8203125,32673.0,735668,1.0
2023-05-25 12:12:00-04:00,32673.5703125,32690.05078125,32673.5703125,32685.30078125,581775,1.0
2023-05-25 12:13:00-04:00,32685.0,32695.890625,32683.30078125,32695.890625,459434,1.0
2023-05-25 12:14:00-04:00,32695.55078125,32697.869140625,32692.33984375,32694.130859375,648998,1.0
2023-05-25 12:15:00-04:00,32694.48046875,32697.939453125,32689.5390625,32690.51953125,655964,1.0
2023-05-25 12:16:00-04:00,32690.490234375,32697.619140625,32688.41015625,32696.5,479207,1.0
2023-05-25 12:17:00-04:00,32697.880859375,32697.94921875,32691.0390625,32691.2109375,524346,1.0
2023-05-25 12:18:00-04:00,32691.009765625,32693.439453125,32687.3203125,32687.44921875,433398,1.0
2023-05-25 12:19:00-04:00,32687.400390625,32700.169921875,32687.400390625,32698.69921875,566423,1.0
2023-05-25 12:20:00-04:00,32699.73046875,32707.33984375,32696.9609375,32697.109375,693504,1.0
2023-05-25 12:21:00-04:00,32697.25,32698.119140625,32688.359375,32692.51953125,465763,1.0
2023-05-25 12:22:00-04:00,32692.69921875,32709.390625,32689.44921875,32708.05078125,532637,1.0
2023-05-25 12:23:00-04:00,32708.109375,32716.990234375,32707.4296875,32716.83984375,708684,1.0
2023-05-25 12:24:00-04:00,32716.80078125,32716.990234375,32686.689453125,32686.9609375,910846,1.0
2023-05-25 12:25:00-04:00,32686.73046875,32689.4296875,32665.44921875,32665.44921875,906493,1.0
2023-05-25 12:26:00-04:00,32665.509765625,32669.55078125,32663.0,32669.2890625,484016,1.0
2023-05-25 12:27:00-04:00,32669.98046875,32676.609375,32663.30078125,32666.759765625,811901,1.0
2023-05-25 12:28:00-04:00,32666.560546875,32682.150390625,32665.9296875,32681.880859375,772472,1.0
2023-05-25 12:29:00-04:00,32681.619140625,32683.26953125,32679.560546875,32683.080078125,410510,1.0
2023-05-25 12:30:00-04:00,32683.310546875,32696.369140625,32678.380859375,32681.0,1386071,1.0
2023-05-25 12:31:00-04:00,32681.029296875,32681.029296875,32676.359375,32679.669921875,490164,1.0
2023-05-25 12:32:00-04:00,32679.630859375,32681.689453125,32677.05078125,32677.7109375,444096,1.0
2023-05-25 12:33:00-04:00,32677.5,32678.23046875,32670.2890625,32670.2890625,351571,1.0
2023-05-25 12:34:00-04:00,32670.2890625,32670.5703125,32645.1796875,32645.1796875,724380,1.0
2023-05-25 12:35:00-04:00,32644.69921875,32664.310546875,32644.69921875,32661.669921875,552029,1.0
2023-05-25 12:36:00-04:00,32661.810546875,32664.140625,32660.220703125,32660.25,378319,1.0
2023-05-25 12:37:00-04:00,32660.1796875,32660.4296875,32656.869140625,32660.4296875,427431,1.0
2023-05-25 12:38:00-04:00,32660.560546875,32661.470703125,32651.390625,32651.390625,372315,1.0
2023-05-25 12:39:00-04:00,32651.5390625,32655.359375,32648.0,32655.0703125,451845,1.0
2023-05-25 12:40:00-04:00,32657.01953125,32680.75,32657.01953125,32680.669921875,553982,1.0
2023-05-25 12:41:00-04:00,32680.41015625,32680.509765625,32674.259765625,32674.900390625,420975,1.0
2023-05-25 12:42:00-04:00,32674.669921875,32677.94921875,32673.76953125,32674.720703125,597394,1.0
2023-05-25 12:43:00-04:00,32674.7890625,32678.91015625,32674.7890625,32678.400390625,381286,1.0
2023-05-25 12:44:00-04:00,32678.849609375,32681.05078125,32672.359375,32672.359375,360266,1.0
2023-05-25 12:45:00-04:00,32672.640625,32672.7890625,32665.4296875,32666.310546875,506256,1.0
2023-05-25 12:46:00-04:00,32666.220703125,32673.7109375,32664.310546875,32672.970703125,441290,1.0
2023-05-25 12:47:00-04:00,32672.880859375,32672.880859375,32662.669921875,32664.740234375,472277,1.0
2023-05-25 12:48:00-04:00,32664.2109375,32665.529296875,32658.970703125,32664.609375,416710,1.0
2023-05-25 12:49:00-04:00,32664.669921875,32671.919921875,32664.359375,32665.5,419277,1.0
2023-05-25 12:50:00-04:00,32665.9296875,32670.33984375,32664.609375,32667.869140625,238752,1.0
2023-05-25 12:51:00-04:00,32667.849609375,32672.9609375,32665.3203125,32672.900390625,338309,1.0
2023-05-25 12:52:00-04:00,32672.689453125,32673.05078125,32668.779296875,32668.919921875,304426,1.0
2023-05-25 12:53:00-04:00,32669.169921875,32673.05078125,32667.58984375,32671.720703125,234828,1.0
2023-05-25 12:54:00-04:00,32671.740234375,32672.76953125,32652.259765625,32652.259765625,454069,1.0
2023-05-25 12:55:00-04:00,32652.33984375,32662.080078125,32651.05078125,32661.939453125,323347,1.0
2023-05-25 12:56:00-04:00,32661.55078125,32676.830078125,32661.55078125,32675.740234375,573149,1.0
2023-05-25 12:57:00-04:00,32674.970703125,32676.1796875,32660.98046875,32660.98046875,423712,1.0
2023-05-25 12:58:00-04:00,32660.849609375,32660.849609375,32650.220703125,32654.75,401202,1.0
2023-05-25 12:59:00-04:00,32654.25,32654.25,32631.69921875,32633.880859375,1477245,1.0
2023-05-25 13:00:00-04:00,32634.009765625,32643.25,32634.009765625,32637.580078125,465031,1.0
2023-05-25 13:01:00-04:00,32637.470703125,32637.470703125,32624.91015625,32625.3203125,392340,1.0
2023-05-25 13:02:00-04:00,32624.890625,32624.890625,32608.810546875,32622.9609375,666946,1.0
2023-05-25 13:03:00-04:00,32623.08984375,32629.08984375,32617.150390625,32624.640625,478294,1.0
2023-05-25 13:04:00-04:00,32624.66015625,32629.48046875,32622.51953125,32623.05078125,368527,1.0
2023-05-25 13:05:00-04:00,32623.23046875,32624.2890625,32619.259765625,32619.98046875,495418,1.0
2023-05-25 13:06:00-04:00,32621.080078125,32631.23046875,32620.0,32625.2890625,435850,1.0
2023-05-25 13:07:00-04:00,32625.41015625,32635.630859375,32622.19921875,32635.630859375,383852,1.0
2023-05-25 13:08:00-04:00,32636.509765625,32643.0390625,32636.4296875,32642.869140625,360055,1.0
2023-05-25 13:09:00-04:00,32642.970703125,32648.470703125,32636.55078125,32637.3203125,374857,1.0
2023-05-25 13:10:00-04:00,32637.369140625,32645.619140625,32636.470703125,32645.619140625,383706,1.0
2023-05-25 13:11:00-04:00,32646.390625,32650.55078125,32646.119140625,32650.109375,460492,1.0
2023-05-25 13:12:00-04:00,32650.080078125,32658.970703125,32650.080078125,32658.279296875,436180,1.0
2023-05-25 13:13:00-04:00,32658.08984375,32660.669921875,32655.279296875,32660.419921875,373149,1.0
2023-05-25 13:14:00-04:00,32660.310546875,32663.390625,32660.25,32661.349609375,371992,1.0
2023-05-25 13:15:00-04:00,32661.44921875,32673.560546875,32660.7890625,32673.560546875,529033,1.0
2023-05-25 13:16:00-04:00,32673.779296875,32687.380859375,32673.779296875,32684.330078125,505549,1.0
2023-05-25 13:17:00-04:00,32684.26953125,32694.630859375,32681.55078125,32694.630859375,761062,1.0
2023-05-25 13:18:00-04:00,32695.05078125,32696.919921875,32689.98046875,32694.669921875,504488,1.0
2023-05-25 13:19:00-04:00,32694.55078125,32694.8203125,32688.26953125,32689.859375,513967,1.0
2023-05-25 13:20:00-04:00,32689.830078125,32695.060546875,32689.830078125,32694.740234375,411799,1.0
2023-05-25 13:21:00-04:00,32694.640625,32700.9296875,32689.009765625,32700.220703125,675678,1.0
2023-05-25 13:22:00-04:00,32700.220703125,32702.1796875,32698.369140625,32702.1796875,319885,1.0
2023-05-25 13:23:00-04:00,32701.990234375,32705.58984375,32699.220703125,32705.58984375,334080,1.0
2023-05-25 13:24:00-04:00,32706.2890625,32711.4296875,32706.2890625,32707.869140625,328531,1.0
2023-05-25 13:25:00-04:00,32708.01953125,32715.599609375,32707.19921875,32715.599609375,461034,1.0
2023-05-25 13:26:00-04:00,32715.830078125,32734.419921875,32715.439453125,32733.6796875,628889,1.0
2023-05-25 13:27:00-04:00,32734.009765625,32751.9296875,32734.009765625,32743.109375,544064,1.0
2023-05-25 13:28:00-04:00,32742.76953125,32743.400390625,32738.990234375,32743.400390625,408369,1.0
2023-05-25 13:29:00-04:00,32742.359375,32742.359375,32736.310546875,32738.310546875,315488,1.0
2023-05-25 13:30:00-04:00,32737.8203125,32748.830078125,32737.099609375,32748.830078125,452305,1.0
2023-05-25 13:31:00-04:00,32749.259765625,32751.439453125,32747.560546875,32751.330078125,454278,1.0
2023-05-25 13:32:00-04:00,32751.109375,32766.359375,32751.0,32764.33984375,549326,1.0
2023-05-25 13:33:00-04:00,32764.16015625,32764.580078125,32741.900390625,32741.900390625,741834,1.0
2023-05-25 13:34:00-04:00,32742.0390625,32748.580078125,32742.0390625,32747.94921875,73427,1.0
2023-05-25 13:35:00-04:00,32747.94921875,32748.669921875,32738.5390625,32742.0390625,442239,1.0
2023-05-25 13:36:00-04:00,32742.0,32743.849609375,32734.94921875,32743.390625,357109,1.0
2023-05-25 13:37:00-04:00,32744.0390625,32747.689453125,32743.0703125,32743.0703125,316010,1.0
2023-05-25 13:38:00-04:00,32742.830078125,32744.369140625,32737.900390625,32738.419921875,276477,1.0
2023-05-25 13:39:00-04:00,32738.5390625,32754.3203125,32736.2890625,32754.3203125,377948,1.0
2023-05-25 13:40:00-04:00,32755.119140625,32755.8203125,32751.759765625,32754.720703125,361930,1.0
2023-05-25 13:41:00-04:00,32755.16015625,32755.73046875,32746.41015625,32754.849609375,431883,1.0
2023-05-25 13:42:00-04:00,32754.099609375,32756.609375,32751.75,32756.609375,366529,1.0
2023-05-25 13:43:00-04:00,32756.69921875,32762.7109375,32756.509765625,32760.689453125,468299,1.0
2023-05-25 13:44:00-04:00,32760.5,32760.599609375,32752.009765625,32752.009765625,435862,1.0
2023-05-25 13:45:00-04:00,32752.140625,32754.880859375,32751.98046875,32752.98046875,452647,1.0
2023-05-25 13:46:00-04:00,32752.810546875,32755.130859375,32746.119140625,32751.33984375,378325,1.0
2023-05-25 13:47:00-04:00,32752.380859375,32762.19921875,32752.380859375,32762.19921875,392997,1.0
2023-05-25 13:48:00-04:00,32762.369140625,32770.69140625,32762.369140625,32765.890625,509822,1.0
2023-05-25 13:49:00-04:00,32765.869140625,32766.939453125,32762.33984375,32763.91015625,559901,1.0
2023-05-25 13:50:00-04:00,32763.990234375,32767.689453125,32760.400390625,32760.619140625,537890,1.0
2023-05-25 13:51:00-04:00,32760.669921875,32769.4296875,32759.4296875,32763.8203125,580533,1.0
2023-05-25 13:52:00-04:00,32763.890625,32766.099609375,32762.9296875,32765.310546875,418462,1.0
2023-05-25 13:53:00-04:00,32765.060546875,32765.060546875,32758.9609375,32758.98046875,409417,1.0
2023-05-25 13:54:00-04:00,32759.419921875,32759.419921875,32743.75,32746.119140625,665432,1.0
2023-05-25 13:55:00-04:00,32745.9296875,32753.83984375,32745.9296875,32753.83984375,460149,1.0
2023-05-25 13:56:00-04:00,32753.779296875,32755.970703125,32751.849609375,32755.0,424375,1.0
2023-05-25 13:57:00-04:00,32755.009765625,32757.720703125,32752.73046875,32756.669921875,435224,1.0
2023-05-25 13:58:00-04:00,32757.05078125,32772.859375,32757.05078125,32772.5,424516,1.0
2023-05-25 13:59:00-04:00,32772.5,32783.80078125,32772.5,32783.73046875,467955,1.0
2023-05-25 14:00:00-04:00,32783.83984375,32860.8984375,32783.83984375,32848.62890625,1788755,1.0
2023-05-25 14:01:00-04:00,32849.28125,32870.4296875,32849.28125,32862.26953125,1058163,1.0
2023-05-25 14:02:00-04:00,32860.328125,32860.37890625,32839.8984375,32845.328125,651350,1.0
2023-05-25 14:03:00-04:00,32844.578125,32844.578125,32816.83984375,32816.83984375,676412,1.0
2023-05-25 14:04:00-04:00,32815.75,32823.98046875,32811.12890625,32823.48046875,582123,1.0
2023-05-25 14:05:00-04:00,32822.87890625,32824.66015625,32810.71875,32811.96875,463318,1.0
2023-05-25 14:06:00-04:00,32812.03125,32812.76953125,32792.12109375,32794.30859375,508919,1.0
2023-05-25 14:07:00-04:00,32794.44140625,32798.53125,32792.421875,32792.48046875,513836,1.0
2023-05-25 14:08:00-04:00,32792.3515625,32792.66015625,32779.62109375,32779.62109375,377307,1.0
2023-05-25 14:09:00-04:00,32778.87890625,32779.828125,32775.30078125,32777.23046875,419887,1.0
2023-05-25 14:10:00-04:00,32777.94140625,32793.140625,32777.94140625,32792.62890625,449287,1.0
2023-05-25 14:11:00-04:00,32792.46875,32795.55859375,32787.69921875,32788.1015625,291229,1.0
2023-05-25 14:12:00-04:00,32788.0390625,32788.0703125,32781.4609375,32786.6484375,362327,1.0
2023-05-25 14:13:00-04:00,32786.01953125,32789.109375,32784.05859375,32788.6796875,387233,1.0
2023-05-25 14:14:00-04:00,32788.41015625,32796.55078125,32788.2109375,32796.12890625,354590,1.0
2023-05-25 14:15:00-04:00,32796.01171875,32815.48046875,32795.6015625,32812.51953125,514133,1.0
2023-05-25 14:16:00-04:00,32812.828125,32823.01171875,32809.46875,32822.671875,407534,1.0
2023-05-25 14:17:00-04:00,32821.28125,32822.80078125,32811.87109375,32813.21875,372002,1.0
2023-05-25 14:18:00-04:00,32813.6796875,32823.48828125,32813.6796875,32816.4296875,361160,1.0
2023-05-25 14:19:00-04:00,32816.01953125,32816.01953125,32807.26171875,32811.37109375,441058,1.0
2023-05-25 14:20:00-04:00,32811.80859375,32812.359375,32797.1015625,32797.1015625,399984,1.0
2023-05-25 14:21:00-04:00,32796.671875,32799.1015625,32793.58984375,32798.41015625,378204,1.0
2023-05-25 14:22:00-04:00,32798.26171875,32799.48828125,32795.80859375,32796.1484375,339824,1.0
2023-05-25 14:23:00-04:00,32796.30078125,32802.51953125,32796.30078125,32802.03125,400119,1.0
2023-05-25 14:24:00-04:00,32801.98046875,32803.3203125,32788.640625,32789.73046875,704797,1.0
2023-05-25 14:25:00-04:00,32789.609375,32792.078125,32782.859375,32785.05859375,398258,1.0
2023-05-25 14:26:00-04:00,32784.2109375,32803.1484375,32784.2109375,32803.1484375,456064,1.0
2023-05-25 14:27:00-04:00,32804.55859375,32809.69140625,32801.21875,32801.21875,440521,1.0
2023-05-25 14:28:00-04:00,32801.1796875,32805.4609375,32799.76953125,32805.19140625,353781,1.0
2023-05-25 14:29:00-04:00,32805.48828125,32805.48828125,32787.30859375,32787.30859375,436082,1.0
2023-05-25 14:30:00-04:00,32787.44140625,32788.9609375,32785.1796875,32785.69921875,286546,1.0
2023-05-25 14:31:00-04:00,32786.48828125,32789.6015625,32777.55078125,32777.55078125,405120,1.0
2023-05-25 14:32:00-04:00,32777.62109375,32779.23046875,32766.869140625,32769.48046875,409891,1.0
2023-05-25 14:33:00-04:00,32769.8203125,32771.0390625,32738.2890625,32745.490234375,636406,1.0
2023-05-25 14:34:00-04:00,32745.380859375,32753.529296875,32736.890625,32752.75,551971,1.0
2023-05-25 14:35:00-04:00,32753.490234375,32754.119140625,32728.08984375,32728.619140625,536030,1.0
2023-05-25 14:36:00-04:00,32730.8203125,32737.69921875,32723.419921875,32737.23046875,533390,1.0
2023-05-25 14:37:00-04:00,32736.91015625,32744.19921875,32733.0703125,32737.060546875,407682,1.0
2023-05-25 14:38:00-04:00,32737.0703125,32738.169921875,32732.259765625,32738.169921875,314105,1.0
2023-05-25 14:39:00-04:00,32738.140625,32740.16015625,32735.759765625,32737.849609375,350702,1.0
2023-05-25 14:40:00-04:00,32739.55078125,32748.169921875,32731.720703125,32742.869140625,524995,1.0
2023-05-25 14:41:00-04:00,32742.76953125,32742.76953125,32735.48046875,32740.01953125,304723,1.0
2023-05-25 14:42:00-04:00,32740.1796875,32740.330078125,32723.9609375,32724.16015625,425334,1.0
2023-05-25 14:43:00-04:00,32724.259765625,32728.240234375,32717.099609375,32727.73046875,454029,1.0
2023-05-25 14:44:00-04:00,32728.05078125,32735.16015625,32727.869140625,32733.779296875,329689,1.0
2023-05-25 14:45:00-04:00,32733.130859375,32733.130859375,32725.330078125,32728.720703125,396787,1.0
2023-05-25 14:46:00-04:00,32728.3203125,32728.3203125,32715.630859375,32719.419921875,547430,1.0
2023-05-25 14:47:00-04:00,32719.9609375,32720.029296875,32710.369140625,32719.630859375,526833,1.0
2023-05-25 14:48:00-04:00,32718.98046875,32741.2890625,32718.580078125,32740.80078125,466370,1.0
2023-05-25 14:49:00-04:00,32741.009765625,32742.939453125,32715.5703125,32715.5703125,567280,1.0
2023-05-25 14:50:00-04:00,32715.48046875,32722.529296875,32712.830078125,32719.33984375,386878,1.0
2023-05-25 14:51:00-04:00,32719.359375,32722.259765625,32715.080078125,32718.490234375,363632,1.0
2023-05-25 14:52:00-04:00,32718.75,32730.900390625,32715.0703125,32730.880859375,445540,1.0
2023-05-25 14:53:00-04:00,32730.779296875,32732.880859375,32727.5390625,32730.4609375,409089,1.0
2023-05-25 14:54:00-04:00,32729.900390625,32734.33984375,32729.400390625,32730.05078125,396461,1.0
2023-05-25 14:55:00-04:00,32729.689453125,32730.25,32719.9609375,32719.9609375,462095,1.0
2023-05-25 14:56:00-04:00,32720.16015625,32724.359375,32719.830078125,32722.080078125,338828,1.0
2023-05-25 14:57:00-04:00,32722.330078125,32724.2109375,32718.9609375,32719.359375,404213,1.0
2023-05-25 14:58:00-04:00,32719.390625,32727.330078125,32718.380859375,32726.6796875,302392,1.0
2023-05-25 14:59:00-04:00,32725.83984375,32733.44921875,32725.439453125,32731.76953125,431478,1.0
2023-05-25 15:00:00-04:00,32731.55078125,32745.369140625,32731.55078125,32737.390625,524420,1.0
2023-05-25 15:01:00-04:00,32737.349609375,32740.419921875,32731.009765625,32736.220703125,362089,1.0
2023-05-25 15:02:00-04:00,32736.439453125,32737.51953125,32727.2890625,32728.900390625,382355,1.0
2023-05-25 15:03:00-04:00,32729.109375,32738.390625,32729.0703125,32738.23046875,430484,1.0
2023-05-25 15:04:00-04:00,32738.41015625,32748.759765625,32737.890625,32746.390625,577795,1.0
2023-05-25 15:05:00-04:00,32746.0390625,32756.5,32744.919921875,32750.080078125,649517,1.0
2023-05-25 15:06:00-04:00,32750.009765625,32761.970703125,32749.279296875,32760.16015625,544890,1.0
2023-05-25 15:07:00-04:00,32760.619140625,32763.470703125,32756.890625,32758.060546875,571503,1.0
2023-05-25 15:08:00-04:00,32758.0390625,32762.7109375,32752.830078125,32758.240234375,516649,1.0
2023-05-25 15:09:00-04:00,32758.259765625,32769.94140625,32758.130859375,32767.330078125,537283,1.0
2023-05-25 15:10:00-04:00,32767.369140625,32779.55078125,32767.369140625,32778.8515625,700008,1.0
2023-05-25 15:11:00-04:00,32779.0703125,32786.0703125,32774.8515625,32784.2890625,633076,1.0
2023-05-25 15:12:00-04:00,32784.5,32788.51171875,32782.76171875,32787.94140625,543892,1.0
2023-05-25 15:13:00-04:00,32787.83984375,32791.12109375,32766.5390625,32766.849609375,664018,1.0
2023-05-25 15:14:00-04:00,32767.23046875,32776.76171875,32767.23046875,32768.578125,449322,1.0
2023-05-25 15:15:00-04:00,32768.3515625,32772.55859375,32753.0703125,32759.490234375,624417,1.0
2023-05-25 15:16:00-04:00,32759.689453125,32763.08984375,32754.83984375,32755.140625,633832,1.0
2023-05-25 15:17:00-04:00,32755.25,32762.900390625,32750.7109375,32762.380859375,470944,1.0
2023-05-25 15:18:00-04:00,32762.419921875,32770.48046875,32760.759765625,32767.759765625,483572,1.0
2023-05-25 15:19:00-04:00,32767.390625,32767.390625,32753.740234375,32759.2890625,611479,1.0
2023-05-25 15:20:00-04:00,32759.5390625,32762.4609375,32754.2109375,32762.2890625,646407,1.0
2023-05-25 15:21:00-04:00,32761.990234375,32767.5703125,32761.19921875,32766.439453125,585642,1.0
2023-05-25 15:22:00-04:00,32765.80078125,32767.439453125,32762.55078125,32763.669921875,699590,1.0
2023-05-25 15:23:00-04:00,32763.75,32770.109375,32763.0,32769.421875,697435,1.0
2023-05-25 15:24:00-04:00,32769.19140625,32770.46875,32767.5703125,32767.76953125,569426,1.0
2023-05-25 15:25:00-04:00,32767.859375,32767.859375,32757.5,32761.5703125,765743,1.0
2023-05-25 15:26:00-04:00,32761.509765625,32770.83984375,32757.33984375,32770.30078125,576064,1.0
2023-05-25 15:27:00-04:00,32770.7890625,32786.44921875,32770.3515625,32786.44921875,665527,1.0
2023-05-25 15:28:00-04:00,32787.28125,32812.21875,32787.28125,32803.51953125,1048609,1.0
2023-05-25 15:29:00-04:00,32803.80859375,32807.83984375,32796.76171875,32797.87109375,629702,1.0
2023-05-25 15:30:00-04:00,32798.41015625,32799.08984375,32786.9296875,32792.94140625,986905,1.0
2023-05-25 15:31:00-04:00,32793.578125,32808.01953125,32793.578125,32807.37109375,735072,1.0
2023-05-25 15:32:00-04:00,32807.98828125,32824.30078125,32807.98828125,32812.51953125,1065862,1.0
2023-05-25 15:33:00-04:00,32813.3515625,32813.66015625,32788.19140625,32792.16015625,1063062,1.0
2023-05-25 15:34:00-04:00,32792.16015625,32793.94140625,32787.328125,32793.7890625,650125,1.0
2023-05-25 15:35:00-04:00,32794.171875,32798.78125,32778.30859375,32783.46875,832257,1.0
2023-05-25 15:36:00-04:00,32784.19140625,32794.19921875,32779.28125,32793.66015625,611917,1.0
2023-05-25 15:37:00-04:00,32794.28125,32802.328125,32789.55078125,32802.328125,902380,1.0
2023-05-25 15:38:00-04:00,32803.2109375,32809.58984375,32803.16015625,32804.62109375,861463,1.0
2023-05-25 15:39:00-04:00,32805.01171875,32805.01171875,32796.16015625,32803.96875,731300,1.0
2023-05-25 15:40:00-04:00,32804.9296875,32807.0,32795.5,32799.44140625,837914,1.0
2023-05-25 15:41:00-04:00,32796.359375,32806.9609375,32795.98828125,32805.6484375,832143,1.0
2023-05-25 15:42:00-04:00,32805.421875,32814.7890625,32802.8203125,32811.328125,803954,1.0
2023-05-25 15:43:00-04:00,32811.69140625,32812.05078125,32805.8515625,32805.8515625,782101,1.0
2023-05-25 15:44:00-04:00,32806.30859375,32819.05078125,32806.30859375,32812.44921875,989249,1.0
2023-05-25 15:45:00-04:00,32811.8984375,32820.94140625,32807.6015625,32810.76953125,1050359,1.0
2023-05-25 15:46:00-04:00,32810.73046875,32818.69140625,32803.83984375,32818.69140625,868615,1.0
2023-05-25 15:47:00-04:00,32819.140625,32820.48828125,32812.75,32819.03125,857169,1.0
2023-05-25 15:48:00-04:00,32819.58984375,32819.58984375,32796.28125,32803.5703125,1247715,1.0
2023-05-25 15:49:00-04:00,32803.3984375,32805.05859375,32788.48828125,32795.9296875,1131403,1.0
2023-05-25 15:50:00-04:00,32795.66015625,32795.66015625,32761.759765625,32783.2890625,2075092,1.0
2023-05-25 15:51:00-04:00,32783.62890625,32790.390625,32772.7890625,32773.5703125,1591654,1.0
2023-05-25 15:52:00-04:00,32773.5703125,32774.87109375,32767.3203125,32773.921875,1537683,1.0
2023-05-25 15:53:00-04:00,32773.66015625,32783.73046875,32768.5,32770.01953125,1690387,1.0
2023-05-25 15:54:00-04:00,32768.80859375,32768.80859375,32756.23046875,32759.880859375,2089990,1.0
2023-05-25 15:55:00-04:00,32761.560546875,32772.66015625,32759.220703125,32765.3203125,2682296,1.0
2023-05-25 15:56:00-04:00,32766.69921875,32773.75,32766.69921875,32768.71875,2307140,1.0
2023-05-25 15:57:00-04:00,32768.23046875,32776.390625,32762.16015625,32773.51953125,2353578,1.0
2023-05-25 15:58:00-04:00,32773.3203125,32778.51953125,32767.029296875,32774.23828125,3173541,1.0
2023-05-25 15:59:00-04:00,32774.96875,32774.96875,32761.330078125,32768.76953125,5277294,1.0
2023-05-26 09:30:00-04:00,32795.5,32833.921875,32795.5,32830.01953125,0,1.0
2023-05-26 09:31:00-04:00,32829.73828125,32841.05859375,32813.05859375,32834.859375,1268233,1.0
2023-05-26 09:32:00-04:00,32834.578125,32871.75,32826.28125,32871.75,1393006,1.0
2023-05-26 09:33:00-04:00,32870.01171875,32890.4609375,32862.3984375,32890.4609375,1276052,1.0
2023-05-26 09:34:00-04:00,32892.1796875,32910.109375,32884.75,32885.51953125,1147824,1.0
2023-05-26 09:35:00-04:00,32886.23828125,32896.05078125,32865.0703125,32865.62890625,1178910,1.0
2023-05-26 09:36:00-04:00,32864.671875,32864.671875,32840.76171875,32847.73046875,1174460,1.0
2023-05-26 09:37:00-04:00,32848.83984375,32860.0,32848.76953125,32855.2109375,1222810,1.0
2023-05-26 09:38:00-04:00,32855.7890625,32879.828125,32855.7890625,32879.0390625,1193094,1.0
2023-05-26 09:39:00-04:00,32880.890625,32922.9609375,32880.890625,32919.5,1131142,1.0
2023-05-26 09:40:00-04:00,32919.75,32953.6484375,32919.75,32944.359375,1277921,1.0
2023-05-26 09:41:00-04:00,32947.94140625,33011.91015625,32947.94140625,33011.91015625,1379138,1.0
2023-05-26 09:42:00-04:00,33010.73828125,33016.80078125,33005.73828125,33005.73828125,1147961,1.0
2023-05-26 09:43:00-04:00,33007.6796875,33017.0703125,32998.94140625,33017.0703125,1555875,1.0
2023-05-26 09:44:00-04:00,33015.859375,33029.48828125,33015.859375,33025.5390625,1074045,1.0
2023-05-26 09:45:00-04:00,33025.44921875,33047.8515625,33023.55078125,33032.23828125,1109793,1.0
2023-05-26 09:46:00-04:00,33032.83984375,33036.421875,33022.1015625,33022.1015625,903570,1.0
2023-05-26 09:47:00-04:00,33022.3203125,33028.26171875,33012.78125,33014.359375,885640,1.0
2023-05-26 09:48:00-04:00,33013.171875,33022.78125,33007.21875,33013.76953125,1091072,1.0
2023-05-26 09:49:00-04:00,33013.921875,33018.9609375,32993.23046875,32993.3515625,1096288,1.0
2023-05-26 09:50:00-04:00,32993.30859375,33000.2109375,32969.828125,32969.828125,1171310,1.0
2023-05-26 09:51:00-04:00,32969.21875,32976.390625,32964.05078125,32964.05078125,965701,1.0
2023-05-26 09:52:00-04:00,32963.859375,32971.0390625,32952.23828125,32964.25,908396,1.0
2023-05-26 09:53:00-04:00,32962.94140625,32966.7109375,32956.1484375,32958.41015625,934446,1.0
2023-05-26 09:54:00-04:00,32958.41015625,32971.55078125,32957.51171875,32970.3203125,827482,1.0
2023-05-26 09:55:00-04:00,32970.3984375,32981.828125,32970.3984375,32981.828125,840306,1.0
2023-05-26 09:56:00-04:00,32982.91015625,32984.16015625,32965.98046875,32969.12109375,859706,1.0
2023-05-26 09:57:00-04:00,32969.26171875,32984.109375,32969.26171875,32979.16015625,868315,1.0
2023-05-26 09:58:00-04:00,32978.48046875,32982.51953125,32974.7890625,32982.44921875,724453,1.0
2023-05-26 09:59:00-04:00,32982.05859375,32982.05859375,32955.4296875,32967.01953125,1027769,1.0
2023-05-26 10:00:00-04:00,32968.359375,33007.5390625,32964.390625,33003.78125,1282900,1.0
2023-05-26 10:01:00-04:00,33005.4609375,33011.44140625,32989.9609375,32996.51953125,971444,1.0
2023-05-26 10:02:00-04:00,32996.0,32996.0,32953.3515625,32965.71875,1413938,1.0
2023-05-26 10:03:00-04:00,32966.5,32970.55859375,32939.51953125,32941.3203125,759191,1.0
2023-05-26 10:04:00-04:00,32941.01953125,32983.1015625,32940.609375,32978.8203125,701025,1.0
2023-05-26 10:05:00-04:00,32977.421875,32984.41015625,32976.28125,32982.71875,818795,1.0
2023-05-26 10:06:00-04:00,32980.71875,32996.69921875,32980.71875,32985.0390625,780737,1.0
2023-05-26 10:07:00-04:00,32985.671875,33009.7109375,32985.671875,33009.7109375,568224,1.0
2023-05-26 10:08:00-04:00,33010.98046875,33019.9609375,33010.7109375,33019.9609375,732376,1.0
2023-05-26 10:09:00-04:00,33020.19140625,33051.30078125,33018.62109375,33051.30078125,1276949,1.0
2023-05-26 10:10:00-04:00,33051.640625,33054.30078125,33031.609375,33042.3984375,772361,1.0
2023-05-26 10:11:00-04:00,33042.359375,33050.4609375,33041.71875,33043.8515625,588986,1.0
2023-05-26 10:12:00-04:00,33043.66015625,33052.12109375,33042.828125,33048.23828125,724973,1.0
2023-05-26 10:13:00-04:00,33048.6015625,33049.48828125,33033.1796875,33034.328125,795549,1.0
2023-05-26 10:14:00-04:00,33034.671875,33035.98828125,33022.7109375,33028.58984375,639332,1.0
2023-05-26 10:15:00-04:00,33028.109375,33044.7109375,33028.109375,33044.12109375,788560,1.0
2023-05-26 10:16:00-04:00,33044.0390625,33050.671875,33033.19140625,33035.87890625,1184244,1.0
2023-05-26 10:17:00-04:00,33035.859375,33041.69140625,33031.5,33035.41015625,542647,1.0
2023-05-26 10:18:00-04:00,33034.921875,33046.87890625,33031.76953125,33046.87890625,739384,1.0
2023-05-26 10:19:00-04:00,33047.6015625,33059.83984375,33047.6015625,33058.109375,920788,1.0
2023-05-26 10:20:00-04:00,33058.4609375,33061.109375,33054.66015625,33061.109375,893058,1.0
2023-05-26 10:21:00-04:00,33061.80859375,33063.53125,33052.359375,33052.359375,882485,1.0
2023-05-26 10:22:00-04:00,33052.421875,33061.37890625,33052.421875,33057.7109375,685925,1.0
2023-05-26 10:23:00-04:00,33058.37109375,33068.69140625,33058.37109375,33060.3203125,924835,1.0
2023-05-26 10:24:00-04:00,33060.4609375,33072.3515625,33060.2890625,33072.328125,836973,1.0
2023-05-26 10:25:00-04:00,33072.46875,33104.5,33072.46875,33104.5,1434994,1.0
2023-05-26 10:26:00-04:00,33106.16015625,33108.12890625,33099.69140625,33104.16015625,844249,1.0
2023-05-26 10:27:00-04:00,33104.21875,33113.41015625,33104.21875,33107.01171875,852496,1.0
2023-05-26 10:28:00-04:00,33107.19140625,33121.6484375,33107.19140625,33120.87890625,758451,1.0
2023-05-26 10:29:00-04:00,33120.25,33132.51953125,33119.91015625,33132.51953125,740962,1.0
2023-05-26 10:30:00-04:00,33132.19140625,33149.03125,33132.19140625,33137.9296875,995108,1.0
2023-05-26 10:31:00-04:00,33138.12890625,33143.30859375,33132.12109375,33132.76953125,921693,1.0
2023-05-26 10:32:00-04:00,33131.76953125,33131.76953125,33123.28125,33131.23046875,825595,1.0
2023-05-26 10:33:00-04:00,33131.1015625,33131.671875,33115.1484375,33116.9296875,611517,1.0
2023-05-26 10:34:00-04:00,33117.1015625,33133.3203125,33114.26171875,33127.26171875,714126,1.0
2023-05-26 10:35:00-04:00,33127.53125,33128.5,33123.05078125,33126.6796875,794309,1.0
2023-05-26 10:36:00-04:00,33125.9296875,33136.609375,33121.2109375,33136.609375,734892,1.0
2023-05-26 10:37:00-04:00,33136.30078125,33137.28125,33114.9296875,33115.328125,734111,1.0
2023-05-26 10:38:00-04:00,33114.87890625,33119.3984375,33109.83984375,33118.87109375,658662,1.0
2023-05-26 10:39:00-04:00,33118.8984375,33130.98828125,33115.3515625,33119.37890625,821346,1.0
2023-05-26 10:40:00-04:00,33119.73828125,33130.76953125,33118.26953125,33130.76953125,535791,1.0
2023-05-26 10:41:00-04:00,33130.2890625,33154.7890625,33130.2890625,33154.75,1138087,1.0
2023-05-26 10:42:00-04:00,33155.0390625,33162.05859375,33145.171875,33145.7890625,695309,1.0
2023-05-26 10:43:00-04:00,33145.62109375,33151.30859375,33118.921875,33121.30078125,1117976,1.0
2023-05-26 10:44:00-04:00,33119.9609375,33119.98046875,33102.87890625,33106.12109375,1059571,1.0
2023-05-26 10:45:00-04:00,33105.921875,33108.5390625,33090.33984375,33090.33984375,751692,1.0
2023-05-26 10:46:00-04:00,33090.109375,33102.8984375,33087.890625,33097.19921875,647430,1.0
2023-05-26 10:47:00-04:00,33098.01953125,33108.8203125,33097.01171875,33105.91015625,519156,1.0
2023-05-26 10:48:00-04:00,33106.12890625,33113.7890625,33104.71875,33113.78125,678443,1.0
2023-05-26 10:49:00-04:00,33114.51171875,33120.98828125,33109.9609375,33117.44140625,954456,1.0
2023-05-26 10:50:00-04:00,33117.01171875,33124.96875,33109.91015625,33110.51953125,851594,1.0
2023-05-26 10:51:00-04:00,33109.05078125,33109.7109375,33088.87109375,33097.328125,828921,1.0
2023-05-26 10:52:00-04:00,33092.5390625,33093.921875,33084.48046875,33093.03125,902287,1.0
2023-05-26 10:53:00-04:00,33093.66015625,33098.51953125,33092.33984375,33096.0390625,483729,1.0
2023-05-26 10:54:00-04:00,33096.1015625,33109.609375,33095.03125,33108.5,556373,1.0
2023-05-26 10:55:00-04:00,33109.37109375,33113.6796875,33108.328125,33111.91015625,750450,1.0
2023-05-26 10:56:00-04:00,33111.87109375,33122.140625,33111.87109375,33118.7109375,919573,1.0
2023-05-26 10:57:00-04:00,33119.53125,33123.19921875,33116.4609375,33116.69921875,653858,1.0
2023-05-26 10:58:00-04:00,33116.41015625,33119.30078125,33108.26171875,33113.58984375,714623,1.0
2023-05-26 10:59:00-04:00,33113.62890625,33120.33984375,33109.05078125,33109.05078125,791975,1.0
2023-05-26 11:00:00-04:00,33109.05859375,33126.3515625,33107.859375,33124.98046875,803860,1.0
2023-05-26 11:01:00-04:00,33125.53125,33125.91015625,33119.2890625,33119.9609375,684751,1.0
2023-05-26 11:02:00-04:00,33120.37109375,33123.21875,33105.94921875,33105.94921875,662406,1.0
2023-05-26 11:03:00-04:00,33106.23828125,33106.48828125,33093.41015625,33093.578125,696491,1.0
2023-05-26 11:04:00-04:00,33094.3984375,33104.078125,33079.421875,33082.609375,1024164,1.0
2023-05-26 11:05:00-04:00,33082.140625,33089.51171875,33081.12890625,33084.41015625,819927,1.0
2023-05-26 11:06:00-04:00,33082.109375,33082.109375,33060.73046875,33061.6015625,1158453,1.0
2023-05-26 11:07:00-04:00,33062.19921875,33079.5703125,33055.62109375,33078.76953125,743308,1.0
2023-05-26 11:08:00-04:00,33079.30859375,33079.30859375,33072.1796875,33077.0,660991,1.0
2023-05-26 11:09:00-04:00,33076.7109375,33076.73828125,33068.6796875,33068.80078125,626870,1.0
2023-05-26 11:10:00-04:00,33068.5390625,33069.828125,33059.5390625,33063.30859375,781445,1.0
2023-05-26 11:11:00-04:00,33062.859375,33064.8203125,33056.25,33062.171875,698188,1.0
2023-05-26 11:12:00-04:00,33062.66015625,33063.37890625,33052.23046875,33052.23046875,553476,1.0
2023-05-26 11:13:00-04:00,33051.87890625,33051.87890625,33039.0,33049.37890625,824487,1.0
2023-05-26 11:14:00-04:00,33049.0390625,33068.21875,33049.0390625,33068.21875,919426,1.0
2023-05-26 11:15:00-04:00,33068.19140625,33069.1796875,33061.96875,33066.23828125,554682,1.0
2023-05-26 11:16:00-04:00,33066.33984375,33066.51953125,33061.1796875,33061.96875,297742,1.0
2023-05-26 11:17:00-04:00,33060.51953125,33060.51953125,33060.51953125,33060.51953125,661633,1.0
2023-05-26 11:18:00-04:00,33060.58984375,33063.51953125,33057.87890625,33059.0703125,417921,1.0
2023-05-26 11:19:00-04:00,33059.140625,33059.140625,33045.109375,33048.12890625,650428,1.0
2023-05-26 11:20:00-04:00,33049.25,33059.12109375,33032.3203125,33032.91015625,954279,1.0
2023-05-26 11:21:00-04:00,33032.73046875,33036.2890625,33027.6484375,33034.71875,555329,1.0
2023-05-26 11:22:00-04:00,33034.3203125,33034.421875,33022.19140625,33023.16015625,800291,1.0
2023-05-26 11:23:00-04:00,33022.12890625,33026.21875,33009.828125,33013.5390625,830772,1.0
2023-05-26 11:24:00-04:00,33013.671875,33016.73828125,33007.6015625,33016.73828125,642681,1.0
2023-05-26 11:25:00-04:00,33017.26171875,33021.53125,33012.12890625,33018.0703125,650156,1.0
2023-05-26 11:26:00-04:00,33019.921875,33034.55078125,33019.26953125,33034.55078125,783053,1.0
2023-05-26 11:27:00-04:00,33032.80078125,33038.76171875,33032.80078125,33034.5703125,815018,1.0
2023-05-26 11:28:00-04:00,33034.9609375,33034.9609375,33014.140625,33014.140625,576820,1.0
2023-05-26 11:29:00-04:00,33014.48828125,33020.671875,33009.4296875,33020.28125,546924,1.0
2023-05-26 11:30:00-04:00,33020.3984375,33038.890625,33020.3984375,33038.890625,592529,1.0
2023-05-26 11:31:00-04:00,33042.3515625,33042.3515625,33022.828125,33023.41015625,558363,1.0
2023-05-26 11:32:00-04:00,33023.37890625,33031.1015625,33023.37890625,33029.94140625,488127,1.0
2023-05-26 11:33:00-04:00,33030.80078125,33037.2890625,33027.8984375,33033.58984375,700998,1.0
2023-05-26 11:34:00-04:00,33033.6015625,33036.4296875,33027.76171875,33032.16015625,696566,1.0
2023-05-26 11:35:00-04:00,33032.23046875,33035.76953125,33029.6015625,33030.05078125,447872,1.0
2023-05-26 11:36:00-04:00,33030.859375,33041.3515625,33030.171875,33041.3515625,438093,1.0
2023-05-26 11:37:00-04:00,33041.328125,33041.328125,33027.94921875,33029.55859375,672697,1.0
2023-05-26 11:38:00-04:00,33029.6484375,33030.51953125,33023.7109375,33023.8203125,571088,1.0
2023-05-26 11:39:00-04:00,33024.48828125,33034.21875,33022.05859375,33034.21875,462661,1.0
2023-05-26 11:40:00-04:00,33034.23828125,33044.9296875,33034.140625,33044.44140625,534667,1.0
2023-05-26 11:41:00-04:00,33045.109375,33074.91015625,33043.48046875,33068.76171875,848034,1.0
2023-05-26 11:42:00-04:00,33068.578125,33076.71875,33062.7890625,33063.62109375,602313,1.0
2023-05-26 11:43:00-04:00,33063.76953125,33072.80078125,33063.01171875,33069.87890625,610829,1.0
2023-05-26 11:44:00-04:00,33069.37109375,33069.859375,33053.8203125,33059.08984375,626551,1.0
2023-05-26 11:45:00-04:00,33059.37109375,33064.3203125,33044.28125,33046.6484375,778076,1.0
2023-05-26 11:46:00-04:00,33047.828125,33050.3984375,33044.8203125,33047.9296875,403366,1.0
2023-05-26 11:47:00-04:00,33048.0,33060.609375,33046.3984375,33060.609375,605275,1.0
2023-05-26 11:48:00-04:00,33061.05859375,33069.0703125,33059.80859375,33059.80859375,500196,1.0
2023-05-26 11:49:00-04:00,33060.4609375,33063.30859375,33056.55078125,33063.30859375,550947,1.0
2023-05-26 11:50:00-04:00,33064.9296875,33075.05859375,33064.9296875,33074.9296875,513553,1.0
2023-05-26 11:51:00-04:00,33075.01953125,33075.3203125,33067.2109375,33068.69921875,504439,1.0
2023-05-26 11:52:00-04:00,33068.58984375,33072.62109375,33067.6484375,33068.3984375,554912,1.0
2023-05-26 11:53:00-04:00,33067.23828125,33067.23828125,33055.19140625,33055.19140625,397612,1.0
2023-05-26 11:54:00-04:00,33055.08984375,33058.55859375,33054.8515625,33057.37109375,429959,1.0
2023-05-26 11:55:00-04:00,33057.69140625,33058.2890625,33051.390625,33055.7109375,648228,1.0
2023-05-26 11:56:00-04:00,33056.1484375,33056.6015625,33047.37890625,33049.44140625,475923,1.0
2023-05-26 11:57:00-04:00,33049.359375,33050.21875,33034.75,33039.76953125,554400,1.0
2023-05-26 11:58:00-04:00,33039.890625,33043.75,33039.3203125,33043.05859375,338421,1.0
2023-05-26 11:59:00-04:00,33043.23046875,33048.2109375,33040.9609375,33041.21875,443234,1.0
2023-05-26 12:00:00-04:00,33041.21875,33048.109375,33038.3515625,33048.109375,396258,1.0
2023-05-26 12:01:00-04:00,33048.4296875,33057.4296875,33046.19921875,33047.8203125,502636,1.0
2023-05-26 12:02:00-04:00,33047.69921875,33052.28125,33047.46875,33051.55859375,504707,1.0
2023-05-26 12:03:00-04:00,33051.66015625,33055.21875,33049.140625,33055.21875,535910,1.0
2023-05-26 12:04:00-04:00,33056.21875,33060.05078125,33054.109375,33059.3984375,441108,1.0
2023-05-26 12:05:00-04:00,33062.75,33067.19921875,33060.46875,33065.48046875,522973,1.0
2023-05-26 12:06:00-04:00,33065.44140625,33067.41015625,33058.37109375,33058.578125,445892,1.0
2023-05-26 12:07:00-04:00,33057.94921875,33065.58984375,33057.05859375,33065.1796875,551023,1.0
2023-05-26 12:08:00-04:00,33065.05078125,33070.171875,33064.0390625,33064.171875,567453,1.0
2023-05-26 12:09:00-04:00,33064.609375,33064.609375,33057.3515625,33063.0703125,411845,1.0
2023-05-26 12:10:00-04:00,33063.1484375,33067.9609375,33063.12890625,33065.3984375,635390,1.0
2023-05-26 12:11:00-04:00,33065.05859375,33066.44140625,33062.5703125,33066.01171875,423811,1.0
2023-05-26 12:12:00-04:00,33065.9609375,33065.9609375,33058.9296875,33060.58984375,410986,1.0
2023-05-26 12:13:00-04:00,33060.55859375,33060.76953125,33053.98828125,33054.98046875,430855,1.0
2023-05-26 12:14:00-04:00,33054.80078125,33059.640625,33054.80078125,33058.9296875,450321,1.0
2023-05-26 12:15:00-04:00,33059.5,33068.48828125,33059.5,33066.9296875,557015,1.0
2023-05-26 12:16:00-04:00,33066.8984375,33066.8984375,33054.9296875,33054.98046875,433802,1.0
2023-05-26 12:17:00-04:00,33054.78125,33054.78125,33047.91015625,33054.53125,582096,1.0
2023-05-26 12:18:00-04:00,33055.05859375,33056.9609375,33049.66015625,33050.69140625,457607,1.0
2023-05-26 12:19:00-04:00,33051.03125,33054.890625,33049.3203125,33053.8984375,380742,1.0
2023-05-26 12:20:00-04:00,33053.109375,33065.69140625,33052.78125,33064.41015625,426216,1.0
2023-05-26 12:21:00-04:00,33064.0,33077.48046875,33063.01953125,33075.51953125,539889,1.0
2023-05-26 12:22:00-04:00,33075.71875,33087.21875,33075.71875,33076.5,503978,1.0
2023-05-26 12:23:00-04:00,33076.4609375,33084.4296875,33074.0703125,33076.109375,507189,1.0
2023-05-26 12:24:00-04:00,33076.01171875,33084.1796875,33076.01171875,33082.12109375,397511,1.0
2023-05-26 12:25:00-04:00,33080.7109375,33082.078125,33073.05078125,33074.48828125,451130,1.0
2023-05-26 12:26:00-04:00,33074.4609375,33082.76953125,33074.4609375,33081.2109375,540448,1.0
2023-05-26 12:27:00-04:00,33081.37890625,33095.05078125,33081.3515625,33091.6015625,592554,1.0
2023-05-26 12:28:00-04:00,33091.5703125,33100.21875,33090.7109375,33097.23046875,355952,1.0
2023-05-26 12:29:00-04:00,33097.0703125,33103.578125,33090.0703125,33099.328125,625825,1.0
2023-05-26 12:30:00-04:00,33101.1015625,33101.3515625,33096.9609375,33098.5390625,381119,1.0
2023-05-26 12:31:00-04:00,33098.390625,33109.6015625,33098.390625,33109.16015625,501669,1.0
2023-05-26 12:32:00-04:00,33107.578125,33110.1015625,33100.01953125,33100.01953125,377674,1.0
2023-05-26 12:33:00-04:00,33098.8515625,33098.8515625,33093.671875,33095.4296875,397205,1.0
2023-05-26 12:34:00-04:00,33095.91015625,33098.3515625,33086.78125,33086.91015625,317646,1.0
2023-05-26 12:35:00-04:00,33086.91015625,33091.01171875,33085.87890625,33091.01171875,584587,1.0
2023-05-26 12:36:00-04:00,33091.0390625,33095.890625,33090.96875,33092.3515625,428748,1.0
2023-05-26 12:37:00-04:00,33092.4609375,33097.05078125,33092.4609375,33093.3203125,562361,1.0
2023-05-26 12:38:00-04:00,33093.37890625,33098.1796875,33090.58984375,33090.58984375,419153,1.0
2023-05-26 12:39:00-04:00,33090.640625,33090.80859375,33087.828125,33090.80859375,424855,1.0
2023-05-26 12:40:00-04:00,33090.55859375,33095.859375,33086.94921875,33095.140625,350922,1.0
2023-05-26 12:41:00-04:00,33095.23828125,33095.921875,33089.5,33090.4609375,399292,1.0
2023-05-26 12:42:00-04:00,33090.69140625,33096.5703125,33089.7109375,33090.0703125,434484,1.0
2023-05-26 12:43:00-04:00,33090.0,33091.48828125,33083.55078125,33084.5390625,379346,1.0
2023-05-26 12:44:00-04:00,33083.75,33088.828125,33083.73046875,33087.69921875,330554,1.0
2023-05-26 12:45:00-04:00,33087.6015625,33091.94921875,33086.921875,33091.1796875,452612,1.0
2023-05-26 12:46:00-04:00,33091.16015625,33091.16015625,33084.44921875,33087.578125,392993,1.0
2023-05-26 12:47:00-04:00,33087.578125,33088.1015625,33079.5703125,33079.5703125,466308,1.0
2023-05-26 12:48:00-04:00,33078.51171875,33078.76171875,33068.44921875,33068.58984375,448963,1.0
2023-05-26 12:49:00-04:00,33069.1796875,33073.25,33066.9296875,33068.94921875,567700,1.0
2023-05-26 12:50:00-04:00,33068.73046875,33082.30859375,33068.73046875,33081.69921875,420380,1.0
2023-05-26 12:51:00-04:00,33081.96875,33082.23828125,33078.390625,33080.25,402127,1.0
2023-05-26 12:52:00-04:00,33079.94921875,33088.8984375,33075.91015625,33088.33984375,450290,1.0
2023-05-26 12:53:00-04:00,33088.01953125,33091.0390625,33068.48046875,33069.28125,580392,1.0
2023-05-26 12:54:00-04:00,33069.5703125,33072.48828125,33066.1015625,33072.421875,305343,1.0
2023-05-26 12:55:00-04:00,33070.98828125,33076.9296875,33070.98828125,33073.6796875,350472,1.0
2023-05-26 12:56:00-04:00,33073.671875,33074.640625,33057.6484375,33060.33984375,439867,1.0
2023-05-26 12:57:00-04:00,33060.5,33063.28125,33058.87890625,33063.28125,340385,1.0
2023-05-26 12:58:00-04:00,33063.94140625,33066.609375,33059.33984375,33062.26171875,314038,1.0
2023-05-26 12:59:00-04:00,33062.41015625,33065.96875,33059.26171875,33061.44140625,555461,1.0
2023-05-26 13:00:00-04:00,33061.4296875,33068.83984375,33061.4296875,33066.98046875,431187,1.0
2023-05-26 13:01:00-04:00,33073.25,33078.46875,33073.0,33075.12109375,416174,1.0
2023-05-26 13:02:00-04:00,33074.48046875,33079.5,33072.46875,33079.5,354595,1.0
2023-05-26 13:03:00-04:00,33080.12890625,33080.12890625,33073.21875,33074.87890625,445180,1.0
2023-05-26 13:04:00-04:00,33074.51171875,33074.51171875,33068.76171875,33070.5703125,324058,1.0
2023-05-26 13:05:00-04:00,33070.5703125,33073.01171875,33068.4609375,33073.01171875,338809,1.0
2023-05-26 13:06:00-04:00,33072.83984375,33073.8984375,33071.3984375,33072.5390625,281258,1.0
2023-05-26 13:07:00-04:00,33072.9609375,33073.6015625,33069.44140625,33069.44140625,275717,1.0
2023-05-26 13:08:00-04:00,33069.41015625,33072.12109375,33069.05078125,33070.5390625,300266,1.0
2023-05-26 13:09:00-04:00,33070.44140625,33078.328125,33070.44140625,33074.578125,297084,1.0
2023-05-26 13:10:00-04:00,33074.44921875,33074.44921875,33068.7890625,33071.390625,306615,1.0
2023-05-26 13:11:00-04:00,33071.62109375,33078.12890625,33071.30078125,33076.51953125,413840,1.0
2023-05-26 13:12:00-04:00,33076.73828125,33078.23828125,33075.80859375,33076.0,318425,1.0
2023-05-26 13:13:00-04:00,33075.98046875,33076.05078125,33070.69921875,33070.69921875,313219,1.0
2023-05-26 13:14:00-04:00,33070.8203125,33070.8203125,33061.55859375,33061.83984375,336461,1.0
2023-05-26 13:15:00-04:00,33061.83984375,33065.921875,33059.19921875,33059.30078125,340389,1.0
2023-05-26 13:16:00-04:00,33059.4296875,33060.8984375,33049.05859375,33049.08984375,367575,1.0
2023-05-26 13:17:00-04:00,33048.9296875,33051.4609375,33047.69921875,33050.62890625,392425,1.0
2023-05-26 13:18:00-04:00,33050.55078125,33050.55078125,33025.75,33026.37890625,469609,1.0
2023-05-26 13:19:00-04:00,33027.359375,33041.51953125,33026.71875,33038.33984375,383485,1.0
2023-05-26 13:20:00-04:00,33038.5703125,33053.328125,33038.30078125,33053.171875,512069,1.0
2023-05-26 13:21:00-04:00,33054.25,33057.3984375,33049.80859375,33050.26171875,400005,1.0
2023-05-26 13:22:00-04:00,33050.359375,33052.578125,33047.9609375,33052.51171875,273500,1.0
2023-05-26 13:23:00-04:00,33052.21875,33057.26171875,33052.21875,33057.26171875,390696,1.0
2023-05-26 13:24:00-04:00,33057.19140625,33057.66015625,33053.2109375,33054.73828125,300957,1.0
2023-05-26 13:25:00-04:00,33054.51953125,33054.51953125,33047.8203125,33047.8203125,408796,1.0
2023-05-26 13:26:00-04:00,33047.98046875,33053.0703125,33042.69140625,33042.69140625,490573,1.0
2023-05-26 13:27:00-04:00,33042.51953125,33046.48046875,33041.73046875,33043.171875,278303,1.0
2023-05-26 13:28:00-04:00,33042.66015625,33054.5,33040.51953125,33053.19140625,467644,1.0
2023-05-26 13:29:00-04:00,33053.19140625,33055.12890625,33050.96875,33054.7890625,317954,1.0
2023-05-26 13:30:00-04:00,33054.8515625,33054.8515625,33048.80859375,33053.828125,1363742,1.0
2023-05-26 13:31:00-04:00,33053.859375,33055.328125,33053.1015625,33053.9609375,300527,1.0
2023-05-26 13:32:00-04:00,33053.9296875,33062.1015625,33053.9296875,33060.71875,400261,1.0
2023-05-26 13:33:00-04:00,33060.890625,33065.5,33060.0390625,33065.328125,308874,1.0
2023-05-26 13:34:00-04:00,33065.4296875,33067.7890625,33064.05078125,33067.28125,329946,1.0
2023-05-26 13:35:00-04:00,33066.9609375,33070.109375,33060.2109375,33060.2109375,470840,1.0
2023-05-26 13:36:00-04:00,33057.6796875,33057.80078125,33049.19140625,33049.66015625,510395,1.0
2023-05-26 13:37:00-04:00,33049.109375,33049.109375,33039.76953125,33039.8203125,333756,1.0
2023-05-26 13:38:00-04:00,33039.76953125,33045.01171875,33037.53125,33044.9296875,300878,1.0
2023-05-26 13:39:00-04:00,33045.0390625,33053.19921875,33045.0390625,33051.890625,395798,1.0
2023-05-26 13:40:00-04:00,33051.76171875,33051.87890625,33035.62890625,33036.80078125,469342,1.0
2023-05-26 13:41:00-04:00,33037.26171875,33037.62890625,33032.8515625,33037.0,294737,1.0
2023-05-26 13:42:00-04:00,33035.390625,33035.80859375,33028.2109375,33030.58984375,439944,1.0
2023-05-26 13:43:00-04:00,33030.30859375,33030.78125,33022.37890625,33025.94140625,465033,1.0
2023-05-26 13:44:00-04:00,33026.23828125,33030.75,33026.23828125,33028.26171875,396305,1.0
2023-05-26 13:45:00-04:00,33028.26953125,33031.48046875,33026.109375,33026.109375,429320,1.0
2023-05-26 13:46:00-04:00,33025.8984375,33031.01953125,33025.80078125,33029.171875,449418,1.0
2023-05-26 13:47:00-04:00,33028.94921875,33028.94921875,33021.8203125,33023.19921875,333220,1.0
2023-05-26 13:48:00-04:00,33023.640625,33030.37890625,33023.640625,33030.0,416518,1.0
2023-05-26 13:49:00-04:00,33030.6796875,33042.359375,33030.6796875,33042.25,440205,1.0
2023-05-26 13:50:00-04:00,33042.30859375,33048.80859375,33041.7109375,33041.7109375,410563,1.0
2023-05-26 13:51:00-04:00,33041.41015625,33041.62109375,33036.5,33038.828125,286534,1.0
2023-05-26 13:52:00-04:00,33038.83984375,33046.26171875,33038.83984375,33043.1015625,352560,1.0
2023-05-26 13:53:00-04:00,33043.19140625,33043.19140625,33033.75,33033.76953125,368381,1.0
2023-05-26 13:54:00-04:00,33033.69921875,33034.21875,33028.01953125,33030.3203125,378011,1.0
2023-05-26 13:55:00-04:00,33031.2890625,33036.51953125,33031.05078125,33035.62109375,410825,1.0
2023-05-26 13:56:00-04:00,33035.4296875,33051.94921875,33035.28125,33051.05859375,370447,1.0
2023-05-26 13:57:00-04:00,33051.73046875,33053.28125,33050.51953125,33051.01953125,313216,1.0
2023-05-26 13:58:00-04:00,33051.25,33059.609375,33051.25,33058.69921875,369532,1.0
2023-05-26 13:59:00-04:00,33058.828125,33061.01953125,33054.96875,33055.359375,331664,1.0
2023-05-26 14:00:00-04:00,33055.328125,33070.51171875,33055.328125,33068.53125,416169,1.0
2023-05-26 14:01:00-04:00,33068.55859375,33068.55859375,33062.8515625,33067.80078125,400953,1.0
2023-05-26 14:02:00-04:00,33068.73828125,33072.76171875,33060.48046875,33060.48046875,386542,1.0
2023-05-26 14:03:00-04:00,33060.62109375,33062.640625,33059.01953125,33060.28125,416371,1.0
2023-05-26 14:04:00-04:00,33060.58984375,33067.33984375,33049.078125,33049.078125,646469,1.0
2023-05-26 14:05:00-04:00,33049.109375,33050.87109375,33034.23046875,33038.26171875,460712,1.0
2023-05-26 14:06:00-04:00,33038.5703125,33041.78125,33036.03125,33036.05078125,334539,1.0
2023-05-26 14:07:00-04:00,33036.078125,33038.96875,33036.078125,33037.3984375,325785,1.0
2023-05-26 14:08:00-04:00,33037.3984375,33041.53125,33036.0703125,33040.16015625,379272,1.0
2023-05-26 14:09:00-04:00,33039.96875,33040.26953125,33031.21875,33035.19921875,685625,1.0
2023-05-26 14:10:00-04:00,33034.33984375,33049.859375,33034.30078125,33049.4296875,549916,1.0
2023-05-26 14:11:00-04:00,33049.171875,33051.83984375,33045.7890625,33047.73828125,374686,1.0
2023-05-26 14:12:00-04:00,33047.9609375,33055.96875,33047.9609375,33055.96875,460030,1.0
2023-05-26 14:13:00-04:00,33056.05859375,33056.05859375,33049.46875,33051.41015625,365153,1.0
2023-05-26 14:14:00-04:00,33051.4609375,33052.23828125,33048.12109375,33048.12109375,293744,1.0
2023-05-26 14:15:00-04:00,33048.078125,33050.51171875,33039.98046875,33040.87109375,435204,1.0
2023-05-26 14:16:00-04:00,33040.890625,33048.12890625,33040.4609375,33045.921875,338390,1.0
2023-05-26 14:17:00-04:00,33045.921875,33047.98046875,33044.48046875,33047.8515625,368649,1.0
2023-05-26 14:18:00-04:00,33047.8515625,33064.5703125,33047.12890625,33062.87890625,533086,1.0
2023-05-26 14:19:00-04:00,33061.6015625,33064.80859375,33059.66015625,33064.6015625,348770,1.0
2023-05-26 14:20:00-04:00,33063.921875,33064.05859375,33057.9296875,33063.7109375,445933,1.0
2023-05-26 14:21:00-04:00,33063.71875,33068.4609375,33063.71875,33067.94140625,267588,1.0
2023-05-26 14:22:00-04:00,33068.87890625,33070.3203125,33065.359375,33070.3203125,366914,1.0
2023-05-26 14:23:00-04:00,33069.9609375,33069.9609375,33060.23828125,33062.3203125,332245,1.0
2023-05-26 14:24:00-04:00,33062.37890625,33074.2109375,33062.37890625,33072.28125,444857,1.0
2023-05-26 14:25:00-04:00,33072.69140625,33073.94140625,33070.5390625,33071.671875,336707,1.0
2023-05-26 14:26:00-04:00,33071.26953125,33072.23828125,33064.671875,33071.6484375,355021,1.0
2023-05-26 14:27:00-04:00,33071.48828125,33078.16015625,33071.3984375,33076.4609375,345867,1.0
2023-05-26 14:28:00-04:00,33076.01171875,33084.44921875,33076.01171875,33083.69140625,508808,1.0
2023-05-26 14:29:00-04:00,33083.83984375,33085.1015625,33075.44140625,33075.44140625,311429,1.0
2023-05-26 14:30:00-04:00,33074.48828125,33080.55078125,33074.48828125,33079.609375,313601,1.0
2023-05-26 14:31:00-04:00,33078.8203125,33081.1796875,33078.01953125,33079.76171875,287959,1.0
2023-05-26 14:32:00-04:00,33080.078125,33090.921875,33079.328125,33086.30078125,419380,1.0
2023-05-26 14:33:00-04:00,33085.8984375,33087.87109375,33082.26953125,33087.25,344355,1.0
2023-05-26 14:34:00-04:00,33087.078125,33087.41015625,33082.30078125,33086.0390625,333564,1.0
2023-05-26 14:35:00-04:00,33086.01171875,33096.609375,33086.01171875,33091.359375,340246,1.0
2023-05-26 14:36:00-04:00,33091.23046875,33096.58984375,33088.71875,33090.609375,270697,1.0
2023-05-26 14:37:00-04:00,33090.23828125,33095.78125,33088.828125,33095.25,371247,1.0
2023-05-26 14:38:00-04:00,33095.01171875,33111.51171875,33094.05078125,33109.76171875,536421,1.0
2023-05-26 14:39:00-04:00,33109.73046875,33111.0390625,33102.16015625,33103.73828125,342821,1.0
2023-05-26 14:40:00-04:00,33104.1015625,33108.51953125,33103.25,33103.25,350071,1.0
2023-05-26 14:41:00-04:00,33102.921875,33102.921875,33097.9609375,33101.859375,294526,1.0
2023-05-26 14:42:00-04:00,33101.91015625,33103.1796875,33098.28125,33099.48828125,375026,1.0
2023-05-26 14:43:00-04:00,33099.87109375,33108.2109375,33099.87109375,33104.30859375,280763,1.0
2023-05-26 14:44:00-04:00,33104.37890625,33106.05078125,33103.33984375,33104.62109375,351594,1.0
2023-05-26 14:45:00-04:00,33104.53125,33112.62890625,33104.53125,33111.80859375,399160,1.0
2023-05-26 14:46:00-04:00,33111.46875,33119.87109375,33111.46875,33119.5703125,380547,1.0
2023-05-26 14:47:00-04:00,33119.69921875,33119.9609375,33110.0390625,33111.55078125,413204,1.0
2023-05-26 14:48:00-04:00,33111.921875,33116.12890625,33111.6015625,33114.9296875,453169,1.0
2023-05-26 14:49:00-04:00,33115.62109375,33116.62109375,33110.109375,33111.25,428815,1.0
2023-05-26 14:50:00-04:00,33111.44921875,33114.0390625,33107.78125,33111.05078125,903263,1.0
2023-05-26 14:51:00-04:00,33112.01953125,33115.8515625,33110.109375,33110.25,331024,1.0
2023-05-26 14:52:00-04:00,33110.83984375,33117.44921875,33110.83984375,33116.98828125,468276,1.0
2023-05-26 14:53:00-04:00,33116.96875,33120.609375,33116.30078125,33116.30078125,381684,1.0
2023-05-26 14:54:00-04:00,33115.87890625,33116.5703125,33113.01171875,33115.5390625,381106,1.0
2023-05-26 14:55:00-04:00,33116.390625,33119.23828125,33116.390625,33119.0703125,471992,1.0
2023-05-26 14:56:00-04:00,33118.80859375,33118.80859375,33113.83984375,33113.87890625,442536,1.0
2023-05-26 14:57:00-04:00,33113.94140625,33117.44921875,33109.76953125,33110.0390625,525287,1.0
2023-05-26 14:58:00-04:00,33109.6484375,33109.73046875,33099.140625,33099.80859375,565496,1.0
2023-05-26 14:59:00-04:00,33099.98828125,33099.98828125,33091.53125,33095.46875,427394,1.0
2023-05-26 15:00:00-04:00,33095.7890625,33102.2109375,33095.7890625,33097.37890625,520214,1.0
2023-05-26 15:01:00-04:00,33096.98828125,33113.37109375,33096.94140625,33113.37109375,435758,1.0
2023-05-26 15:02:00-04:00,33113.08984375,33127.37109375,33113.08984375,33127.37109375,437716,1.0
2023-05-26 15:03:00-04:00,33128.140625,33133.26171875,33128.140625,33131.78125,658306,1.0
2023-05-26 15:04:00-04:00,33131.83984375,33131.83984375,33124.69921875,33125.44921875,637252,1.0
2023-05-26 15:05:00-04:00,33125.44140625,33125.44140625,33118.62890625,33121.2109375,551409,1.0
2023-05-26 15:06:00-04:00,33121.69921875,33125.76171875,33120.08984375,33125.76171875,485132,1.0
2023-05-26 15:07:00-04:00,33125.94921875,33126.08984375,33118.8984375,33125.21875,589934,1.0
2023-05-26 15:08:00-04:00,33125.0390625,33125.0390625,33117.6484375,33120.0390625,517686,1.0
2023-05-26 15:09:00-04:00,33120.19140625,33123.87890625,33118.98828125,33123.28125,433205,1.0
2023-05-26 15:10:00-04:00,33125.0390625,33129.23828125,33125.0390625,33126.25,577814,1.0
2023-05-26 15:11:00-04:00,33126.21875,33131.91015625,33124.7890625,33124.7890625,635591,1.0
2023-05-26 15:12:00-04:00,33124.69921875,33124.69921875,33110.91015625,33110.94921875,618909,1.0
2023-05-26 15:13:00-04:00,33111.12109375,33111.12109375,33104.23046875,33104.46875,639125,1.0
2023-05-26 15:14:00-04:00,33104.890625,33117.8984375,33104.890625,33117.8984375,612017,1.0
2023-05-26 15:15:00-04:00,33118.03125,33123.76953125,33116.3984375,33117.8203125,883646,1.0
2023-05-26 15:16:00-04:00,33117.890625,33120.3515625,33115.78125,33116.78125,494949,1.0
2023-05-26 15:17:00-04:00,33117.28125,33122.23046875,33111.8203125,33122.23046875,631040,1.0
2023-05-26 15:18:00-04:00,33122.12890625,33125.01953125,33121.08984375,33121.26953125,584118,1.0
2023-05-26 15:19:00-04:00,33121.05078125,33121.05078125,33116.6015625,33119.30859375,572903,1.0
2023-05-26 15:20:00-04:00,33119.30859375,33121.23046875,33110.2890625,33110.2890625,539920,1.0
2023-05-26 15:21:00-04:00,33109.91015625,33118.87109375,33109.91015625,33118.87109375,572772,1.0
2023-05-26 15:22:00-04:00,33118.76171875,33121.26171875,33117.21875,33117.5390625,628140,1.0
2023-05-26 15:23:00-04:00,33114.7890625,33117.171875,33109.7890625,33109.7890625,658218,1.0
2023-05-26 15:24:00-04:00,33109.3515625,33109.3515625,33099.1015625,33104.078125,700803,1.0
2023-05-26 15:25:00-04:00,33103.890625,33112.3984375,33103.87109375,33110.30078125,569431,1.0
2023-05-26 15:26:00-04:00,33110.21875,33110.69921875,33099.890625,33102.08984375,740165,1.0
2023-05-26 15:27:00-04:00,33102.12890625,33103.98046875,33095.73046875,33098.1484375,838717,1.0
2023-05-26 15:28:00-04:00,33098.1484375,33107.55078125,33098.1484375,33107.53125,636902,1.0
2023-05-26 15:29:00-04:00,33107.8515625,33108.7109375,33093.28125,33094.578125,1062782,1.0
2023-05-26 15:30:00-04:00,33094.71875,33096.55078125,33089.921875,33092.5390625,935169,1.0
2023-05-26 15:31:00-04:00,33092.62890625,33101.8984375,33090.609375,33101.23828125,681976,1.0
2023-05-26 15:32:00-04:00,33101.37890625,33110.98828125,33100.21875,33105.3203125,928297,1.0
2023-05-26 15:33:00-04:00,33104.75,33105.80078125,33099.75,33102.62109375,894807,1.0
2023-05-26 15:34:00-04:00,33102.73828125,33104.25,33098.12890625,33104.1796875,662055,1.0
2023-05-26 15:35:00-04:00,33104.44140625,33105.16015625,33089.5,33089.5,782053,1.0
2023-05-26 15:36:00-04:00,33089.390625,33094.69140625,33088.2890625,33094.69140625,809028,1.0
2023-05-26 15:37:00-04:00,33094.921875,33099.8203125,33092.23828125,33092.23828125,697499,1.0
2023-05-26 15:38:00-04:00,33092.73046875,33095.328125,33087.87109375,33090.12890625,705429,1.0
2023-05-26 15:39:00-04:00,33090.078125,33098.4609375,33088.359375,33098.4609375,996055,1.0
2023-05-26 15:40:00-04:00,33098.30078125,33099.69921875,33095.078125,33099.01953125,707711,1.0
2023-05-26 15:41:00-04:00,33099.0,33118.2890625,33098.73828125,33117.46875,1277209,1.0
2023-05-26 15:42:00-04:00,33117.328125,33121.359375,33116.671875,33121.140625,829588,1.0
2023-05-26 15:43:00-04:00,33121.6796875,33122.328125,33118.12109375,33118.26953125,862341,1.0
2023-05-26 15:44:00-04:00,33118.5390625,33118.5390625,33113.55078125,33116.62109375,828092,1.0
2023-05-26 15:45:00-04:00,33116.3203125,33116.5703125,33110.21875,33115.80078125,1059893,1.0
2023-05-26 15:46:00-04:00,33116.30859375,33121.0390625,33115.91015625,33116.87109375,907120,1.0
2023-05-26 15:47:00-04:00,33116.5703125,33120.37109375,33110.859375,33110.859375,1254320,1.0
2023-05-26 15:48:00-04:00,33111.21875,33112.75,33104.37890625,33108.51953125,1431969,1.0
2023-05-26 15:49:00-04:00,33108.8984375,33116.859375,33106.58984375,33114.2890625,1439219,1.0
2023-05-26 15:50:00-04:00,33113.98828125,33113.98828125,33082.55078125,33090.359375,2334348,1.0
2023-05-26 15:51:00-04:00,33090.5390625,33097.16015625,33089.25,33090.9296875,1627770,1.0
2023-05-26 15:52:00-04:00,33090.19921875,33096.8515625,33080.3203125,33096.80078125,1686330,1.0
2023-05-26 15:53:00-04:00,33096.80859375,33102.87109375,33089.2109375,33090.9609375,1658890,1.0
2023-05-26 15:54:00-04:00,33092.390625,33113.921875,33086.3515625,33113.921875,2736832,1.0
2023-05-26 15:55:00-04:00,33113.37890625,33133.26171875,33113.37890625,33130.2890625,2497381,1.0
2023-05-26 15:56:00-04:00,33130.44921875,33130.44921875,33112.640625,33113.53125,2514943,1.0
2023-05-26 15:57:00-04:00,33114.66015625,33115.19921875,33101.76953125,33109.9609375,2886629,1.0
2023-05-26 15:58:00-04:00,33108.9296875,33108.9296875,33092.80859375,33094.4296875,3024548,1.0
2023-05-26 15:59:00-04:00,33095.44921875,33096.828125,33085.66015625,33090.53125,6660578,1.0
2023-05-30 09:30:00-04:00,33103.6484375,33103.6484375,33056.4296875,33092.91015625,0,1.0
2023-05-30 09:31:00-04:00,33093.94140625,33099.921875,33081.859375,33089.87109375,2511665,1.0
2023-05-30 09:32:00-04:00,33088.12109375,33130.44140625,33088.12109375,33130.44140625,1857965,1.0
2023-05-30 09:33:00-04:00,33131.12890625,33131.12890625,33109.171875,33118.3515625,1979616,1.0
2023-05-30 09:34:00-04:00,33118.23046875,33122.98046875,33106.87890625,33121.671875,2144641,1.0
2023-05-30 09:35:00-04:00,33119.23046875,33132.69921875,33105.83984375,33106.23828125,2030820,1.0
2023-05-30 09:36:00-04:00,33106.51171875,33109.21875,33075.640625,33077.37890625,1620212,1.0
2023-05-30 09:37:00-04:00,33077.328125,33081.98046875,33035.0,33035.30078125,1752738,1.0
2023-05-30 09:38:00-04:00,33037.37109375,33037.37109375,33008.3515625,33031.921875,1725012,1.0
2023-05-30 09:39:00-04:00,33031.73828125,33036.4609375,33002.08984375,33005.12890625,1435218,1.0
2023-05-30 09:40:00-04:00,33007.98828125,33011.87890625,32990.75,33005.3984375,1969721,1.0
2023-05-30 09:41:00-04:00,33006.76953125,33024.76953125,32993.75,33022.66015625,1528819,1.0
2023-05-30 09:42:00-04:00,33023.37109375,33033.1796875,33014.96875,33030.48828125,1301250,1.0
2023-05-30 09:43:00-04:00,33030.5,33034.4296875,33003.171875,33014.03125,1455236,1.0
2023-05-30 09:44:00-04:00,33013.69921875,33025.078125,33002.30859375,33007.1796875,1405932,1.0
2023-05-30 09:45:00-04:00,33006.62109375,33013.08984375,32988.76953125,32988.76953125,1357851,1.0
2023-05-30 09:46:00-04:00,32988.3203125,33002.87109375,32979.23046875,33002.87109375,1193574,1.0
2023-05-30 09:47:00-04:00,33004.41015625,33027.9296875,33002.75,33002.75,1102477,1.0
2023-05-30 09:48:00-04:00,33004.12890625,33023.21875,33004.12890625,33023.21875,961583,1.0
2023-05-30 09:49:00-04:00,33024.05078125,33028.0,33014.171875,33016.6796875,1076208,1.0
2023-05-30 09:50:00-04:00,33016.578125,33050.671875,33016.578125,33046.078125,1187729,1.0
2023-05-30 09:51:00-04:00,33047.05078125,33048.87890625,33031.328125,33035.44140625,1321206,1.0
2023-05-30 09:52:00-04:00,33035.4609375,33045.96875,33029.44921875,33044.6015625,999077,1.0
2023-05-30 09:53:00-04:00,33044.890625,33057.890625,33042.8203125,33045.140625,1636058,1.0
2023-05-30 09:54:00-04:00,33046.2109375,33058.578125,33045.46875,33048.328125,1297348,1.0
2023-05-30 09:55:00-04:00,33048.23828125,33077.9609375,33047.921875,33077.109375,1154038,1.0
2023-05-30 09:56:00-04:00,33076.8203125,33076.8203125,33049.890625,33052.828125,942017,1.0
2023-05-30 09:57:00-04:00,33052.71875,33057.55859375,33048.3984375,33049.1015625,1010766,1.0
2023-05-30 09:58:00-04:00,33047.48046875,33075.109375,33047.1015625,33070.1796875,1123132,1.0
2023-05-30 09:59:00-04:00,33068.921875,33075.4296875,33064.859375,33069.0,975816,1.0
2023-05-30 10:00:00-04:00,33071.96875,33086.5390625,33061.171875,33075.328125,1401070,1.0
2023-05-30 10:01:00-04:00,33074.62890625,33080.6015625,33052.5390625,33059.171875,1165483,1.0
2023-05-30 10:02:00-04:00,33059.55078125,33059.55078125,33028.12109375,33031.19921875,940838,1.0
2023-05-30 10:03:00-04:00,33029.890625,33029.890625,33006.01171875,33009.328125,887585,1.0
2023-05-30 10:04:00-04:00,33008.30078125,33012.55859375,33001.8515625,33008.41015625,768096,1.0
2023-05-30 10:05:00-04:00,33009.94921875,33009.94921875,32981.609375,32989.12890625,999187,1.0
2023-05-30 10:06:00-04:00,32990.55078125,32992.30859375,32980.16015625,32983.8515625,939978,1.0
2023-05-30 10:07:00-04:00,32991.87109375,32995.6484375,32974.5703125,32982.19921875,1151896,1.0
2023-05-30 10:08:00-04:00,32982.359375,32991.23828125,32971.46875,32990.96875,808951,1.0
2023-05-30 10:09:00-04:00,32991.5,33010.05078125,32985.83984375,33008.0,669662,1.0
2023-05-30 10:10:00-04:00,33007.41015625,33024.140625,33004.359375,33006.109375,857368,1.0
2023-05-30 10:11:00-04:00,33005.8984375,33015.5390625,32999.171875,33002.578125,847675,1.0
2023-05-30 10:12:00-04:00,33002.80859375,33002.80859375,32982.71875,32989.96875,901345,1.0
2023-05-30 10:13:00-04:00,32987.921875,33029.1015625,32987.921875,33029.1015625,853082,1.0
2023-05-30 10:14:00-04:00,33029.9609375,33031.55078125,33024.171875,33031.109375,817609,1.0
2023-05-30 10:15:00-04:00,33031.05078125,33054.44140625,33031.05078125,33051.28125,978588,1.0
2023-05-30 10:16:00-04:00,33051.62109375,33071.21875,33051.62109375,33065.2109375,985453,1.0
2023-05-30 10:17:00-04:00,33063.96875,33072.1484375,33061.7890625,33069.98828125,879701,1.0
2023-05-30 10:18:00-04:00,33071.921875,33079.2109375,33056.48046875,33057.078125,928600,1.0
2023-05-30 10:19:00-04:00,33057.4296875,33064.19140625,33053.078125,33062.62109375,823064,1.0
2023-05-30 10:20:00-04:00,33068.05078125,33083.23046875,33068.05078125,33075.2109375,1105597,1.0
2023-05-30 10:21:00-04:00,33074.78125,33089.05078125,33074.78125,33085.1015625,911318,1.0
2023-05-30 10:22:00-04:00,33085.3515625,33085.3515625,33056.98046875,33062.08984375,1057011,1.0
2023-05-30 10:23:00-04:00,33063.08984375,33063.48828125,33027.73828125,33030.08984375,774528,1.0
2023-05-30 10:24:00-04:00,33030.6015625,33034.12890625,33014.28125,33014.51953125,679295,1.0
2023-05-30 10:25:00-04:00,33015.98828125,33021.94140625,33003.9296875,33004.671875,689950,1.0
2023-05-30 10:26:00-04:00,33006.671875,33010.71875,33003.6015625,33003.6015625,634184,1.0
2023-05-30 10:27:00-04:00,33004.640625,33004.640625,32993.6015625,33000.55859375,732471,1.0
2023-05-30 10:28:00-04:00,33003.5390625,33008.171875,32967.75,32968.171875,838679,1.0
2023-05-30 10:29:00-04:00,32968.8984375,32985.7890625,32952.26171875,32985.7890625,909992,1.0
2023-05-30 10:30:00-04:00,32986.1015625,32997.23046875,32975.578125,32996.87890625,636445,1.0
2023-05-30 10:31:00-04:00,32997.578125,33009.26171875,32993.69921875,33009.26171875,623095,1.0
2023-05-30 10:32:00-04:00,33009.19140625,33036.58984375,33009.19140625,33036.58984375,880498,1.0
2023-05-30 10:33:00-04:00,33038.921875,33038.921875,32990.98828125,32995.5390625,899164,1.0
2023-05-30 10:34:00-04:00,32996.73828125,32997.0390625,32982.921875,32990.671875,561421,1.0
2023-05-30 10:35:00-04:00,32989.609375,32998.12109375,32989.609375,32996.23046875,682773,1.0
2023-05-30 10:36:00-04:00,32996.41015625,32996.41015625,32981.16015625,32989.26953125,664467,1.0
2023-05-30 10:37:00-04:00,32989.01171875,32989.26171875,32977.5,32982.48046875,586428,1.0
2023-05-30 10:38:00-04:00,32984.19140625,32992.51953125,32977.48828125,32992.51953125,686495,1.0
2023-05-30 10:39:00-04:00,32992.75,32999.44140625,32989.44140625,32989.44140625,672852,1.0
2023-05-30 10:40:00-04:00,32989.37890625,33009.25,32988.3515625,33004.37890625,882503,1.0
2023-05-30 10:41:00-04:00,33004.28125,33016.01171875,33000.69140625,33014.859375,858024,1.0
2023-05-30 10:42:00-04:00,33016.12109375,33017.48828125,33007.6015625,33008.03125,698647,1.0
2023-05-30 10:43:00-04:00,33007.76171875,33016.359375,33000.30859375,33015.4296875,782365,1.0
2023-05-30 10:44:00-04:00,33015.55078125,33015.87109375,32999.078125,33003.05859375,533797,1.0
2023-05-30 10:45:00-04:00,33002.5,33003.6015625,32992.62890625,33003.4609375,498458,1.0
2023-05-30 10:46:00-04:00,33004.359375,33005.7109375,32988.6484375,32989.0,576654,1.0
2023-05-30 10:47:00-04:00,32987.78125,32987.78125,32971.140625,32971.96875,586796,1.0
2023-05-30 10:48:00-04:00,32971.33984375,32971.33984375,32950.55078125,32969.0,837387,1.0
2023-05-30 10:49:00-04:00,32968.23828125,32975.69140625,32966.94140625,32975.69140625,579259,1.0
2023-05-30 10:50:00-04:00,32975.98046875,32981.51171875,32970.140625,32981.51171875,730998,1.0
2023-05-30 10:51:00-04:00,32984.37109375,32986.8203125,32974.05859375,32978.33984375,673713,1.0
2023-05-30 10:52:00-04:00,32981.37109375,32986.8984375,32978.9609375,32982.9609375,466729,1.0
2023-05-30 10:53:00-04:00,32984.01953125,32986.26171875,32981.51953125,32981.51953125,533672,1.0
2023-05-30 10:54:00-04:00,32980.828125,32983.5,32967.828125,32969.05859375,903249,1.0
2023-05-30 10:55:00-04:00,32969.3984375,32971.37890625,32962.8984375,32968.80078125,523795,1.0
2023-05-30 10:56:00-04:00,32969.23046875,32985.5703125,32968.48828125,32985.30859375,557701,1.0
2023-05-30 10:57:00-04:00,32985.80859375,32985.80859375,32969.8984375,32974.44140625,848599,1.0
2023-05-30 10:58:00-04:00,32974.140625,32976.48828125,32970.859375,32975.80859375,607790,1.0
2023-05-30 10:59:00-04:00,32976.01171875,32979.80859375,32969.1796875,32969.5,535893,1.0
2023-05-30 11:00:00-04:00,32969.0390625,32969.0390625,32962.98046875,32967.0390625,351985,1.0
2023-05-30 11:01:00-04:00,32973.23828125,32983.4609375,32971.0703125,32981.5,1012140,1.0
2023-05-30 11:02:00-04:00,32981.2890625,32987.3203125,32980.37890625,32981.23046875,524692,1.0
2023-05-30 11:03:00-04:00,32980.76953125,32982.359375,32971.19140625,32971.91015625,527897,1.0
2023-05-30 11:04:00-04:00,32970.94921875,32976.421875,32970.94921875,32971.75,690394,1.0
2023-05-30 11:05:00-04:00,32972.05859375,32976.62109375,32969.55078125,32970.55859375,565901,1.0
2023-05-30 11:06:00-04:00,32970.51953125,32970.51953125,32958.0703125,32958.76171875,522351,1.0
2023-05-30 11:07:00-04:00,32959.2890625,32970.80078125,32955.12890625,32969.91015625,622558,1.0
2023-05-30 11:08:00-04:00,32968.98046875,32968.98046875,32962.078125,32966.71875,501424,1.0
2023-05-30 11:09:00-04:00,32966.30078125,32973.01953125,32962.73046875,32970.98828125,443506,1.0
2023-05-30 11:10:00-04:00,32971.3203125,32971.3203125,32954.1484375,32954.8984375,535230,1.0
2023-05-30 11:11:00-04:00,32955.1015625,32966.48828125,32953.62109375,32963.62890625,474875,1.0
2023-05-30 11:12:00-04:00,32962.671875,32966.26171875,32955.2109375,32955.609375,415327,1.0
2023-05-30 11:13:00-04:00,32958.671875,32958.671875,32956.80859375,32956.828125,562722,1.0
2023-05-30 11:14:00-04:00,32956.87109375,32962.1015625,32954.26171875,32958.890625,391311,1.0
2023-05-30 11:15:00-04:00,32958.890625,32959.01953125,32940.1484375,32940.1484375,516713,1.0
2023-05-30 11:16:00-04:00,32939.2109375,32939.2109375,32917.0,32924.1796875,781268,1.0
2023-05-30 11:17:00-04:00,32925.37109375,32936.48828125,32925.37109375,32930.01953125,589811,1.0
2023-05-30 11:18:00-04:00,32930.51953125,32947.46875,32930.51953125,32938.671875,443817,1.0
2023-05-30 11:19:00-04:00,32938.12109375,32938.890625,32928.73046875,32928.87890625,403509,1.0
2023-05-30 11:20:00-04:00,32928.80078125,32932.1015625,32893.96875,32895.37890625,1015878,1.0
2023-05-30 11:21:00-04:00,32895.0703125,32910.01171875,32895.0703125,32907.859375,520837,1.0
2023-05-30 11:22:00-04:00,32907.8203125,32912.390625,32896.30078125,32902.3515625,709309,1.0
2023-05-30 11:23:00-04:00,32902.140625,32906.8515625,32899.3515625,32901.828125,428908,1.0
2023-05-30 11:24:00-04:00,32900.94921875,32914.71875,32900.94921875,32911.6015625,412276,1.0
2023-05-30 11:25:00-04:00,32911.26953125,32914.30078125,32910.5390625,32913.94921875,86267,1.0
2023-05-30 11:26:00-04:00,32913.44140625,32917.33984375,32913.12890625,32914.3203125,993734,1.0
2023-05-30 11:27:00-04:00,32914.19921875,32926.03125,32910.44921875,32925.73046875,531790,1.0
2023-05-30 11:28:00-04:00,32925.8203125,32937.69140625,32925.8203125,32935.05859375,597969,1.0
2023-05-30 11:29:00-04:00,32930.921875,32946.62890625,32927.578125,32945.578125,560432,1.0
2023-05-30 11:30:00-04:00,32945.421875,32951.78125,32943.91015625,32945.91015625,527540,1.0
2023-05-30 11:31:00-04:00,32945.76953125,32960.46875,32944.01171875,32956.62890625,526200,1.0
2023-05-30 11:32:00-04:00,32956.80078125,32957.62109375,32948.16015625,32952.05078125,433739,1.0
2023-05-30 11:33:00-04:00,32951.87890625,32954.48046875,32948.23828125,32953.1484375,438988,1.0
2023-05-30 11:34:00-04:00,32953.73828125,32961.76953125,32949.33984375,32951.2890625,428258,1.0
2023-05-30 11:35:00-04:00,32952.05859375,32962.33984375,32952.05859375,32962.33984375,531732,1.0
2023-05-30 11:36:00-04:00,32962.5390625,32969.609375,32955.94140625,32969.609375,648083,1.0
2023-05-30 11:37:00-04:00,32969.62890625,32976.48828125,32969.62890625,32973.28125,702670,1.0
2023-05-30 11:38:00-04:00,32973.37890625,32980.640625,32973.37890625,32976.96875,864359,1.0
2023-05-30 11:39:00-04:00,32976.96875,32979.30078125,32974.12890625,32974.421875,511138,1.0
2023-05-30 11:40:00-04:00,32974.05078125,32979.7890625,32971.37109375,32973.12109375,521707,1.0
2023-05-30 11:41:00-04:00,32972.609375,32973.828125,32969.8984375,32972.609375,459094,1.0
2023-05-30 11:42:00-04:00,32972.75,32975.53125,32968.30859375,32974.78125,489937,1.0
2023-05-30 11:43:00-04:00,32974.30078125,32975.33984375,32959.578125,32961.9609375,488469,1.0
2023-05-30 11:44:00-04:00,32961.80859375,32963.05859375,32953.25,32955.19140625,352744,1.0
2023-05-30 11:45:00-04:00,32955.1484375,32963.91015625,32948.28125,32959.66015625,581188,1.0
2023-05-30 11:46:00-04:00,32959.23828125,32973.890625,32958.94140625,32973.890625,443198,1.0
2023-05-30 11:47:00-04:00,32973.8515625,32974.109375,32964.08984375,32966.16015625,519162,1.0
2023-05-30 11:48:00-04:00,32966.19921875,32966.33984375,32956.171875,32957.37109375,404271,1.0
2023-05-30 11:49:00-04:00,32957.58984375,32963.66015625,32956.83984375,32962.890625,405859,1.0
2023-05-30 11:50:00-04:00,32963.46875,32965.44921875,32959.44921875,32960.609375,314340,1.0
2023-05-30 11:51:00-04:00,32960.109375,32960.109375,32946.05859375,32948.51171875,544360,1.0
2023-05-30 11:52:00-04:00,32949.26953125,32960.1015625,32949.26953125,32958.0703125,611665,1.0
2023-05-30 11:53:00-04:00,32958.23046875,32958.921875,32950.58984375,32954.21875,690154,1.0
2023-05-30 11:54:00-04:00,32954.0390625,32954.0390625,32947.87890625,32949.640625,486362,1.0
2023-05-30 11:55:00-04:00,32949.6015625,32957.76953125,32949.30078125,32953.1484375,376423,1.0
2023-05-30 11:56:00-04:00,32953.83984375,32965.140625,32953.83984375,32963.33984375,477718,1.0
2023-05-30 11:57:00-04:00,32963.9296875,32965.87109375,32960.76953125,32962.75,323966,1.0
2023-05-30 11:58:00-04:00,32962.16015625,32962.19921875,32954.01171875,32956.12109375,545660,1.0
2023-05-30 11:59:00-04:00,32955.48046875,32973.16015625,32955.33984375,32972.3515625,498826,1.0
2023-05-30 12:00:00-04:00,32972.12890625,32976.05078125,32969.83984375,32976.05078125,524936,1.0
2023-05-30 12:01:00-04:00,32976.25,32977.3984375,32964.671875,32964.671875,576354,1.0
2023-05-30 12:02:00-04:00,32964.69140625,32970.25,32964.578125,32968.12109375,424874,1.0
2023-05-30 12:03:00-04:00,32968.2890625,32979.7109375,32964.8203125,32975.96875,447144,1.0
2023-05-30 12:04:00-04:00,32976.1015625,32976.12109375,32964.58984375,32966.51953125,453556,1.0
2023-05-30 12:05:00-04:00,32966.5390625,32966.5390625,32943.83984375,32943.890625,664552,1.0
2023-05-30 12:06:00-04:00,32944.08984375,32953.76171875,32943.53125,32952.12109375,461082,1.0
2023-05-30 12:07:00-04:00,32952.28125,32956.421875,32947.9296875,32948.390625,474288,1.0
2023-05-30 12:08:00-04:00,32948.390625,32962.28125,32948.390625,32960.1484375,428169,1.0
2023-05-30 12:09:00-04:00,32960.390625,32960.71875,32955.12890625,32955.51953125,340219,1.0
2023-05-30 12:10:00-04:00,32956.390625,32974.01171875,32956.390625,32973.62890625,476019,1.0
2023-05-30 12:11:00-04:00,32973.53125,32976.23828125,32971.328125,32974.5,397487,1.0
2023-05-30 12:12:00-04:00,32975.01953125,32975.01953125,32962.26171875,32965.3984375,416614,1.0
2023-05-30 12:13:00-04:00,32964.4609375,32964.4609375,32954.859375,32963.30859375,366361,1.0
2023-05-30 12:14:00-04:00,32963.26953125,32967.3515625,32963.26953125,32965.8515625,341248,1.0
2023-05-30 12:15:00-04:00,32965.94921875,32981.55078125,32963.03125,32981.48046875,463735,1.0
2023-05-30 12:16:00-04:00,32981.8984375,32988.98828125,32980.21875,32980.890625,411592,1.0
2023-05-30 12:17:00-04:00,32980.44921875,32980.4609375,32967.05078125,32970.1796875,448173,1.0
2023-05-30 12:18:00-04:00,32970.6484375,32971.80859375,32961.2109375,32964.8515625,429207,1.0
2023-05-30 12:19:00-04:00,32965.12109375,32981.5703125,32965.0703125,32978.30859375,409164,1.0
2023-05-30 12:20:00-04:00,32978.578125,32983.890625,32978.578125,32983.19140625,349302,1.0
2023-05-30 12:21:00-04:00,32982.46875,32982.46875,32973.71875,32974.2890625,340681,1.0
2023-05-30 12:22:00-04:00,32974.55078125,32978.3203125,32969.109375,32971.21875,323805,1.0
2023-05-30 12:23:00-04:00,32970.71875,32970.87890625,32968.0,32970.37109375,341616,1.0
2023-05-30 12:24:00-04:00,32970.87890625,32979.73046875,32970.26171875,32978.66015625,359416,1.0
2023-05-30 12:25:00-04:00,32978.328125,32984.51171875,32975.6015625,32983.03125,507473,1.0
2023-05-30 12:26:00-04:00,32982.94921875,32986.5390625,32980.5703125,32983.0390625,412030,1.0
2023-05-30 12:27:00-04:00,32982.8203125,32982.8203125,32958.23046875,32960.28125,540811,1.0
2023-05-30 12:28:00-04:00,32960.5390625,32963.26171875,32954.55859375,32963.01953125,325099,1.0
2023-05-30 12:29:00-04:00,32962.8203125,32976.78125,32962.8203125,32973.23046875,401252,1.0
2023-05-30 12:30:00-04:00,32973.140625,32973.140625,32963.23828125,32969.8984375,498507,1.0
2023-05-30 12:31:00-04:00,32969.4609375,32969.609375,32959.12890625,32967.23828125,406983,1.0
2023-05-30 12:32:00-04:00,32967.69921875,32969.3984375,32961.69140625,32962.05078125,485979,1.0
2023-05-30 12:33:00-04:00,32962.21875,32981.33984375,32962.21875,32979.71875,508071,1.0
2023-05-30 12:34:00-04:00,32979.76953125,32984.87109375,32969.3515625,32969.87109375,452645,1.0
2023-05-30 12:35:00-04:00,32969.609375,32987.46875,32969.51953125,32987.46875,535467,1.0
2023-05-30 12:36:00-04:00,32987.78125,32987.78125,32975.94140625,32977.0,441355,1.0
2023-05-30 12:37:00-04:00,32977.66015625,32980.5,32953.46875,32953.94921875,571824,1.0
2023-05-30 12:38:00-04:00,32953.66015625,32958.98046875,32945.640625,32947.41015625,479561,1.0
2023-05-30 12:39:00-04:00,32946.6484375,32948.7890625,32933.421875,32934.48828125,534616,1.0
2023-05-30 12:40:00-04:00,32934.7109375,32935.5703125,32927.78125,32927.890625,493595,1.0
2023-05-30 12:41:00-04:00,32927.76171875,32928.91015625,32917.98828125,32925.3984375,556358,1.0
2023-05-30 12:42:00-04:00,32925.51171875,32929.66015625,32921.91015625,32929.44921875,456934,1.0
2023-05-30 12:43:00-04:00,32929.6796875,32932.37890625,32926.6015625,32928.66015625,468650,1.0
2023-05-30 12:44:00-04:00,32928.66015625,32929.05859375,32922.671875,32923.69140625,326635,1.0
2023-05-30 12:45:00-04:00,32924.28125,32929.62890625,32918.41015625,32929.62890625,402091,1.0
2023-05-30 12:46:00-04:00,32930.44921875,32932.8515625,32920.71875,32921.5,1440341,1.0
2023-05-30 12:47:00-04:00,32920.9296875,32920.9296875,32916.98828125,32919.03125,467088,1.0
2023-05-30 12:48:00-04:00,32919.7109375,32938.12109375,32919.30078125,32938.12109375,393286,1.0
2023-05-30 12:49:00-04:00,32938.171875,32939.0,32932.94140625,32937.19921875,346025,1.0
2023-05-30 12:50:00-04:00,32937.05078125,32950.44921875,32936.73046875,32949.640625,491794,1.0
2023-05-30 12:51:00-04:00,32948.48046875,32951.96875,32942.58984375,32951.96875,493486,1.0
2023-05-30 12:52:00-04:00,32951.3984375,32966.0,32951.05859375,32965.9609375,625744,1.0
2023-05-30 12:53:00-04:00,32966.41015625,32977.78125,32966.41015625,32977.37890625,355435,1.0
2023-05-30 12:54:00-04:00,32977.5,32985.140625,32977.5,32981.890625,513011,1.0
2023-05-30 12:55:00-04:00,32981.62109375,32981.80078125,32965.671875,32966.609375,611277,1.0
2023-05-30 12:56:00-04:00,32966.671875,32971.75,32965.671875,32970.0390625,350396,1.0
2023-05-30 12:57:00-04:00,32970.25,32971.0390625,32966.98046875,32970.62890625,450703,1.0
2023-05-30 12:58:00-04:00,32970.62890625,32977.51171875,32970.62890625,32974.0390625,453814,1.0
2023-05-30 12:59:00-04:00,32974.01171875,32975.98046875,32968.26171875,32972.55078125,370757,1.0
2023-05-30 13:00:00-04:00,32972.66015625,32973.28125,32963.8203125,32964.80078125,408090,1.0
2023-05-30 13:01:00-04:00,32965.9296875,32966.94921875,32961.87890625,32961.87890625,396739,1.0
2023-05-30 13:02:00-04:00,32961.5,32962.12890625,32956.80078125,32961.5390625,312915,1.0
2023-05-30 13:03:00-04:00,32964.921875,32968.28125,32954.01171875,32954.01171875,362625,1.0
2023-05-30 13:04:00-04:00,32954.05078125,32958.37109375,32952.12109375,32955.73828125,375449,1.0
2023-05-30 13:05:00-04:00,32955.9609375,32957.48828125,32951.30859375,32957.0703125,332185,1.0
2023-05-30 13:06:00-04:00,32957.140625,32957.73046875,32951.87890625,32957.73046875,451633,1.0
2023-05-30 13:07:00-04:00,32958.55078125,32964.171875,32957.75,32957.890625,523318,1.0
2023-05-30 13:08:00-04:00,32958.0,32958.0703125,32944.44921875,32948.37109375,659949,1.0
2023-05-30 13:09:00-04:00,32948.6484375,32961.01953125,32947.6796875,32949.91015625,446137,1.0
2023-05-30 13:10:00-04:00,32949.76953125,32954.6015625,32948.390625,32953.80859375,269972,1.0
2023-05-30 13:11:00-04:00,32953.578125,32966.8203125,32953.3203125,32966.8203125,346945,1.0
2023-05-30 13:12:00-04:00,32967.171875,32968.98828125,32963.83984375,32968.98828125,470733,1.0
2023-05-30 13:13:00-04:00,32969.7890625,32970.3515625,32960.73828125,32960.78125,505053,1.0
2023-05-30 13:14:00-04:00,32960.5,32962.609375,32956.76171875,32962.609375,345137,1.0
2023-05-30 13:15:00-04:00,32962.73828125,32963.33984375,32955.30078125,32957.640625,340117,1.0
2023-05-30 13:16:00-04:00,32957.671875,32959.94140625,32954.4296875,32957.23046875,292019,1.0
2023-05-30 13:17:00-04:00,32956.96875,32966.46875,32956.96875,32965.578125,329660,1.0
2023-05-30 13:18:00-04:00,32965.76953125,32978.62109375,32965.30859375,32976.609375,332005,1.0
2023-05-30 13:19:00-04:00,32976.37109375,32976.37109375,32971.6484375,32971.73828125,337943,1.0
2023-05-30 13:20:00-04:00,32971.828125,32980.6015625,32971.828125,32980.19921875,455582,1.0
2023-05-30 13:21:00-04:00,32980.1484375,32981.62109375,32975.8203125,32975.8203125,580276,1.0
2023-05-30 13:22:00-04:00,32974.55859375,32974.55859375,32969.87109375,32971.51953125,472917,1.0
2023-05-30 13:23:00-04:00,32971.58984375,32973.6484375,32969.80859375,32971.1015625,339673,1.0
2023-05-30 13:24:00-04:00,32971.23046875,32974.171875,32968.37890625,32968.37890625,331573,1.0
2023-05-30 13:25:00-04:00,32968.69921875,32968.8203125,32961.94921875,32964.87890625,351654,1.0
2023-05-30 13:26:00-04:00,32964.7109375,32964.98828125,32953.390625,32953.94140625,360424,1.0
2023-05-30 13:27:00-04:00,32953.69921875,32953.69921875,32946.23046875,32949.4296875,333803,1.0
2023-05-30 13:28:00-04:00,32950.03125,32950.12109375,32929.48046875,32929.859375,673328,1.0
2023-05-30 13:29:00-04:00,32929.7890625,32939.76171875,32929.5703125,32936.1484375,469147,1.0
2023-05-30 13:30:00-04:00,32935.6015625,32935.6015625,32922.37109375,32922.37109375,520381,1.0
2023-05-30 13:31:00-04:00,32921.66015625,32934.46875,32912.671875,32932.2890625,507577,1.0
2023-05-30 13:32:00-04:00,32932.80859375,32949.328125,32932.80859375,32946.30078125,469517,1.0
2023-05-30 13:33:00-04:00,32946.41015625,32969.1796875,32943.44140625,32967.98046875,425973,1.0
2023-05-30 13:34:00-04:00,32968.05859375,32968.05859375,32962.6015625,32962.6015625,358515,1.0
2023-05-30 13:35:00-04:00,32962.6015625,32963.328125,32950.91015625,32952.48828125,343035,1.0
2023-05-30 13:36:00-04:00,32952.16015625,32960.078125,32951.69140625,32956.0703125,321228,1.0
2023-05-30 13:37:00-04:00,32956.140625,32956.25,32949.80078125,32952.21875,291812,1.0
2023-05-30 13:38:00-04:00,32952.01171875,32952.0390625,32945.37890625,32946.19921875,326686,1.0
2023-05-30 13:39:00-04:00,32946.26953125,32949.98828125,32935.69921875,32937.3203125,369368,1.0
2023-05-30 13:40:00-04:00,32937.44921875,32947.16015625,32937.44921875,32946.328125,421847,1.0
2023-05-30 13:41:00-04:00,32946.69140625,32949.0703125,32944.1484375,32947.44921875,363296,1.0
2023-05-30 13:42:00-04:00,32949.53125,32958.0,32948.69140625,32952.05078125,419608,1.0
2023-05-30 13:43:00-04:00,32952.98046875,32952.98046875,32938.421875,32942.7109375,491626,1.0
2023-05-30 13:44:00-04:00,32942.3515625,32944.6796875,32940.55078125,32944.58984375,281017,1.0
2023-05-30 13:45:00-04:00,32944.4296875,32956.62109375,32939.96875,32956.62109375,449738,1.0
2023-05-30 13:46:00-04:00,32958.08984375,32958.08984375,32952.80078125,32953.25,331343,1.0
2023-05-30 13:47:00-04:00,32953.28125,32953.28125,32942.75,32942.8203125,311700,1.0
2023-05-30 13:48:00-04:00,32943.12890625,32959.12109375,32943.12890625,32957.48046875,347393,1.0
2023-05-30 13:49:00-04:00,32957.6796875,32960.16015625,32954.6484375,32960.16015625,499878,1.0
2023-05-30 13:50:00-04:00,32960.12109375,32969.94140625,32957.80078125,32969.94140625,452990,1.0
2023-05-30 13:51:00-04:00,32970.0703125,32970.69140625,32963.78125,32965.69140625,363631,1.0
2023-05-30 13:52:00-04:00,32965.73828125,32965.83984375,32957.01953125,32959.390625,410165,1.0
2023-05-30 13:53:00-04:00,32959.37890625,32959.44921875,32942.5390625,32944.66015625,491100,1.0
2023-05-30 13:54:00-04:00,32944.62109375,32945.83984375,32939.44140625,32943.62890625,413019,1.0
2023-05-30 13:55:00-04:00,32943.5,32943.5,32936.73046875,32937.921875,390914,1.0
2023-05-30 13:56:00-04:00,32937.0390625,32941.1015625,32935.328125,32938.7890625,479824,1.0
2023-05-30 13:57:00-04:00,32938.69921875,32943.0703125,32936.3203125,32939.359375,362279,1.0
2023-05-30 13:58:00-04:00,32938.87890625,32938.87890625,32932.921875,32932.921875,473391,1.0
2023-05-30 13:59:00-04:00,32932.6484375,32932.73046875,32927.390625,32931.37890625,433791,1.0
2023-05-30 14:00:00-04:00,32931.44140625,32940.9609375,32931.44140625,32933.05859375,369163,1.0
2023-05-30 14:01:00-04:00,32933.1015625,32937.1796875,32925.609375,32928.30078125,338352,1.0
2023-05-30 14:02:00-04:00,32927.73828125,32942.3515625,32923.96875,32942.3515625,492899,1.0
2023-05-30 14:03:00-04:00,32942.23046875,32943.53125,32931.3203125,32931.8984375,308800,1.0
2023-05-30 14:04:00-04:00,32931.7890625,32931.7890625,32925.8515625,32927.91015625,345218,1.0
2023-05-30 14:05:00-04:00,32927.75,32939.12109375,32926.859375,32938.19921875,448138,1.0
2023-05-30 14:06:00-04:00,32938.19140625,32946.76953125,32937.26171875,32946.19140625,426873,1.0
2023-05-30 14:07:00-04:00,32946.3515625,32946.96875,32931.48046875,32931.78125,499004,1.0
2023-05-30 14:08:00-04:00,32931.44921875,32931.83984375,32921.87890625,32923.87109375,413120,1.0
2023-05-30 14:09:00-04:00,32923.76171875,32928.828125,32922.91015625,32926.37109375,361453,1.0
2023-05-30 14:10:00-04:00,32926.390625,32931.1796875,32924.12890625,32930.51171875,351248,1.0
2023-05-30 14:11:00-04:00,32930.51171875,32936.73828125,32928.46875,32935.05078125,431698,1.0
2023-05-30 14:12:00-04:00,32934.80859375,32939.8203125,32930.921875,32939.8203125,454655,1.0
2023-05-30 14:13:00-04:00,32939.640625,32941.94140625,32936.1796875,32939.37109375,441058,1.0
2023-05-30 14:14:00-04:00,32939.30078125,32941.1015625,32937.3984375,32937.3984375,423230,1.0
2023-05-30 14:15:00-04:00,32937.4609375,32937.94921875,32931.62890625,32937.12890625,416098,1.0
2023-05-30 14:16:00-04:00,32936.98828125,32949.80859375,32936.98828125,32945.109375,474551,1.0
2023-05-30 14:17:00-04:00,32944.73046875,32952.94140625,32944.73046875,32951.2890625,375330,1.0
2023-05-30 14:18:00-04:00,32950.859375,32962.3515625,32950.80859375,32962.3515625,439591,1.0
2023-05-30 14:19:00-04:00,32963.30078125,32968.51171875,32963.30078125,32967.58984375,495927,1.0
2023-05-30 14:20:00-04:00,32967.171875,32968.21875,32961.71875,32966.109375,287814,1.0
2023-05-30 14:21:00-04:00,32966.390625,32979.6484375,32966.390625,32979.62109375,375972,1.0
2023-05-30 14:22:00-04:00,32980.23828125,32986.98046875,32977.28125,32985.51171875,502110,1.0
2023-05-30 14:23:00-04:00,32985.5390625,32986.25,32982.55078125,32982.55078125,377879,1.0
2023-05-30 14:24:00-04:00,32983.83984375,32992.6015625,32981.78125,32986.80859375,647542,1.0
2023-05-30 14:25:00-04:00,32986.8984375,32993.0703125,32986.671875,32990.390625,566791,1.0
2023-05-30 14:26:00-04:00,32990.87890625,32998.51171875,32989.62109375,32992.53125,490413,1.0
2023-05-30 14:27:00-04:00,32993.23828125,33000.03125,32993.140625,32996.109375,415095,1.0
2023-05-30 14:28:00-04:00,32996.171875,33003.1796875,32995.71875,32995.71875,549494,1.0
2023-05-30 14:29:00-04:00,32995.94921875,32998.2109375,32993.71875,32994.078125,547884,1.0
2023-05-30 14:30:00-04:00,32994.0390625,33003.62109375,32994.0390625,33003.62109375,526309,1.0
2023-05-30 14:31:00-04:00,33002.98828125,33009.6484375,33002.80078125,33005.48046875,483110,1.0
2023-05-30 14:32:00-04:00,33005.87890625,33011.94140625,33005.53125,33011.1015625,453938,1.0
2023-05-30 14:33:00-04:00,33010.73046875,33013.921875,33007.140625,33007.3203125,387094,1.0
2023-05-30 14:34:00-04:00,33007.0703125,33011.6484375,33007.03125,33010.26171875,280899,1.0
2023-05-30 14:35:00-04:00,33010.2109375,33021.30859375,33008.58984375,33021.30859375,793798,1.0
2023-05-30 14:36:00-04:00,33020.26953125,33022.6015625,33009.359375,33010.80078125,595371,1.0
2023-05-30 14:37:00-04:00,33010.828125,33012.62109375,33008.2109375,33010.37890625,376977,1.0
2023-05-30 14:38:00-04:00,33010.421875,33020.5703125,33010.421875,33020.25,426578,1.0
2023-05-30 14:39:00-04:00,33020.0390625,33020.48828125,33016.25,33019.73046875,366265,1.0
2023-05-30 14:40:00-04:00,33019.75,33023.578125,33019.26171875,33021.94921875,496725,1.0
2023-05-30 14:41:00-04:00,33023.328125,33034.66015625,33023.328125,33032.96875,572199,1.0
2023-05-30 14:42:00-04:00,33032.6796875,33041.23046875,33031.80859375,33034.19921875,452273,1.0
2023-05-30 14:43:00-04:00,33033.69140625,33037.828125,33032.01953125,33037.2109375,451250,1.0
2023-05-30 14:44:00-04:00,33037.41015625,33042.109375,33037.41015625,33040.25,424953,1.0
2023-05-30 14:45:00-04:00,33040.16015625,33045.96875,33023.23046875,33023.23046875,810261,1.0
2023-05-30 14:46:00-04:00,33023.69140625,33030.21875,33022.328125,33024.80078125,533638,1.0
2023-05-30 14:47:00-04:00,33024.7109375,33025.33984375,33019.76171875,33022.28125,394623,1.0
2023-05-30 14:48:00-04:00,33021.58984375,33026.83984375,33014.94140625,33014.94140625,559983,1.0
2023-05-30 14:49:00-04:00,33014.671875,33016.08984375,33011.41015625,33011.80859375,432010,1.0
2023-05-30 14:50:00-04:00,33011.51171875,33012.328125,32989.30078125,32991.7890625,621040,1.0
2023-05-30 14:51:00-04:00,32991.98046875,33003.0,32991.98046875,33003.0,420406,1.0
2023-05-30 14:52:00-04:00,33002.96875,33004.30078125,32990.6484375,32999.8203125,719128,1.0
2023-05-30 14:53:00-04:00,33000.78125,33006.44921875,32997.359375,33006.44921875,540450,1.0
2023-05-30 14:54:00-04:00,33007.828125,33019.94140625,33007.55859375,33019.94140625,439640,1.0
2023-05-30 14:55:00-04:00,33020.25,33029.2890625,33020.25,33020.421875,628766,1.0
2023-05-30 14:56:00-04:00,33020.05078125,33022.37890625,33019.109375,33020.98828125,396124,1.0
2023-05-30 14:57:00-04:00,33020.44921875,33020.44921875,33009.94921875,33009.94921875,440074,1.0
2023-05-30 14:58:00-04:00,33009.69140625,33009.69140625,33001.44921875,33003.76953125,426497,1.0
2023-05-30 14:59:00-04:00,33004.69140625,33007.37890625,32997.421875,32997.421875,553519,1.0
2023-05-30 15:00:00-04:00,32997.51171875,32997.51171875,32985.01171875,32986.83984375,742791,1.0
2023-05-30 15:01:00-04:00,32986.7109375,32996.2890625,32986.44140625,32996.19140625,464615,1.0
2023-05-30 15:02:00-04:00,32995.2109375,33002.76171875,32981.921875,32983.48828125,953116,1.0
2023-05-30 15:03:00-04:00,32983.30859375,32989.01953125,32982.62109375,32988.9609375,457490,1.0
2023-05-30 15:04:00-04:00,32988.98046875,32989.2109375,32984.76171875,32987.140625,458754,1.0
2023-05-30 15:05:00-04:00,32987.44921875,32990.078125,32976.51953125,32976.53125,793339,1.0
2023-05-30 15:06:00-04:00,32976.5390625,32983.98046875,32975.05078125,32983.12109375,400246,1.0
2023-05-30 15:07:00-04:00,32982.6796875,32989.0,32980.3984375,32987.828125,452624,1.0
2023-05-30 15:08:00-04:00,32987.30078125,32996.578125,32986.171875,32996.578125,494086,1.0
2023-05-30 15:09:00-04:00,32996.87890625,33001.5,32994.640625,33000.96875,923719,1.0
2023-05-30 15:10:00-04:00,33000.12109375,33000.6484375,32995.76171875,33000.640625,408324,1.0
2023-05-30 15:11:00-04:00,33000.9296875,33005.25,33000.9296875,33004.21875,452623,1.0
2023-05-30 15:12:00-04:00,33003.94921875,33007.48046875,32999.33984375,32999.37109375,473016,1.0
2023-05-30 15:13:00-04:00,32999.2890625,32999.78125,32986.83984375,32989.1796875,529466,1.0
2023-05-30 15:14:00-04:00,32989.05078125,32989.05078125,32978.7109375,32986.3203125,719186,1.0
2023-05-30 15:15:00-04:00,32986.73046875,32987.75,32980.328125,32982.33984375,609621,1.0
2023-05-30 15:16:00-04:00,32982.4296875,32988.171875,32979.1484375,32986.5,466302,1.0
2023-05-30 15:17:00-04:00,32984.62890625,32995.12109375,32979.78125,32995.12109375,465242,1.0
2023-05-30 15:18:00-04:00,32995.01953125,33004.328125,32995.01953125,32996.75,393997,1.0
2023-05-30 15:19:00-04:00,32997.16015625,32998.5390625,32992.890625,32994.1484375,452816,1.0
2023-05-30 15:20:00-04:00,32994.41015625,33000.62109375,32991.71875,32994.71875,513406,1.0
2023-05-30 15:21:00-04:00,32994.8203125,32996.3203125,32991.26171875,32993.12109375,522731,1.0
2023-05-30 15:22:00-04:00,32993.03125,33002.62890625,32991.51953125,32991.98828125,657621,1.0
2023-05-30 15:23:00-04:00,32992.0390625,32998.8203125,32989.87890625,32998.8203125,571153,1.0
2023-05-30 15:24:00-04:00,32998.51953125,33008.9296875,32998.359375,33005.46875,491777,1.0
2023-05-30 15:25:00-04:00,33005.73828125,33014.078125,33005.73828125,33013.4609375,469895,1.0
2023-05-30 15:26:00-04:00,33013.62890625,33026.2109375,33012.71875,33023.87890625,536574,1.0
2023-05-30 15:27:00-04:00,33023.94921875,33025.30078125,33017.83984375,33018.0703125,465525,1.0
2023-05-30 15:28:00-04:00,33017.890625,33023.83984375,33017.69921875,33023.421875,481022,1.0
2023-05-30 15:29:00-04:00,33023.73046875,33028.5,33017.109375,33019.0703125,476925,1.0
2023-05-30 15:30:00-04:00,33019.3515625,33036.890625,33018.62109375,33031.5,672924,1.0
2023-05-30 15:31:00-04:00,33031.94921875,33038.23828125,33031.94921875,33038.01171875,565992,1.0
2023-05-30 15:32:00-04:00,33039.01953125,33042.25,33033.359375,33036.0,630425,1.0
2023-05-30 15:33:00-04:00,33035.2109375,33035.8203125,33028.078125,33028.078125,671437,1.0
2023-05-30 15:34:00-04:00,33028.76953125,33039.4296875,33028.76953125,33038.23046875,486211,1.0
2023-05-30 15:35:00-04:00,33038.26953125,33038.73046875,33031.421875,33031.98828125,572489,1.0
2023-05-30 15:36:00-04:00,33032.16015625,33033.37109375,33020.41015625,33021.73046875,627122,1.0
2023-05-30 15:37:00-04:00,33022.140625,33034.3984375,33021.26953125,33034.3984375,602143,1.0
2023-05-30 15:38:00-04:00,33034.640625,33040.28125,33034.140625,33035.0703125,598299,1.0
2023-05-30 15:39:00-04:00,33035.33984375,33035.33984375,33027.609375,33029.48828125,504779,1.0
2023-05-30 15:40:00-04:00,33028.9609375,33028.9609375,33022.55078125,33024.23046875,695143,1.0
2023-05-30 15:41:00-04:00,33024.4609375,33031.69140625,33024.4609375,33028.921875,686500,1.0
2023-05-30 15:42:00-04:00,33029.3984375,33034.76953125,33022.25,33034.55078125,803205,1.0
2023-05-30 15:43:00-04:00,33034.62109375,33034.62109375,33027.140625,33030.9609375,779757,1.0
2023-05-30 15:44:00-04:00,33030.73828125,33036.73828125,33029.3515625,33032.859375,814270,1.0
2023-05-30 15:45:00-04:00,33033.2890625,33046.73046875,33032.66015625,33045.21875,1068935,1.0
2023-05-30 15:46:00-04:00,33045.80859375,33052.69921875,33040.421875,33051.58984375,894236,1.0
2023-05-30 15:47:00-04:00,33050.62890625,33050.62890625,33035.48828125,33036.62109375,954051,1.0
2023-05-30 15:48:00-04:00,33036.8203125,33040.1796875,33030.4609375,33038.33984375,921456,1.0
2023-05-30 15:49:00-04:00,33037.51171875,33047.51953125,33037.33984375,33044.609375,872886,1.0
2023-05-30 15:50:00-04:00,33045.6015625,33045.6015625,33027.3515625,33027.3515625,1480203,1.0
2023-05-30 15:51:00-04:00,33026.9296875,33032.4609375,33024.12890625,33029.5,1343513,1.0
2023-05-30 15:52:00-04:00,33029.55859375,33033.48828125,33022.73828125,33024.51171875,1551910,1.0
2023-05-30 15:53:00-04:00,33024.62890625,33025.69921875,33013.21875,33016.6796875,1596147,1.0
2023-05-30 15:54:00-04:00,33016.390625,33025.05078125,33010.5,33011.05078125,2227436,1.0
2023-05-30 15:55:00-04:00,33010.62109375,33024.7890625,33010.62109375,33020.1015625,2398425,1.0
2023-05-30 15:56:00-04:00,33021.83984375,33027.55859375,33016.80078125,33019.62109375,2504090,1.0
2023-05-30 15:57:00-04:00,33020.51171875,33037.640625,33020.51171875,33034.3203125,2961723,1.0
2023-05-30 15:58:00-04:00,33033.3984375,33044.87109375,33026.640625,33042.421875,3188904,1.0
2023-05-30 15:59:00-04:00,33043.609375,33061.48828125,33038.0703125,33041.859375,8595378,1.0
2023-05-31 09:30:00-04:00,32948.7109375,32948.7109375,32891.46875,32900.55859375,0,1.0
2023-05-31 09:31:00-04:00,32900.3515625,32914.08984375,32899.421875,32913.76171875,1395839,1.0
2023-05-31 09:32:00-04:00,32914.6796875,32952.578125,32914.26953125,32946.5703125,1658313,1.0
2023-05-31 09:33:00-04:00,32944.4296875,32944.4296875,32889.9609375,32892.80078125,1000668,1.0
2023-05-31 09:34:00-04:00,32894.26953125,32897.12109375,32848.41015625,32859.30078125,1485024,1.0
2023-05-31 09:35:00-04:00,32859.140625,32867.73046875,32855.5,32861.0703125,1257334,1.0
2023-05-31 09:36:00-04:00,32862.8984375,32866.19921875,32852.5703125,32866.19921875,1051741,1.0
2023-05-31 09:37:00-04:00,32863.46875,32886.0,32859.73046875,32884.73828125,970576,1.0
2023-05-31 09:38:00-04:00,32884.48046875,32887.359375,32874.1796875,32874.75,1172583,1.0
2023-05-31 09:39:00-04:00,32874.5,32880.98828125,32868.19921875,32878.96875,1154157,1.0
2023-05-31 09:40:00-04:00,32879.7109375,32879.7109375,32861.55078125,32873.08984375,1419082,1.0
2023-05-31 09:41:00-04:00,32873.51171875,32891.03125,32866.1796875,32889.078125,1225410,1.0
2023-05-31 09:42:00-04:00,32888.76953125,32900.859375,32887.71875,32893.23046875,1300501,1.0
2023-05-31 09:43:00-04:00,32893.2890625,32907.53125,32893.2890625,32897.83984375,828511,1.0
2023-05-31 09:44:00-04:00,32898.19140625,32916.37890625,32898.19140625,32907.73828125,1072498,1.0
2023-05-31 09:45:00-04:00,32906.671875,32920.37890625,32893.359375,32896.7109375,1188037,1.0
2023-05-31 09:46:00-04:00,32893.69140625,32893.69140625,32857.5,32862.53125,1315209,1.0
2023-05-31 09:47:00-04:00,32859.2890625,32859.2890625,32835.8515625,32856.671875,1536583,1.0
2023-05-31 09:48:00-04:00,32855.640625,32859.23046875,32830.578125,32835.73828125,1197437,1.0
2023-05-31 09:49:00-04:00,32834.94921875,32844.671875,32830.3515625,32840.859375,1203636,1.0
2023-05-31 09:50:00-04:00,32841.2890625,32858.19921875,32838.55859375,32856.0703125,1275063,1.0
2023-05-31 09:51:00-04:00,32854.21875,32863.921875,32847.75,32855.0390625,1204738,1.0
2023-05-31 09:52:00-04:00,32854.6484375,32855.1796875,32829.609375,32832.7109375,1129960,1.0
2023-05-31 09:53:00-04:00,32832.390625,32834.859375,32827.12109375,32827.1796875,1025726,1.0
2023-05-31 09:54:00-04:00,32826.03125,32838.41015625,32823.62890625,32834.01171875,918936,1.0
2023-05-31 09:55:00-04:00,32831.828125,32838.19140625,32830.51953125,32836.91015625,989463,1.0
2023-05-31 09:56:00-04:00,32836.53125,32837.171875,32824.12890625,32829.1015625,893350,1.0
2023-05-31 09:57:00-04:00,32827.03125,32841.3984375,32826.921875,32835.73828125,821037,1.0
2023-05-31 09:58:00-04:00,32835.87109375,32836.58984375,32827.87109375,32832.46875,1029366,1.0
2023-05-31 09:59:00-04:00,32832.76953125,32836.4609375,32823.73046875,32823.73046875,1333925,1.0
2023-05-31 10:00:00-04:00,32824.87109375,32828.62109375,32809.26953125,32823.0390625,1778810,1.0
2023-05-31 10:01:00-04:00,32823.03125,32829.55859375,32809.609375,32812.2890625,1077116,1.0
2023-05-31 10:02:00-04:00,32812.75,32833.73828125,32812.75,32819.859375,979342,1.0
2023-05-31 10:03:00-04:00,32820.078125,32822.71875,32800.1015625,32822.71875,1292008,1.0
2023-05-31 10:04:00-04:00,32827.4296875,32829.390625,32819.66015625,32821.890625,857924,1.0
2023-05-31 10:05:00-04:00,32821.671875,32826.48046875,32813.76171875,32821.62109375,1153073,1.0
2023-05-31 10:06:00-04:00,32816.96875,32817.9609375,32805.30078125,32805.5390625,1103398,1.0
2023-05-31 10:07:00-04:00,32806.78125,32836.08984375,32800.62109375,32833.2890625,989780,1.0
2023-05-31 10:08:00-04:00,32832.69921875,32832.69921875,32813.41015625,32820.3515625,977927,1.0
2023-05-31 10:09:00-04:00,32819.9296875,32819.9296875,32809.37109375,32815.58984375,1046907,1.0
2023-05-31 10:10:00-04:00,32815.28125,32816.26171875,32806.12890625,32814.7109375,947731,1.0
2023-05-31 10:11:00-04:00,32814.71875,32821.44921875,32809.8984375,32820.859375,786048,1.0
2023-05-31 10:12:00-04:00,32816.921875,32816.98046875,32802.23046875,32807.55078125,1120449,1.0
2023-05-31 10:13:00-04:00,32807.1796875,32817.8984375,32806.578125,32813.94140625,851927,1.0
2023-05-31 10:14:00-04:00,32814.4609375,32821.390625,32809.0703125,32811.78125,754608,1.0
2023-05-31 10:15:00-04:00,32811.51953125,32814.2109375,32807.23828125,32810.7890625,822452,1.0
2023-05-31 10:16:00-04:00,32809.5703125,32809.5703125,32792.0390625,32795.66015625,708030,1.0
2023-05-31 10:17:00-04:00,32795.98828125,32803.44140625,32793.8203125,32802.26953125,604716,1.0
2023-05-31 10:18:00-04:00,32801.05859375,32818.23828125,32799.44921875,32813.91015625,1019136,1.0
2023-05-31 10:19:00-04:00,32815.16015625,32816.37109375,32801.640625,32808.62109375,2900543,1.0
2023-05-31 10:20:00-04:00,32808.1015625,32810.51953125,32801.30078125,32807.7890625,2095403,1.0
2023-05-31 10:21:00-04:00,32807.83984375,32808.05859375,32792.46875,32798.75,2028687,1.0
2023-05-31 10:22:00-04:00,32797.609375,32802.328125,32791.87890625,32791.87890625,1929764,1.0
2023-05-31 10:23:00-04:00,32793.28125,32797.30078125,32785.94921875,32797.30078125,1927550,1.0
2023-05-31 10:24:00-04:00,32798.1484375,32818.37109375,32790.76953125,32791.48046875,2808904,1.0
2023-05-31 10:25:00-04:00,32791.109375,32792.73046875,32772.33984375,32772.33984375,2139690,1.0
2023-05-31 10:26:00-04:00,32772.69921875,32775.859375,32758.76953125,32773.2109375,1738701,1.0
2023-05-31 10:27:00-04:00,32772.87890625,32773.5390625,32765.08984375,32769.25,1718103,1.0
2023-05-31 10:28:00-04:00,32769.3203125,32773.37109375,32760.7109375,32764.669921875,1338464,1.0
2023-05-31 10:29:00-04:00,32764.380859375,32780.12109375,32764.169921875,32778.76171875,1438197,1.0
2023-05-31 10:30:00-04:00,32777.98046875,32779.19140625,32758.359375,32767.259765625,1680169,1.0
2023-05-31 10:31:00-04:00,32767.19921875,32780.359375,32759.3203125,32762.919921875,2859554,1.0
2023-05-31 10:32:00-04:00,32763.009765625,32770.33984375,32754.400390625,32754.400390625,1712411,1.0
2023-05-31 10:33:00-04:00,32754.26953125,32764.359375,32750.98046875,32764.359375,1132651,1.0
2023-05-31 10:34:00-04:00,32765.48046875,32767.560546875,32748.55078125,32751.599609375,1475474,1.0
2023-05-31 10:35:00-04:00,32752.220703125,32754.66015625,32739.73046875,32753.130859375,1404582,1.0
2023-05-31 10:36:00-04:00,32752.650390625,32758.259765625,32747.060546875,32755.859375,1020609,1.0
2023-05-31 10:37:00-04:00,32755.9296875,32757.330078125,32743.0,32743.5390625,1115381,1.0
2023-05-31 10:38:00-04:00,32743.01953125,32765.2890625,32742.41015625,32764.390625,1618860,1.0
2023-05-31 10:39:00-04:00,32763.859375,32769.3515625,32759.169921875,32768.53125,758336,1.0
2023-05-31 10:40:00-04:00,32769.0,32770.3203125,32756.240234375,32766.109375,828974,1.0
2023-05-31 10:41:00-04:00,32766.33984375,32766.33984375,32753.310546875,32753.69921875,1116890,1.0
2023-05-31 10:42:00-04:00,32753.2890625,32759.5703125,32752.109375,32752.109375,1029578,1.0
2023-05-31 10:43:00-04:00,32752.779296875,32758.33984375,32751.669921875,32756.189453125,785688,1.0
2023-05-31 10:44:00-04:00,32755.580078125,32759.98046875,32750.169921875,32759.98046875,984164,1.0
2023-05-31 10:45:00-04:00,32759.83984375,32788.12109375,32759.83984375,32788.12109375,1437631,1.0
2023-05-31 10:46:00-04:00,32787.55078125,32787.55078125,32777.94140625,32782.6484375,975399,1.0
2023-05-31 10:47:00-04:00,32781.30078125,32787.25,32773.12890625,32784.03125,1119791,1.0
2023-05-31 10:48:00-04:00,32783.6015625,32783.6015625,32765.08984375,32771.3984375,851675,1.0
2023-05-31 10:49:00-04:00,32771.55078125,32776.890625,32762.849609375,32763.720703125,726784,1.0
2023-05-31 10:50:00-04:00,32763.759765625,32766.900390625,32759.41015625,32765.69921875,827218,1.0
2023-05-31 10:51:00-04:00,32765.94921875,32770.46875,32763.830078125,32769.30859375,1049767,1.0
2023-05-31 10:52:00-04:00,32768.75,32773.0390625,32765.759765625,32769.23828125,915501,1.0
2023-05-31 10:53:00-04:00,32769.05078125,32769.05078125,32754.810546875,32757.560546875,873130,1.0
2023-05-31 10:54:00-04:00,32757.66015625,32761.580078125,32750.7890625,32761.580078125,763647,1.0
2023-05-31 10:55:00-04:00,32761.44921875,32772.4296875,32758.490234375,32768.140625,1078448,1.0
2023-05-31 10:56:00-04:00,32769.05078125,32779.80078125,32767.560546875,32779.46875,1026437,1.0
2023-05-31 10:57:00-04:00,32779.609375,32781.44140625,32763.640625,32766.220703125,1014850,1.0
2023-05-31 10:58:00-04:00,32765.630859375,32768.48046875,32756.3203125,32764.779296875,1846846,1.0
2023-05-31 10:59:00-04:00,32764.880859375,32770.609375,32763.109375,32768.26953125,715127,1.0
2023-05-31 11:00:00-04:00,32767.55078125,32769.78125,32757.0,32765.76953125,975937,1.0
2023-05-31 11:01:00-04:00,32765.419921875,32790.4296875,32764.48046875,32790.4296875,918637,1.0
2023-05-31 11:02:00-04:00,32789.5703125,32795.6796875,32777.6796875,32778.21875,691528,1.0
2023-05-31 11:03:00-04:00,32778.2890625,32778.30078125,32767.189453125,32772.87890625,724318,1.0
2023-05-31 11:04:00-04:00,32772.80859375,32782.0,32769.83984375,32782.0,650684,1.0
2023-05-31 11:05:00-04:00,32781.859375,32783.26171875,32769.80078125,32771.73828125,826065,1.0
2023-05-31 11:06:00-04:00,32770.87109375,32773.71875,32763.0703125,32773.26953125,784774,1.0
2023-05-31 11:07:00-04:00,32773.44140625,32775.140625,32769.46875,32771.19921875,544576,1.0
2023-05-31 11:08:00-04:00,32771.390625,32781.421875,32770.37109375,32781.421875,1100587,1.0
2023-05-31 11:09:00-04:00,32781.75,32788.08984375,32774.21875,32774.21875,701463,1.0
2023-05-31 11:10:00-04:00,32773.578125,32776.44140625,32768.33984375,32774.96875,844447,1.0
2023-05-31 11:11:00-04:00,32774.828125,32774.859375,32765.859375,32765.859375,675483,1.0
2023-05-31 11:12:00-04:00,32765.83984375,32771.87890625,32765.83984375,32769.19921875,739754,1.0
2023-05-31 11:13:00-04:00,32768.80859375,32775.23046875,32766.4609375,32770.5,644217,1.0
2023-05-31 11:14:00-04:00,32769.98046875,32772.01171875,32766.119140625,32772.01171875,677702,1.0
2023-05-31 11:15:00-04:00,32770.3515625,32783.140625,32770.3515625,32773.76953125,850109,1.0
2023-05-31 11:16:00-04:00,32773.73828125,32776.0,32769.75,32769.75,87813,1.0
2023-05-31 11:17:00-04:00,32768.859375,32771.55078125,32764.669921875,32771.359375,1195358,1.0
2023-05-31 11:18:00-04:00,32771.53125,32775.73828125,32767.4296875,32773.01953125,661497,1.0
2023-05-31 11:19:00-04:00,32772.0703125,32777.0,32770.8203125,32773.55078125,640777,1.0
2023-05-31 11:20:00-04:00,32773.46875,32796.4609375,32773.328125,32795.78125,731828,1.0
2023-05-31 11:21:00-04:00,32795.78125,32795.78125,32783.41015625,32794.5703125,618676,1.0
2023-05-31 11:22:00-04:00,32795.5703125,32796.5390625,32790.25,32796.12109375,714809,1.0
2023-05-31 11:23:00-04:00,32796.23046875,32796.4296875,32782.62890625,32782.62890625,807484,1.0
2023-05-31 11:24:00-04:00,32783.328125,32784.390625,32781.0703125,32784.0703125,642445,1.0
2023-05-31 11:25:00-04:00,32784.0703125,32789.828125,32782.0390625,32786.8515625,755562,1.0
2023-05-31 11:26:00-04:00,32786.19921875,32788.3203125,32779.12890625,32779.69140625,607923,1.0
2023-05-31 11:27:00-04:00,32778.83984375,32782.69921875,32776.359375,32776.359375,646491,1.0
2023-05-31 11:28:00-04:00,32776.08984375,32779.26171875,32767.720703125,32767.720703125,777294,1.0
2023-05-31 11:29:00-04:00,32768.3515625,32774.0,32763.73046875,32763.779296875,789629,1.0
2023-05-31 11:30:00-04:00,32761.4296875,32772.26171875,32761.259765625,32772.23046875,665276,1.0
2023-05-31 11:31:00-04:00,32771.80859375,32779.91015625,32764.33984375,32778.76171875,625375,1.0
2023-05-31 11:32:00-04:00,32778.33984375,32789.12109375,32776.26953125,32788.578125,832451,1.0
2023-05-31 11:33:00-04:00,32788.12890625,32791.98828125,32787.58984375,32789.0390625,596055,1.0
2023-05-31 11:34:00-04:00,32788.80078125,32798.96875,32788.80078125,32791.94140625,878350,1.0
2023-05-31 11:35:00-04:00,32791.53125,32793.8984375,32787.25,32790.37109375,766360,1.0
2023-05-31 11:36:00-04:00,32789.87109375,32791.2890625,32787.921875,32788.30859375,527195,1.0
2023-05-31 11:37:00-04:00,32788.359375,32800.03125,32787.48828125,32799.7890625,559019,1.0
2023-05-31 11:38:00-04:00,32799.80859375,32809.91015625,32797.4296875,32797.4296875,655362,1.0
2023-05-31 11:39:00-04:00,32795.640625,32798.76953125,32793.37890625,32793.87890625,653151,1.0
2023-05-31 11:40:00-04:00,32793.69140625,32798.1015625,32788.8515625,32791.3515625,608635,1.0
2023-05-31 11:41:00-04:00,32791.41015625,32799.9609375,32790.37890625,32799.9609375,529719,1.0
2023-05-31 11:42:00-04:00,32799.9296875,32801.078125,32793.73046875,32801.078125,551020,1.0
2023-05-31 11:43:00-04:00,32801.08984375,32816.578125,32799.8203125,32814.7109375,837506,1.0
2023-05-31 11:44:00-04:00,32814.41015625,32814.41015625,32799.26953125,32803.3203125,600418,1.0
2023-05-31 11:45:00-04:00,32803.62890625,32805.62109375,32800.609375,32803.12109375,710238,1.0
2023-05-31 11:46:00-04:00,32803.078125,32803.53125,32790.8515625,32793.44140625,677016,1.0
2023-05-31 11:47:00-04:00,32793.5703125,32803.66015625,32793.12890625,32800.87109375,855525,1.0
2023-05-31 11:48:00-04:00,32800.46875,32800.46875,32786.03125,32790.28125,840782,1.0
2023-05-31 11:49:00-04:00,32790.26953125,32796.73046875,32790.26953125,32791.609375,837005,1.0
2023-05-31 11:50:00-04:00,32791.2890625,32791.2890625,32774.7890625,32775.6796875,733442,1.0
2023-05-31 11:51:00-04:00,32775.5,32780.140625,32772.44921875,32779.1484375,756428,1.0
2023-05-31 11:52:00-04:00,32779.2109375,32780.828125,32775.69921875,32776.1796875,741561,1.0
2023-05-31 11:53:00-04:00,32776.109375,32789.30078125,32776.109375,32784.05859375,886953,1.0
2023-05-31 11:54:00-04:00,32784.12890625,32802.328125,32784.12890625,32801.640625,887534,1.0
2023-05-31 11:55:00-04:00,32802.16015625,32806.4296875,32799.7890625,32802.55078125,766681,1.0
2023-05-31 11:56:00-04:00,32801.75,32801.75,32792.73046875,32792.73046875,664112,1.0
2023-05-31 11:57:00-04:00,32791.9609375,32794.390625,32782.0390625,32783.21875,634753,1.0
2023-05-31 11:58:00-04:00,32782.87890625,32783.671875,32776.62890625,32778.3515625,435450,1.0
2023-05-31 11:59:00-04:00,32777.5703125,32779.8515625,32772.51953125,32777.51171875,477941,1.0
2023-05-31 12:00:00-04:00,32777.5703125,32788.890625,32777.44921875,32787.890625,646725,1.0
2023-05-31 12:01:00-04:00,32788.1484375,32788.6796875,32777.23828125,32777.23828125,440883,1.0
2023-05-31 12:02:00-04:00,32777.109375,32799.51953125,32776.26953125,32799.4296875,501057,1.0
2023-05-31 12:03:00-04:00,32799.08984375,32804.5390625,32797.140625,32800.05078125,535551,1.0
2023-05-31 12:04:00-04:00,32799.171875,32804.30078125,32794.44140625,32803.80078125,468565,1.0
2023-05-31 12:05:00-04:00,32802.859375,32803.140625,32794.01953125,32795.0390625,481018,1.0
2023-05-31 12:06:00-04:00,32795.1796875,32796.69140625,32788.46875,32791.4296875,874839,1.0
2023-05-31 12:07:00-04:00,32790.87890625,32796.5703125,32790.3984375,32793.921875,714253,1.0
2023-05-31 12:08:00-04:00,32793.71875,32793.71875,32783.3515625,32783.3515625,610664,1.0
2023-05-31 12:09:00-04:00,32782.0703125,32790.140625,32773.16015625,32790.140625,1059319,1.0
2023-05-31 12:10:00-04:00,32789.87109375,32799.94140625,32789.1796875,32799.94140625,473032,1.0
2023-05-31 12:11:00-04:00,32800.08984375,32801.5,32789.30078125,32789.3203125,540201,1.0
2023-05-31 12:12:00-04:00,32789.46875,32794.171875,32779.05859375,32781.1015625,504383,1.0
2023-05-31 12:13:00-04:00,32780.8515625,32785.171875,32779.96875,32782.921875,495948,1.0
2023-05-31 12:14:00-04:00,32782.9609375,32782.9609375,32776.87890625,32780.6015625,540484,1.0
2023-05-31 12:15:00-04:00,32780.69921875,32794.25,32780.26953125,32791.83984375,508141,1.0
2023-05-31 12:16:00-04:00,32793.328125,32794.51171875,32783.62890625,32783.62890625,531386,1.0
2023-05-31 12:17:00-04:00,32784.0,32789.12109375,32784.0,32786.87890625,456814,1.0
2023-05-31 12:18:00-04:00,32786.71875,32795.76953125,32781.171875,32781.171875,684021,1.0
2023-05-31 12:19:00-04:00,32780.66015625,32783.98828125,32777.140625,32782.3203125,661216,1.0
2023-05-31 12:20:00-04:00,32782.44921875,32782.46875,32775.73828125,32777.421875,620010,1.0
2023-05-31 12:21:00-04:00,32777.578125,32786.16015625,32777.05078125,32785.6796875,625232,1.0
2023-05-31 12:22:00-04:00,32786.48046875,32789.19140625,32782.828125,32786.41015625,468395,1.0
2023-05-31 12:23:00-04:00,32785.890625,32792.37890625,32780.0390625,32792.37890625,513478,1.0
2023-05-31 12:24:00-04:00,32792.12109375,32799.98046875,32792.12109375,32799.66015625,411308,1.0
2023-05-31 12:25:00-04:00,32799.94921875,32800.140625,32791.16015625,32791.55078125,394235,1.0
2023-05-31 12:26:00-04:00,32792.46875,32806.9296875,32790.859375,32806.9296875,556830,1.0
2023-05-31 12:27:00-04:00,32806.69140625,32807.890625,32798.19140625,32799.26953125,514858,1.0
2023-05-31 12:28:00-04:00,32799.51171875,32804.8515625,32798.859375,32804.19140625,660413,1.0
2023-05-31 12:29:00-04:00,32804.37109375,32805.671875,32800.23828125,32803.41015625,422701,1.0
2023-05-31 12:30:00-04:00,32803.5390625,32806.7109375,32795.26171875,32805.828125,497492,1.0
2023-05-31 12:31:00-04:00,32805.62890625,32808.921875,32800.98046875,32801.23828125,458628,1.0
2023-05-31 12:32:00-04:00,32800.96875,32804.12890625,32798.8515625,32804.12890625,378381,1.0
2023-05-31 12:33:00-04:00,32804.171875,32808.05859375,32796.21875,32808.05859375,569550,1.0
2023-05-31 12:34:00-04:00,32807.94921875,32818.23828125,32806.6484375,32815.2109375,476102,1.0
2023-05-31 12:35:00-04:00,32815.28125,32817.08984375,32807.76171875,32809.5390625,575237,1.0
2023-05-31 12:36:00-04:00,32810.26171875,32812.62109375,32805.609375,32810.66015625,532467,1.0
2023-05-31 12:37:00-04:00,32811.55078125,32811.55078125,32800.26171875,32800.26171875,410436,1.0
2023-05-31 12:38:00-04:00,32800.3515625,32800.69921875,32796.890625,32799.66015625,586513,1.0
2023-05-31 12:39:00-04:00,32799.359375,32799.66015625,32790.421875,32796.1484375,478875,1.0
2023-05-31 12:40:00-04:00,32796.69140625,32808.23828125,32796.69140625,32807.71875,481607,1.0
2023-05-31 12:41:00-04:00,32806.98828125,32808.8203125,32805.94921875,32808.8203125,416969,1.0
2023-05-31 12:42:00-04:00,32808.921875,32820.87109375,32808.921875,32820.87109375,448972,1.0
2023-05-31 12:43:00-04:00,32821.05078125,32828.44140625,32821.05078125,32827.83984375,605644,1.0
2023-05-31 12:44:00-04:00,32828.0,32832.30859375,32821.5703125,32822.5703125,562916,1.0
2023-05-31 12:45:00-04:00,32823.0390625,32830.12109375,32815.80859375,32816.12890625,558331,1.0
2023-05-31 12:46:00-04:00,32816.23828125,32824.5703125,32816.23828125,32823.23828125,539462,1.0
2023-05-31 12:47:00-04:00,32823.19140625,32842.66015625,32823.01953125,32840.75,981817,1.0
2023-05-31 12:48:00-04:00,32842.75,32852.23828125,32842.75,32849.5390625,608270,1.0
2023-05-31 12:49:00-04:00,32849.44140625,32849.58984375,32841.69921875,32842.0,468059,1.0
2023-05-31 12:50:00-04:00,32842.37109375,32842.37109375,32820.5390625,32820.5390625,562103,1.0
2023-05-31 12:51:00-04:00,32819.98046875,32819.98046875,32802.94921875,32804.328125,564491,1.0
2023-05-31 12:52:00-04:00,32804.4609375,32806.890625,32782.05078125,32797.171875,1064202,1.0
2023-05-31 12:53:00-04:00,32796.73828125,32810.421875,32795.94140625,32810.421875,370437,1.0
2023-05-31 12:54:00-04:00,32810.3203125,32813.140625,32807.33984375,32812.2890625,364996,1.0
2023-05-31 12:55:00-04:00,32811.98828125,32811.98828125,32805.12890625,32810.078125,485363,1.0
2023-05-31 12:56:00-04:00,32809.28125,32817.05078125,32802.80078125,32815.30078125,426310,1.0
2023-05-31 12:57:00-04:00,32814.8203125,32818.41015625,32810.73828125,32818.41015625,320797,1.0
2023-05-31 12:58:00-04:00,32818.48828125,32825.62890625,32816.921875,32823.98828125,411218,1.0
2023-05-31 12:59:00-04:00,32824.55078125,32832.03125,32822.98046875,32831.80859375,414286,1.0
2023-05-31 13:00:00-04:00,32831.91015625,32836.30078125,32825.19140625,32825.19140625,499956,1.0
2023-05-31 13:01:00-04:00,32825.421875,32831.73046875,32822.05859375,32830.44140625,512497,1.0
2023-05-31 13:02:00-04:00,32830.921875,32833.26171875,32827.66015625,32828.71875,448826,1.0
2023-05-31 13:03:00-04:00,32829.03125,32830.87890625,32822.44140625,32828.890625,373124,1.0
2023-05-31 13:04:00-04:00,32828.69140625,32832.671875,32826.7109375,32830.62109375,384552,1.0
2023-05-31 13:05:00-04:00,32830.37109375,32834.44921875,32828.41015625,32829.8984375,376321,1.0
2023-05-31 13:06:00-04:00,32830.0390625,32836.890625,32830.0390625,32836.80078125,352391,1.0
2023-05-31 13:07:00-04:00,32836.73046875,32846.96875,32832.69921875,32846.55859375,484299,1.0
2023-05-31 13:08:00-04:00,32846.75,32847.26171875,32843.12890625,32844.7109375,436105,1.0
2023-05-31 13:09:00-04:00,32844.7109375,32846.94921875,32843.87109375,32846.21875,568922,1.0
2023-05-31 13:10:00-04:00,32846.26171875,32854.53125,32846.26171875,32853.94140625,583955,1.0
2023-05-31 13:11:00-04:00,32853.921875,32853.98046875,32851.8203125,32852.55859375,412057,1.0
2023-05-31 13:12:00-04:00,32852.58984375,32855.12890625,32849.8203125,32850.46875,743075,1.0
2023-05-31 13:13:00-04:00,32850.37109375,32853.94140625,32848.05859375,32848.05859375,560455,1.0
2023-05-31 13:14:00-04:00,32847.75,32848.08984375,32839.140625,32840.80078125,525417,1.0
2023-05-31 13:15:00-04:00,32840.8515625,32849.91015625,32840.51171875,32849.5390625,604546,1.0
2023-05-31 13:16:00-04:00,32849.76171875,32857.5,32849.76171875,32853.98828125,680377,1.0
2023-05-31 13:17:00-04:00,32853.76171875,32855.6015625,32846.421875,32846.421875,776731,1.0
2023-05-31 13:18:00-04:00,32846.12109375,32846.30859375,32832.12109375,32836.46875,779300,1.0
2023-05-31 13:19:00-04:00,32836.6015625,32839.1015625,32834.46875,32838.76171875,516919,1.0
2023-05-31 13:20:00-04:00,32838.44921875,32840.48828125,32828.890625,32829.640625,680978,1.0
2023-05-31 13:21:00-04:00,32829.76953125,32834.30078125,32827.98046875,32831.62890625,576883,1.0
2023-05-31 13:22:00-04:00,32831.51171875,32842.51171875,32831.51171875,32842.51171875,667677,1.0
2023-05-31 13:23:00-04:00,32842.41015625,32847.6484375,32838.8984375,32845.578125,753994,1.0
2023-05-31 13:24:00-04:00,32845.37109375,32848.23828125,32836.4296875,32837.0,552461,1.0
2023-05-31 13:25:00-04:00,32835.640625,32845.671875,32835.640625,32845.671875,487051,1.0
2023-05-31 13:26:00-04:00,32845.66015625,32849.3984375,32843.21875,32843.75,517810,1.0
2023-05-31 13:27:00-04:00,32843.26953125,32847.2109375,32835.08984375,32836.421875,909699,1.0
2023-05-31 13:28:00-04:00,32836.390625,32837.96875,32828.421875,32834.87890625,523797,1.0
2023-05-31 13:29:00-04:00,32834.75,32846.0390625,32833.78125,32846.0390625,759885,1.0
2023-05-31 13:30:00-04:00,32847.0,32861.640625,32846.33984375,32858.0390625,853788,1.0
2023-05-31 13:31:00-04:00,32858.1015625,32862.3203125,32855.19921875,32856.3515625,990120,1.0
2023-05-31 13:32:00-04:00,32856.4296875,32860.19921875,32854.26171875,32856.37890625,555419,1.0
2023-05-31 13:33:00-04:00,32856.421875,32859.73828125,32854.69921875,32854.69921875,593127,1.0
2023-05-31 13:34:00-04:00,32855.44140625,32862.0703125,32855.44140625,32858.12890625,603617,1.0
2023-05-31 13:35:00-04:00,32858.1796875,32870.109375,32851.87890625,32852.9609375,883829,1.0
2023-05-31 13:36:00-04:00,32852.78125,32854.28125,32829.890625,32830.80859375,945823,1.0
2023-05-31 13:37:00-04:00,32830.98828125,32838.12890625,32826.8203125,32838.12890625,713710,1.0
2023-05-31 13:38:00-04:00,32838.12890625,32852.5390625,32838.12890625,32851.3984375,548708,1.0
2023-05-31 13:39:00-04:00,32851.55859375,32875.0390625,32851.55859375,32873.1796875,935494,1.0
2023-05-31 13:40:00-04:00,32873.3515625,32907.05078125,32873.12109375,32897.55859375,1451037,1.0
2023-05-31 13:41:00-04:00,32897.6015625,32903.23046875,32892.76171875,32903.23046875,560546,1.0
2023-05-31 13:42:00-04:00,32902.94140625,32911.6796875,32902.94140625,32906.87109375,636831,1.0
2023-05-31 13:43:00-04:00,32907.55859375,32911.890625,32900.328125,32900.62890625,455971,1.0
2023-05-31 13:44:00-04:00,32900.62109375,32908.80859375,32899.51171875,32899.51171875,588806,1.0
2023-05-31 13:45:00-04:00,32897.109375,32905.578125,32887.0,32887.94921875,810250,1.0
2023-05-31 13:46:00-04:00,32888.08984375,32888.08984375,32864.96875,32875.23828125,836617,1.0
2023-05-31 13:47:00-04:00,32874.80859375,32886.1015625,32874.80859375,32886.1015625,475343,1.0
2023-05-31 13:48:00-04:00,32886.12109375,32886.19921875,32875.5390625,32875.5390625,481290,1.0
2023-05-31 13:49:00-04:00,32874.078125,32878.25,32861.23828125,32865.69921875,567577,1.0
2023-05-31 13:50:00-04:00,32866.23046875,32879.421875,32866.23046875,32878.73046875,655752,1.0
2023-05-31 13:51:00-04:00,32879.16015625,32886.7890625,32877.48046875,32883.23046875,541004,1.0
2023-05-31 13:52:00-04:00,32883.12890625,32892.94140625,32883.12890625,32890.03125,524992,1.0
2023-05-31 13:53:00-04:00,32889.8984375,32901.73828125,32889.8984375,32897.71875,498720,1.0
2023-05-31 13:54:00-04:00,32897.91015625,32897.94921875,32883.91015625,32883.91015625,582212,1.0
2023-05-31 13:55:00-04:00,32884.26953125,32904.421875,32884.26953125,32901.2109375,634189,1.0
2023-05-31 13:56:00-04:00,32901.80078125,32902.46875,32891.4296875,32898.87109375,783127,1.0
2023-05-31 13:57:00-04:00,32900.4609375,32900.4609375,32891.921875,32892.19140625,471098,1.0
2023-05-31 13:58:00-04:00,32892.26953125,32900.44140625,32892.26953125,32898.8984375,412316,1.0
2023-05-31 13:59:00-04:00,32899.53125,32900.55078125,32897.01171875,32900.23046875,598856,1.0
2023-05-31 14:00:00-04:00,32900.87890625,32901.7109375,32894.76171875,32895.3203125,475265,1.0
2023-05-31 14:01:00-04:00,32895.53125,32901.12109375,32894.53125,32900.9296875,395226,1.0
2023-05-31 14:02:00-04:00,32900.8515625,32901.91015625,32889.26171875,32899.76953125,567241,1.0
2023-05-31 14:03:00-04:00,32899.23046875,32899.80859375,32882.69140625,32884.578125,777578,1.0
2023-05-31 14:04:00-04:00,32884.6484375,32894.98828125,32884.6484375,32894.98828125,469725,1.0
2023-05-31 14:05:00-04:00,32895.12109375,32907.05859375,32895.12109375,32905.01953125,624012,1.0
2023-05-31 14:06:00-04:00,32904.19921875,32912.26171875,32904.19921875,32910.1484375,522569,1.0
2023-05-31 14:07:00-04:00,32910.1796875,32916.3515625,32910.1796875,32916.0,423904,1.0
2023-05-31 14:08:00-04:00,32916.05859375,32916.78125,32908.69140625,32910.53125,610444,1.0
2023-05-31 14:09:00-04:00,32911.1015625,32916.19921875,32908.94140625,32915.109375,551691,1.0
2023-05-31 14:10:00-04:00,32914.8984375,32924.16015625,32914.37890625,32921.01171875,555019,1.0
2023-05-31 14:11:00-04:00,32920.6796875,32924.109375,32909.48828125,32909.6796875,738432,1.0
2023-05-31 14:12:00-04:00,32909.46875,32915.83984375,32905.71875,32915.44921875,557508,1.0
2023-05-31 14:13:00-04:00,32914.69921875,32929.0390625,32914.37109375,32926.05859375,618010,1.0
2023-05-31 14:14:00-04:00,32926.5,32932.62890625,32925.609375,32932.23828125,519421,1.0
2023-05-31 14:15:00-04:00,32932.8515625,32940.01171875,32932.8515625,32933.3515625,876430,1.0
2023-05-31 14:16:00-04:00,32933.1015625,32934.83984375,32906.78125,32910.5703125,1135829,1.0
2023-05-31 14:17:00-04:00,32910.58984375,32922.7890625,32910.58984375,32922.3515625,549152,1.0
2023-05-31 14:18:00-04:00,32922.30078125,32922.30078125,32910.0703125,32917.30859375,677570,1.0
2023-05-31 14:19:00-04:00,32917.5390625,32930.83984375,32917.5390625,32929.51953125,1113597,1.0
2023-05-31 14:20:00-04:00,32929.9296875,32932.890625,32921.62109375,32927.921875,641087,1.0
2023-05-31 14:21:00-04:00,32928.80078125,32931.0703125,32924.48828125,32930.98046875,538814,1.0
2023-05-31 14:22:00-04:00,32930.359375,32930.359375,32923.87890625,32925.4296875,486028,1.0
2023-05-31 14:23:00-04:00,32925.80859375,32927.73828125,32924.26171875,32926.26953125,470095,1.0
2023-05-31 14:24:00-04:00,32926.1796875,32931.48046875,32923.44140625,32931.48046875,457559,1.0
2023-05-31 14:25:00-04:00,32931.91015625,32932.51171875,32922.359375,32927.19140625,542245,1.0
2023-05-31 14:26:00-04:00,32927.76171875,32932.19921875,32927.4296875,32932.19921875,507778,1.0
2023-05-31 14:27:00-04:00,32932.671875,32939.8984375,32932.671875,32935.05859375,498963,1.0
2023-05-31 14:28:00-04:00,32935.1796875,32937.80078125,32930.53125,32930.87109375,416801,1.0
2023-05-31 14:29:00-04:00,32931.33984375,32937.19921875,32929.26171875,32930.66015625,497055,1.0
2023-05-31 14:30:00-04:00,32930.58984375,32937.03125,32926.44140625,32928.44140625,609740,1.0
2023-05-31 14:31:00-04:00,32928.05859375,32929.171875,32921.6796875,32923.71875,548941,1.0
2023-05-31 14:32:00-04:00,32923.78125,32923.78125,32920.8203125,32922.7890625,540373,1.0
2023-05-31 14:33:00-04:00,32923.05078125,32924.01953125,32916.3515625,32917.0,484672,1.0
2023-05-31 14:34:00-04:00,32917.48828125,32921.7890625,32912.91015625,32913.1484375,721734,1.0
2023-05-31 14:35:00-04:00,32913.05859375,32922.87890625,32913.05859375,32922.78125,917968,1.0
2023-05-31 14:36:00-04:00,32922.828125,32936.75,32922.828125,32936.2109375,1180805,1.0
2023-05-31 14:37:00-04:00,32936.51171875,32937.5,32926.078125,32928.8203125,599332,1.0
2023-05-31 14:38:00-04:00,32929.0703125,32929.109375,32922.078125,32922.87890625,517363,1.0
2023-05-31 14:39:00-04:00,32923.109375,32927.25,32920.30859375,32927.21875,628104,1.0
2023-05-31 14:40:00-04:00,32927.4296875,32929.0,32924.46875,32927.1015625,555481,1.0
2023-05-31 14:41:00-04:00,32927.328125,32927.48828125,32919.75,32925.37109375,561667,1.0
2023-05-31 14:42:00-04:00,32926.62890625,32931.828125,32926.12109375,32930.3984375,556451,1.0
2023-05-31 14:43:00-04:00,32930.55859375,32932.76953125,32925.69921875,32928.6015625,519209,1.0
2023-05-31 14:44:00-04:00,32928.109375,32930.83984375,32927.25,32929.609375,370318,1.0
2023-05-31 14:45:00-04:00,32930.78125,32935.62109375,32925.8515625,32925.8515625,678800,1.0
2023-05-31 14:46:00-04:00,32925.75,32931.671875,32925.359375,32926.3515625,682671,1.0
2023-05-31 14:47:00-04:00,32926.87890625,32930.4609375,32925.4296875,32925.4296875,484074,1.0
2023-05-31 14:48:00-04:00,32925.37109375,32925.37109375,32912.78125,32912.78125,690135,1.0
2023-05-31 14:49:00-04:00,32912.3515625,32918.23828125,32906.94921875,32918.23828125,545451,1.0
2023-05-31 14:50:00-04:00,32917.9609375,32918.98046875,32883.1015625,32886.51953125,1162030,1.0
2023-05-31 14:51:00-04:00,32886.1484375,32887.91015625,32871.0390625,32871.23828125,735073,1.0
2023-05-31 14:52:00-04:00,32871.12109375,32892.75,32871.12109375,32892.71875,601771,1.0
2023-05-31 14:53:00-04:00,32892.921875,32893.859375,32888.55859375,32892.16015625,422341,1.0
2023-05-31 14:54:00-04:00,32892.48046875,32900.96875,32892.48046875,32900.96875,432067,1.0
2023-05-31 14:55:00-04:00,32901.0703125,32905.78125,32892.44140625,32895.1796875,635979,1.0
2023-05-31 14:56:00-04:00,32895.37109375,32902.6484375,32894.98828125,32900.96875,440572,1.0
2023-05-31 14:57:00-04:00,32901.328125,32914.98828125,32901.328125,32914.98828125,675437,1.0
2023-05-31 14:58:00-04:00,32913.94140625,32914.671875,32909.8984375,32910.66015625,716592,1.0
2023-05-31 14:59:00-04:00,32910.51953125,32915.921875,32907.5,32913.76171875,513224,1.0
2023-05-31 15:00:00-04:00,32913.76953125,32920.87890625,32913.76953125,32914.26171875,829927,1.0
2023-05-31 15:01:00-04:00,32914.578125,32922.23046875,32906.44140625,32906.44140625,583824,1.0
2023-05-31 15:02:00-04:00,32905.46875,32918.7109375,32905.26953125,32914.1796875,696100,1.0
2023-05-31 15:03:00-04:00,32914.12109375,32917.0390625,32912.6484375,32912.78125,624566,1.0
2023-05-31 15:04:00-04:00,32913.12109375,32913.12109375,32906.16015625,32911.8515625,753511,1.0
2023-05-31 15:05:00-04:00,32912.46875,32916.3515625,32909.12109375,32911.51953125,445831,1.0
2023-05-31 15:06:00-04:00,32911.30078125,32914.609375,32899.62890625,32900.140625,625838,1.0
2023-05-31 15:07:00-04:00,32899.94921875,32907.37890625,32899.94921875,32906.41015625,750554,1.0
2023-05-31 15:08:00-04:00,32906.1484375,32915.23046875,32903.05859375,32908.58984375,655619,1.0
2023-05-31 15:09:00-04:00,32907.8203125,32910.5703125,32903.3203125,32907.2109375,555937,1.0
2023-05-31 15:10:00-04:00,32907.5,32909.44140625,32900.55859375,32901.37109375,818240,1.0
2023-05-31 15:11:00-04:00,32901.640625,32907.71875,32901.640625,32904.23828125,732362,1.0
2023-05-31 15:12:00-04:00,32904.21875,32914.48828125,32902.8984375,32913.73046875,704772,1.0
2023-05-31 15:13:00-04:00,32913.62890625,32919.26171875,32909.62109375,32919.26171875,646896,1.0
2023-05-31 15:14:00-04:00,32919.08984375,32925.5390625,32917.75,32919.2890625,677658,1.0
2023-05-31 15:15:00-04:00,32919.12890625,32923.6796875,32918.140625,32920.12890625,745303,1.0
2023-05-31 15:16:00-04:00,32922.05859375,32927.05078125,32915.19921875,32919.03125,833539,1.0
2023-05-31 15:17:00-04:00,32918.8515625,32919.6796875,32916.96875,32917.41015625,480742,1.0
2023-05-31 15:18:00-04:00,32916.01953125,32916.01953125,32905.16015625,32915.08984375,660301,1.0
2023-05-31 15:19:00-04:00,32916.1015625,32916.109375,32903.37890625,32903.421875,584671,1.0
2023-05-31 15:20:00-04:00,32903.37890625,32906.2109375,32895.01953125,32901.55078125,710226,1.0
2023-05-31 15:21:00-04:00,32902.078125,32913.01953125,32899.87109375,32912.859375,639756,1.0
2023-05-31 15:22:00-04:00,32912.78125,32914.44921875,32910.05078125,32913.8984375,546839,1.0
2023-05-31 15:23:00-04:00,32914.109375,32920.55078125,32914.01171875,32914.01171875,544949,1.0
2023-05-31 15:24:00-04:00,32913.4609375,32923.71875,32910.2109375,32923.26953125,668938,1.0
2023-05-31 15:25:00-04:00,32922.4609375,32922.4609375,32914.7890625,32915.44140625,539970,1.0
2023-05-31 15:26:00-04:00,32915.5390625,32917.01171875,32909.0390625,32916.421875,638146,1.0
2023-05-31 15:27:00-04:00,32916.6796875,32920.359375,32916.6796875,32919.33984375,1023548,1.0
2023-05-31 15:28:00-04:00,32919.01953125,32922.87109375,32915.05859375,32922.87109375,667256,1.0
2023-05-31 15:29:00-04:00,32923.609375,32924.8515625,32917.53125,32919.71875,598016,1.0
2023-05-31 15:30:00-04:00,32920.23828125,32920.23828125,32905.140625,32912.48046875,836055,1.0
2023-05-31 15:31:00-04:00,32911.28125,32922.76171875,32911.28125,32921.6796875,853115,1.0
2023-05-31 15:32:00-04:00,32921.6015625,32923.828125,32918.33984375,32923.44140625,910596,1.0
2023-05-31 15:33:00-04:00,32924.94921875,32927.609375,32923.171875,32925.9609375,871960,1.0
2023-05-31 15:34:00-04:00,32925.73046875,32927.33984375,32922.859375,32926.328125,764886,1.0
2023-05-31 15:35:00-04:00,32926.16015625,32934.94140625,32926.16015625,32926.9609375,822793,1.0
2023-05-31 15:36:00-04:00,32926.921875,32936.23828125,32926.26953125,32931.30859375,797255,1.0
2023-05-31 15:37:00-04:00,32931.1796875,32931.75,32924.1484375,32930.078125,825027,1.0
2023-05-31 15:38:00-04:00,32930.25,32931.8203125,32925.83984375,32926.69921875,1063325,1.0
2023-05-31 15:39:00-04:00,32926.6484375,32928.0390625,32921.3984375,32928.0390625,827861,1.0
2023-05-31 15:40:00-04:00,32928.2109375,32930.05078125,32922.37109375,32926.23828125,993446,1.0
2023-05-31 15:41:00-04:00,32926.26953125,32928.921875,32924.828125,32927.7109375,968135,1.0
2023-05-31 15:42:00-04:00,32927.62890625,32932.12109375,32927.62890625,32930.48046875,1163719,1.0
2023-05-31 15:43:00-04:00,32930.41015625,32945.5390625,32927.640625,32945.5390625,1215779,1.0
2023-05-31 15:44:00-04:00,32946.28125,32969.8515625,32946.28125,32969.8515625,1531053,1.0
2023-05-31 15:45:00-04:00,32972.8203125,32984.828125,32972.8203125,32973.609375,1619237,1.0
2023-05-31 15:46:00-04:00,32973.96875,32983.53125,32954.12109375,32955.58984375,2153957,1.0
2023-05-31 15:47:00-04:00,32952.109375,32955.98046875,32948.8984375,32955.4609375,1436800,1.0
2023-05-31 15:48:00-04:00,32955.7890625,32958.8515625,32951.37109375,32957.0,1334047,1.0
2023-05-31 15:49:00-04:00,32956.94140625,32957.12109375,32948.01171875,32953.01171875,1723261,1.0
2023-05-31 15:50:00-04:00,32955.33984375,32955.33984375,32933.01171875,32944.48046875,7119846,1.0
2023-05-31 15:51:00-04:00,32944.01953125,32946.7109375,32935.30859375,32936.96875,3419559,1.0
2023-05-31 15:52:00-04:00,32940.03125,32941.94140625,32931.859375,32933.6484375,2738993,1.0
2023-05-31 15:53:00-04:00,32933.5390625,32935.8515625,32909.83984375,32911.26953125,3645551,1.0
2023-05-31 15:54:00-04:00,32910.94140625,32923.23828125,32905.98046875,32915.671875,5763715,1.0
2023-05-31 15:55:00-04:00,32916.4609375,32927.828125,32914.76171875,32921.1796875,7325020,1.0
2023-05-31 15:56:00-04:00,32920.25,32920.26953125,32905.01953125,32906.359375,6416161,1.0
2023-05-31 15:57:00-04:00,32906.2109375,32908.8984375,32890.80078125,32908.8984375,6224463,1.0
2023-05-31 15:58:00-04:00,32906.62109375,32943.12890625,32906.62109375,32942.37109375,6800562,1.0
2023-05-31 15:59:00-04:00,32941.8984375,32946.44921875,32912.3203125,32927.37890625,17392448,1.0
2023-06-01 09:30:00-04:00,32929.8515625,32929.8515625,32783.94921875,32785.53125,0,1.0
2023-06-01 09:31:00-04:00,32785.25,32803.1484375,32769.109375,32769.3984375,2403303,1.0
2023-06-01 09:32:00-04:00,32767.7890625,32777.890625,32723.94921875,32723.94921875,1727671,1.0
2023-06-01 09:33:00-04:00,32724.41015625,32752.470703125,32724.41015625,32734.6796875,1650228,1.0
2023-06-01 09:34:00-04:00,32735.029296875,32745.369140625,32704.509765625,32742.779296875,1351786,1.0
2023-06-01 09:35:00-04:00,32741.9296875,32771.87890625,32741.9296875,32771.87890625,1447238,1.0
2023-06-01 09:36:00-04:00,32771.69140625,32786.80859375,32747.390625,32786.80859375,1478776,1.0
2023-06-01 09:37:00-04:00,32788.140625,32826.0390625,32786.96875,32820.1015625,1138998,1.0
2023-06-01 09:38:00-04:00,32819.66015625,32820.48046875,32779.87109375,32782.8984375,1191124,1.0
2023-06-01 09:39:00-04:00,32781.51953125,32816.1484375,32776.8203125,32805.140625,1442707,1.0
2023-06-01 09:40:00-04:00,32804.19921875,32804.19921875,32760.279296875,32765.939453125,1618290,1.0
2023-06-01 09:41:00-04:00,32764.44921875,32786.5703125,32764.44921875,32779.9609375,1462461,1.0
2023-06-01 09:42:00-04:00,32781.78125,32802.578125,32779.6015625,32786.73828125,1103519,1.0
2023-06-01 09:43:00-04:00,32787.9609375,32797.1015625,32772.890625,32779.23828125,1130194,1.0
2023-06-01 09:44:00-04:00,32779.98828125,32779.98828125,32757.130859375,32772.25,999475,1.0
2023-06-01 09:45:00-04:00,32771.828125,32780.03125,32760.470703125,32773.6796875,1331186,1.0
2023-06-01 09:46:00-04:00,32774.1015625,32781.19921875,32770.359375,32776.19921875,916703,1.0
2023-06-01 09:47:00-04:00,32777.91015625,32778.21875,32758.51953125,32765.48046875,1233293,1.0
2023-06-01 09:48:00-04:00,32766.580078125,32766.580078125,32721.390625,32725.330078125,975111,1.0
2023-06-01 09:49:00-04:00,32725.720703125,32735.740234375,32715.75,32735.740234375,1306363,1.0
2023-06-01 09:50:00-04:00,32735.01953125,32761.259765625,32734.189453125,32749.9609375,1071604,1.0
2023-06-01 09:51:00-04:00,32751.580078125,32751.609375,32726.759765625,32733.810546875,1060936,1.0
2023-06-01 09:52:00-04:00,32735.419921875,32750.470703125,32726.009765625,32726.720703125,761541,1.0
2023-06-01 09:53:00-04:00,32718.94921875,32727.810546875,32706.640625,32708.189453125,1030388,1.0
2023-06-01 09:54:00-04:00,32708.189453125,32723.400390625,32707.0,32723.400390625,946974,1.0
2023-06-01 09:55:00-04:00,32723.919921875,32724.0,32712.580078125,32714.330078125,617751,1.0
2023-06-01 09:56:00-04:00,32716.490234375,32723.58984375,32712.41015625,32720.58984375,1253979,1.0
2023-06-01 09:57:00-04:00,32721.23046875,32738.0703125,32719.08984375,32734.1796875,876640,1.0
2023-06-01 09:58:00-04:00,32733.580078125,32741.83984375,32730.369140625,32741.130859375,800561,1.0
2023-06-01 09:59:00-04:00,32740.69921875,32740.69921875,32724.400390625,32732.33984375,785115,1.0
2023-06-01 10:00:00-04:00,32731.6796875,32753.240234375,32724.810546875,32746.759765625,1106544,1.0
2023-06-01 10:01:00-04:00,32746.349609375,32763.130859375,32733.630859375,32738.259765625,849580,1.0
2023-06-01 10:02:00-04:00,32737.390625,32757.5703125,32737.390625,32757.5703125,968970,1.0
2023-06-01 10:03:00-04:00,32755.55078125,32766.369140625,32743.48046875,32763.0390625,1037973,1.0
2023-06-01 10:04:00-04:00,32763.140625,32788.2890625,32755.380859375,32787.62109375,962633,1.0
2023-06-01 10:05:00-04:00,32785.26953125,32797.08984375,32777.28125,32796.66015625,804685,1.0
2023-06-01 10:06:00-04:00,32796.94140625,32805.62109375,32789.69921875,32802.23046875,1028907,1.0
2023-06-01 10:07:00-04:00,32802.37109375,32811.83984375,32786.2109375,32786.80078125,1009148,1.0
2023-06-01 10:08:00-04:00,32787.3203125,32803.69140625,32786.03125,32803.05078125,855548,1.0
2023-06-01 10:09:00-04:00,32804.05859375,32822.23828125,32802.3203125,32810.859375,774818,1.0
2023-06-01 10:10:00-04:00,32811.25,32828.3984375,32811.25,32824.55078125,882331,1.0
2023-06-01 10:11:00-04:00,32824.859375,32843.21875,32823.30859375,32842.328125,933604,1.0
2023-06-01 10:12:00-04:00,32843.3984375,32865.5,32837.76171875,32865.5,1298975,1.0
2023-06-01 10:13:00-04:00,32865.58984375,32865.58984375,32850.9609375,32851.58984375,1164584,1.0
2023-06-01 10:14:00-04:00,32853.3984375,32880.08984375,32853.3984375,32880.08984375,928528,1.0
2023-06-01 10:15:00-04:00,32879.8515625,32889.921875,32877.58984375,32880.5703125,932550,1.0
2023-06-01 10:16:00-04:00,32880.7109375,32897.94140625,32878.62890625,32882.0703125,787460,1.0
2023-06-01 10:17:00-04:00,32882.3203125,32882.3203125,32842.421875,32848.2890625,1078523,1.0
2023-06-01 10:18:00-04:00,32848.328125,32851.2109375,32823.69140625,32824.26171875,1079175,1.0
2023-06-01 10:19:00-04:00,32823.62109375,32836.46875,32823.62109375,32835.96875,909909,1.0
2023-06-01 10:20:00-04:00,32834.69140625,32834.69140625,32827.609375,32832.2890625,737383,1.0
2023-06-01 10:21:00-04:00,32832.08984375,32832.08984375,32807.78125,32816.05859375,981689,1.0
2023-06-01 10:22:00-04:00,32815.671875,32825.73828125,32812.30078125,32823.16015625,1110326,1.0
2023-06-01 10:23:00-04:00,32823.48828125,32826.78125,32818.26953125,32826.78125,984878,1.0
2023-06-01 10:24:00-04:00,32826.94140625,32831.83984375,32822.51953125,32830.19921875,651766,1.0
2023-06-01 10:25:00-04:00,32828.73828125,32829.2109375,32816.94140625,32818.19140625,830168,1.0
2023-06-01 10:26:00-04:00,32816.5,32823.578125,32812.078125,32822.80078125,705654,1.0
2023-06-01 10:27:00-04:00,32822.8515625,32835.37109375,32821.109375,32835.171875,602819,1.0
2023-06-01 10:28:00-04:00,32834.96875,32870.83984375,32834.75,32860.9296875,1007785,1.0
2023-06-01 10:29:00-04:00,32861.55078125,32861.62109375,32854.51953125,32859.23046875,785154,1.0
2023-06-01 10:30:00-04:00,32858.62109375,32862.51171875,32845.76953125,32850.73046875,1073104,1.0
2023-06-01 10:31:00-04:00,32849.55859375,32857.23046875,32844.37109375,32850.5390625,682317,1.0
2023-06-01 10:32:00-04:00,32849.48828125,32850.8515625,32838.80078125,32848.12109375,866773,1.0
2023-06-01 10:33:00-04:00,32848.21875,32856.62109375,32835.5390625,32836.3203125,756114,1.0
2023-06-01 10:34:00-04:00,32837.58984375,32844.140625,32829.58984375,32844.140625,1029385,1.0
2023-06-01 10:35:00-04:00,32841.6484375,32854.078125,32827.12109375,32853.16015625,781106,1.0
2023-06-01 10:36:00-04:00,32853.1484375,32856.890625,32843.55859375,32856.890625,649682,1.0
2023-06-01 10:37:00-04:00,32856.6015625,32870.828125,32855.30078125,32861.0,611141,1.0
2023-06-01 10:38:00-04:00,32862.25,32863.94921875,32845.44140625,32846.140625,993704,1.0
2023-06-01 10:39:00-04:00,32845.921875,32860.30859375,32845.328125,32856.51953125,712149,1.0
2023-06-01 10:40:00-04:00,32856.921875,32870.53125,32855.2890625,32866.44921875,790546,1.0
2023-06-01 10:41:00-04:00,32867.1796875,32886.6015625,32867.1796875,32877.62109375,987002,1.0
2023-06-01 10:42:00-04:00,32877.98828125,32900.71875,32877.98828125,32884.76171875,1138428,1.0
2023-06-01 10:43:00-04:00,32885.03125,32894.91015625,32879.5390625,32889.28125,905692,1.0
2023-06-01 10:44:00-04:00,32886.19140625,32892.421875,32881.26171875,32887.58984375,820525,1.0
2023-06-01 10:45:00-04:00,32887.51953125,32914.4609375,32887.51953125,32914.4609375,1018446,1.0
2023-06-01 10:46:00-04:00,32919.46875,32922.73046875,32909.78125,32921.08984375,979557,1.0
2023-06-01 10:47:00-04:00,32920.30078125,32924.109375,32906.6015625,32909.75,672235,1.0
2023-06-01 10:48:00-04:00,32909.44921875,32919.44140625,32884.73828125,32884.73828125,1180135,1.0
2023-06-01 10:49:00-04:00,32882.1015625,32891.23828125,32875.30859375,32891.109375,837816,1.0
2023-06-01 10:50:00-04:00,32890.6484375,32913.9609375,32890.6484375,32912.12890625,848492,1.0
2023-06-01 10:51:00-04:00,32911.23828125,32929.0390625,32906.76171875,32928.8515625,705951,1.0
2023-06-01 10:52:00-04:00,32929.08984375,32931.80859375,32918.3984375,32931.12890625,801974,1.0
2023-06-01 10:53:00-04:00,32931.01171875,32934.69140625,32926.55078125,32928.37890625,646296,1.0
2023-06-01 10:54:00-04:00,32927.62109375,32929.578125,32918.921875,32927.01953125,918364,1.0
2023-06-01 10:55:00-04:00,32926.9296875,32937.28125,32922.94921875,32926.12890625,1282556,1.0
2023-06-01 10:56:00-04:00,32925.8984375,32937.140625,32922.7890625,32927.51953125,767402,1.0
2023-06-01 10:57:00-04:00,32927.30078125,32939.390625,32927.30078125,32932.51171875,643780,1.0
2023-06-01 10:58:00-04:00,32932.48828125,32938.1015625,32932.05859375,32936.859375,711947,1.0
2023-06-01 10:59:00-04:00,32936.71875,32941.3515625,32935.01953125,32938.03125,697015,1.0
2023-06-01 11:00:00-04:00,32936.98828125,32938.78125,32933.62109375,32934.08984375,335048,1.0
2023-06-01 11:01:00-04:00,32938.44921875,32938.6796875,32927.390625,32932.55078125,1171975,1.0
2023-06-01 11:02:00-04:00,32931.87109375,32946.25,32931.078125,32938.69921875,744409,1.0
2023-06-01 11:03:00-04:00,32938.73828125,32942.87890625,32935.859375,32938.640625,537880,1.0
2023-06-01 11:04:00-04:00,32938.55078125,32941.921875,32933.66015625,32940.390625,520813,1.0
2023-06-01 11:05:00-04:00,32941.0703125,32949.578125,32939.5390625,32947.69140625,660403,1.0
2023-06-01 11:06:00-04:00,32948.78125,32949.21875,32938.44140625,32945.08984375,535258,1.0
2023-06-01 11:07:00-04:00,32944.94140625,32944.94140625,32935.01171875,32937.55078125,562094,1.0
2023-06-01 11:08:00-04:00,32936.4609375,32946.05078125,32935.53125,32941.55078125,611275,1.0
2023-06-01 11:09:00-04:00,32941.73046875,32946.5703125,32939.0703125,32941.78125,596748,1.0
2023-06-01 11:10:00-04:00,32940.19140625,32940.4609375,32935.71875,32936.51953125,561128,1.0
2023-06-01 11:11:00-04:00,32937.48046875,32943.0703125,32935.03125,32943.0703125,656965,1.0
2023-06-01 11:12:00-04:00,32942.6015625,32955.9296875,32939.578125,32955.9296875,731750,1.0
2023-06-01 11:13:00-04:00,32955.6796875,32955.6796875,32947.5,32947.76953125,588828,1.0
2023-06-01 11:14:00-04:00,32948.12890625,32958.4609375,32946.16015625,32953.25,836450,1.0
2023-06-01 11:15:00-04:00,32953.23828125,32992.859375,32953.23828125,32989.0,1051186,1.0
2023-06-01 11:16:00-04:00,32991.0390625,32998.3984375,32981.8515625,32982.9296875,830538,1.0
2023-06-01 11:17:00-04:00,32982.87890625,32986.2890625,32978.51171875,32985.21875,529967,1.0
2023-06-01 11:18:00-04:00,32985.62890625,32991.76171875,32984.08984375,32989.0390625,1161036,1.0
2023-06-01 11:19:00-04:00,32986.9296875,32986.9296875,32980.23828125,32981.359375,604266,1.0
2023-06-01 11:20:00-04:00,32981.2890625,32981.859375,32972.1796875,32973.7890625,661534,1.0
2023-06-01 11:21:00-04:00,32973.140625,32973.7890625,32967.359375,32968.91015625,820479,1.0
2023-06-01 11:22:00-04:00,32968.9609375,32968.9609375,32955.33984375,32958.3515625,715133,1.0
2023-06-01 11:23:00-04:00,32959.16015625,32974.98828125,32958.2109375,32974.98828125,708996,1.0
2023-06-01 11:24:00-04:00,32975.30078125,32983.51953125,32973.078125,32983.51953125,755631,1.0
2023-06-01 11:25:00-04:00,32983.1796875,32994.19140625,32983.1796875,32991.078125,650749,1.0
2023-06-01 11:26:00-04:00,32992.12109375,32998.12890625,32990.23828125,32996.30859375,661453,1.0
2023-06-01 11:27:00-04:00,32995.421875,32996.12109375,32985.5390625,32986.16015625,844153,1.0
2023-06-01 11:28:00-04:00,32986.78125,33004.23828125,32983.5390625,33004.23828125,769261,1.0
2023-06-01 11:29:00-04:00,33004.5703125,33010.53125,32997.0,33001.12890625,596858,1.0
2023-06-01 11:30:00-04:00,33001.44140625,33014.23046875,33001.44140625,33010.7109375,744730,1.0
2023-06-01 11:31:00-04:00,33011.3203125,33012.37890625,33005.171875,33012.30859375,558102,1.0
2023-06-01 11:32:00-04:00,33012.1484375,33017.6796875,33004.51171875,33015.33984375,602296,1.0
2023-06-01 11:33:00-04:00,33014.4296875,33022.0,33013.01953125,33018.578125,679542,1.0
2023-06-01 11:34:00-04:00,33018.921875,33027.53125,33016.58984375,33019.98828125,608580,1.0
2023-06-01 11:35:00-04:00,33020.37109375,33024.890625,33016.390625,33024.53125,563805,1.0
2023-06-01 11:36:00-04:00,33024.19921875,33032.828125,33024.19921875,33029.109375,653998,1.0
2023-06-01 11:37:00-04:00,33029.0703125,33029.0703125,33018.109375,33019.2109375,649531,1.0
2023-06-01 11:38:00-04:00,33019.2890625,33025.30078125,33018.8515625,33021.8515625,639808,1.0
2023-06-01 11:39:00-04:00,33021.94921875,33023.19140625,33015.98828125,33017.98046875,546956,1.0
2023-06-01 11:40:00-04:00,33017.91015625,33031.421875,33016.16015625,33027.359375,528754,1.0
2023-06-01 11:41:00-04:00,33027.55078125,33035.03125,33027.5,33032.48046875,448615,1.0
2023-06-01 11:42:00-04:00,33032.58984375,33041.6796875,33032.58984375,33039.91015625,650762,1.0
2023-06-01 11:43:00-04:00,33039.6796875,33046.30859375,33038.51171875,33042.421875,540143,1.0
2023-06-01 11:44:00-04:00,33042.30078125,33051.3515625,33042.109375,33044.0,504651,1.0
2023-06-01 11:45:00-04:00,33044.73046875,33050.8515625,33040.69921875,33048.33984375,503658,1.0
2023-06-01 11:46:00-04:00,33049.109375,33066.69921875,33049.109375,33064.94921875,444090,1.0
2023-06-01 11:47:00-04:00,33065.08984375,33066.640625,33061.83984375,33061.98046875,548495,1.0
2023-06-01 11:48:00-04:00,33061.859375,33066.55859375,33061.390625,33066.55859375,394076,1.0
2023-06-01 11:49:00-04:00,33067.80078125,33076.12890625,33067.80078125,33075.51953125,417346,1.0
2023-06-01 11:50:00-04:00,33076.6015625,33078.890625,33070.1484375,33070.1484375,468464,1.0
2023-06-01 11:51:00-04:00,33070.328125,33074.01171875,33068.421875,33071.109375,511673,1.0
2023-06-01 11:52:00-04:00,33071.66015625,33081.1015625,33070.2109375,33077.8203125,634690,1.0
2023-06-01 11:53:00-04:00,33078.05078125,33085.390625,33078.05078125,33080.44140625,430598,1.0
2023-06-01 11:54:00-04:00,33081.109375,33092.8515625,33079.1484375,33079.1484375,537393,1.0
2023-06-01 11:55:00-04:00,33079.671875,33085.3203125,33078.2109375,33083.859375,543664,1.0
2023-06-01 11:56:00-04:00,33083.890625,33096.6484375,33083.1484375,33095.26953125,460579,1.0
2023-06-01 11:57:00-04:00,33095.26171875,33100.8984375,33089.30859375,33100.0703125,436193,1.0
2023-06-01 11:58:00-04:00,33100.12890625,33100.12890625,33089.1015625,33093.8515625,468285,1.0
2023-06-01 11:59:00-04:00,33093.12109375,33095.26171875,33090.94140625,33093.80078125,366248,1.0
2023-06-01 12:00:00-04:00,33092.96875,33099.1015625,33089.44921875,33098.62890625,620235,1.0
2023-06-01 12:01:00-04:00,33098.58984375,33102.640625,33088.30078125,33088.30078125,531107,1.0
2023-06-01 12:02:00-04:00,33110.25,33124.30859375,33110.25,33120.609375,749053,1.0
2023-06-01 12:03:00-04:00,33120.62109375,33120.62109375,33106.62890625,33113.66015625,381556,1.0
2023-06-01 12:04:00-04:00,33112.8203125,33113.859375,33099.58984375,33099.58984375,418166,1.0
2023-06-01 12:05:00-04:00,33098.53125,33098.71875,33090.5703125,33094.5703125,474847,1.0
2023-06-01 12:06:00-04:00,33093.7109375,33103.609375,33092.390625,33100.51171875,479738,1.0
2023-06-01 12:07:00-04:00,33099.421875,33105.58984375,33098.08984375,33105.4296875,561791,1.0
2023-06-01 12:08:00-04:00,33104.98828125,33111.28125,33102.58984375,33107.7890625,781684,1.0
2023-06-01 12:09:00-04:00,33108.2109375,33113.171875,33106.671875,33109.5,489924,1.0
2023-06-01 12:10:00-04:00,33109.37890625,33115.140625,33105.8984375,33113.58984375,532852,1.0
2023-06-01 12:11:00-04:00,33114.390625,33114.48046875,33104.19140625,33104.3203125,444313,1.0
2023-06-01 12:12:00-04:00,33103.5,33108.55078125,33102.44140625,33102.44140625,431915,1.0
2023-06-01 12:13:00-04:00,33102.51171875,33106.62890625,33101.37890625,33105.48046875,426971,1.0
2023-06-01 12:14:00-04:00,33105.16015625,33114.12109375,33105.16015625,33112.2109375,496936,1.0
2023-06-01 12:15:00-04:00,33112.1796875,33114.91015625,33099.8515625,33100.98046875,704174,1.0
2023-06-01 12:16:00-04:00,33100.03125,33101.1015625,33090.62890625,33096.6015625,544797,1.0
2023-06-01 12:17:00-04:00,33096.828125,33107.8203125,33096.53125,33107.640625,465516,1.0
2023-06-01 12:18:00-04:00,33107.71875,33115.76171875,33103.73046875,33106.9296875,450575,1.0
2023-06-01 12:19:00-04:00,33106.859375,33111.921875,33106.12890625,33109.8515625,577454,1.0
2023-06-01 12:20:00-04:00,33110.21875,33127.8984375,33107.55859375,33126.1484375,584372,1.0
2023-06-01 12:21:00-04:00,33127.37890625,33131.171875,33120.890625,33120.94921875,485145,1.0
2023-06-01 12:22:00-04:00,33120.390625,33120.890625,33111.8203125,33112.16015625,389552,1.0
2023-06-01 12:23:00-04:00,33112.6484375,33117.53125,33106.94140625,33107.2109375,361250,1.0
2023-06-01 12:24:00-04:00,33107.48046875,33113.08984375,33107.48046875,33111.12109375,348662,1.0
2023-06-01 12:25:00-04:00,33111.19140625,33117.8203125,33110.94140625,33115.4296875,447045,1.0
2023-06-01 12:26:00-04:00,33115.3203125,33115.3203125,33102.6015625,33102.71875,419125,1.0
2023-06-01 12:27:00-04:00,33102.30078125,33116.55859375,33102.30078125,33116.109375,472749,1.0
2023-06-01 12:28:00-04:00,33116.1484375,33116.1484375,33110.1015625,33114.01171875,428024,1.0
2023-06-01 12:29:00-04:00,33114.19921875,33117.8203125,33113.69140625,33115.9296875,437850,1.0
2023-06-01 12:30:00-04:00,33117.921875,33127.25,33117.921875,33127.25,364851,1.0
2023-06-01 12:31:00-04:00,33128.37109375,33129.66015625,33116.87890625,33119.4609375,393442,1.0
2023-06-01 12:32:00-04:00,33119.30859375,33126.28125,33117.94921875,33126.23828125,346859,1.0
2023-06-01 12:33:00-04:00,33125.80859375,33127.9609375,33125.3984375,33125.9609375,296297,1.0
2023-06-01 12:34:00-04:00,33126.578125,33126.578125,33113.46875,33117.0703125,616689,1.0
2023-06-01 12:35:00-04:00,33117.51953125,33125.4609375,33117.51953125,33119.140625,463838,1.0
2023-06-01 12:36:00-04:00,33119.30859375,33129.359375,33119.171875,33129.171875,515036,1.0
2023-06-01 12:37:00-04:00,33128.8984375,33128.9296875,33123.421875,33123.55078125,407574,1.0
2023-06-01 12:38:00-04:00,33123.30859375,33126.62109375,33119.75,33125.19921875,353452,1.0
2023-06-01 12:39:00-04:00,33124.19140625,33124.62109375,33120.37890625,33124.26171875,428991,1.0
2023-06-01 12:40:00-04:00,33125.078125,33125.69140625,33118.87109375,33124.44921875,679756,1.0
2023-06-01 12:41:00-04:00,33122.9609375,33123.76171875,33116.51953125,33118.328125,483210,1.0
2023-06-01 12:42:00-04:00,33118.44140625,33119.98046875,33114.5,33116.2890625,428457,1.0
2023-06-01 12:43:00-04:00,33116.6484375,33117.78125,33112.78125,33115.30859375,440581,1.0
2023-06-01 12:44:00-04:00,33115.23046875,33116.37890625,33113.03125,33113.0390625,361723,1.0
2023-06-01 12:45:00-04:00,33113.1796875,33113.19921875,33107.328125,33111.96875,418421,1.0
2023-06-01 12:46:00-04:00,33112.19921875,33112.828125,33096.7109375,33103.578125,576132,1.0
2023-06-01 12:47:00-04:00,33103.62109375,33115.69140625,33103.62109375,33115.51171875,416597,1.0
2023-06-01 12:48:00-04:00,33117.1015625,33120.16015625,33114.87109375,33116.8515625,601803,1.0
2023-06-01 12:49:00-04:00,33116.87109375,33121.9609375,33116.87109375,33121.9609375,499537,1.0
2023-06-01 12:50:00-04:00,33122.01171875,33125.3515625,33119.12109375,33119.83984375,462668,1.0
2023-06-01 12:51:00-04:00,33120.359375,33128.4296875,33119.12890625,33122.23046875,462300,1.0
2023-06-01 12:52:00-04:00,33120.98046875,33124.37109375,33119.94921875,33122.96875,387392,1.0
2023-06-01 12:53:00-04:00,33123.1484375,33126.58984375,33121.23046875,33124.37890625,427292,1.0
2023-06-01 12:54:00-04:00,33124.37890625,33125.62890625,33121.33984375,33122.890625,408680,1.0
2023-06-01 12:55:00-04:00,33122.75,33127.109375,33122.01953125,33127.078125,586073,1.0
2023-06-01 12:56:00-04:00,33126.94921875,33126.94921875,33123.23828125,33123.3984375,419619,1.0
2023-06-01 12:57:00-04:00,33123.1796875,33123.69140625,33116.921875,33118.19140625,400410,1.0
2023-06-01 12:58:00-04:00,33117.76171875,33120.03125,33114.05078125,33119.7109375,483731,1.0
2023-06-01 12:59:00-04:00,33120.19921875,33122.7109375,33119.0,33122.7109375,409425,1.0
2023-06-01 13:00:00-04:00,33122.69140625,33131.03125,33122.69140625,33126.9296875,446386,1.0
2023-06-01 13:01:00-04:00,33126.87109375,33126.87109375,33109.80078125,33109.80078125,390808,1.0
2023-06-01 13:02:00-04:00,33110.19921875,33115.609375,33110.19921875,33115.609375,374856,1.0
2023-06-01 13:03:00-04:00,33115.76171875,33121.62109375,33115.76171875,33117.859375,383631,1.0
2023-06-01 13:04:00-04:00,33118.37890625,33121.33984375,33112.859375,33114.94921875,396515,1.0
2023-06-01 13:05:00-04:00,33115.01171875,33115.6796875,33112.48828125,33113.26171875,381088,1.0
2023-06-01 13:06:00-04:00,33113.21875,33118.48046875,33112.91015625,33117.671875,306299,1.0
2023-06-01 13:07:00-04:00,33118.73046875,33121.76171875,33118.0,33121.69140625,445604,1.0
2023-06-01 13:08:00-04:00,33121.9609375,33128.4609375,33121.9609375,33126.078125,362963,1.0
2023-06-01 13:09:00-04:00,33125.98046875,33125.98046875,33111.37109375,33111.37890625,337046,1.0
2023-06-01 13:10:00-04:00,33110.9296875,33111.0390625,33105.078125,33108.21875,458024,1.0
2023-06-01 13:11:00-04:00,33109.03125,33110.109375,33105.109375,33105.7890625,421967,1.0
2023-06-01 13:12:00-04:00,33106.71875,33109.91015625,33106.62109375,33108.078125,439266,1.0
2023-06-01 13:13:00-04:00,33108.28125,33117.16015625,33108.28125,33116.7890625,487133,1.0
2023-06-01 13:14:00-04:00,33116.53125,33120.94140625,33115.94140625,33118.7890625,396595,1.0
2023-06-01 13:15:00-04:00,33118.5390625,33122.76171875,33117.41015625,33118.01171875,471975,1.0
2023-06-01 13:16:00-04:00,33118.25,33120.69921875,33113.23046875,33119.390625,420587,1.0
2023-06-01 13:17:00-04:00,33119.23046875,33119.23046875,33112.390625,33116.03125,480433,1.0
2023-06-01 13:18:00-04:00,33115.78125,33118.87109375,33113.671875,33115.53125,508713,1.0
2023-06-01 13:19:00-04:00,33115.2890625,33116.16015625,33109.98046875,33110.26171875,430141,1.0
2023-06-01 13:20:00-04:00,33110.51953125,33120.26171875,33108.03125,33119.5703125,670770,1.0
2023-06-01 13:21:00-04:00,33120.73828125,33124.37890625,33114.328125,33115.328125,583272,1.0
2023-06-01 13:22:00-04:00,33115.69140625,33128.3203125,33115.69140625,33124.01171875,564200,1.0
2023-06-01 13:23:00-04:00,33124.0,33125.19140625,33114.76953125,33118.30078125,465765,1.0
2023-06-01 13:24:00-04:00,33118.4296875,33119.33984375,33089.91015625,33101.25,856987,1.0
2023-06-01 13:25:00-04:00,33101.28125,33101.30078125,33089.08984375,33089.08984375,485354,1.0
2023-06-01 13:26:00-04:00,33089.3515625,33099.171875,33089.25,33098.0390625,587322,1.0
2023-06-01 13:27:00-04:00,33098.078125,33106.8515625,33096.46875,33106.51171875,515843,1.0
2023-06-01 13:28:00-04:00,33106.6796875,33106.94140625,33101.4296875,33105.46875,478063,1.0
2023-06-01 13:29:00-04:00,33104.55078125,33110.2109375,33104.5390625,33108.0390625,434260,1.0
2023-06-01 13:30:00-04:00,33107.69921875,33111.8515625,33101.05078125,33102.33984375,420382,1.0
2023-06-01 13:31:00-04:00,33101.69140625,33102.4609375,33098.69921875,33099.69140625,392856,1.0
2023-06-01 13:32:00-04:00,33100.05859375,33101.30859375,33092.53125,33092.53125,412576,1.0
2023-06-01 13:33:00-04:00,33092.62890625,33093.8984375,33087.87109375,33088.98828125,332822,1.0
2023-06-01 13:34:00-04:00,33089.08984375,33093.87890625,33088.578125,33093.6015625,328621,1.0
2023-06-01 13:35:00-04:00,33093.828125,33095.4609375,33085.37109375,33087.26171875,598892,1.0
2023-06-01 13:36:00-04:00,33087.73828125,33091.26171875,33080.69140625,33082.80078125,358048,1.0
2023-06-01 13:37:00-04:00,33082.890625,33084.76953125,33077.87109375,33078.5,360939,1.0
2023-06-01 13:38:00-04:00,33078.53125,33080.08984375,33072.66015625,33078.609375,408459,1.0
2023-06-01 13:39:00-04:00,33078.80859375,33080.76953125,33074.37109375,33075.171875,422610,1.0
2023-06-01 13:40:00-04:00,33075.44140625,33076.37109375,33071.01171875,33071.69140625,508599,1.0
2023-06-01 13:41:00-04:00,33073.26953125,33077.12890625,33070.05859375,33077.12890625,404978,1.0
2023-06-01 13:42:00-04:00,33077.75,33079.41015625,33073.1015625,33075.62890625,415357,1.0
2023-06-01 13:43:00-04:00,33075.62890625,33081.1015625,33074.6015625,33080.25,565440,1.0
2023-06-01 13:44:00-04:00,33081.921875,33084.83984375,33076.01171875,33082.2109375,611536,1.0
2023-06-01 13:45:00-04:00,33082.30859375,33092.1796875,33082.30859375,33092.1796875,443115,1.0
2023-06-01 13:46:00-04:00,33092.1484375,33092.44921875,33083.98828125,33084.30859375,429499,1.0
2023-06-01 13:47:00-04:00,33084.37109375,33093.6484375,33083.48828125,33092.26171875,512293,1.0
2023-06-01 13:48:00-04:00,33092.6484375,33092.890625,33089.05859375,33089.91015625,385770,1.0
2023-06-01 13:49:00-04:00,33090.171875,33097.05078125,33090.171875,33093.53125,545854,1.0
2023-06-01 13:50:00-04:00,33094.0703125,33098.1796875,33094.0703125,33095.7109375,472635,1.0
2023-06-01 13:51:00-04:00,33096.0390625,33100.390625,33093.7109375,33094.73046875,530250,1.0
2023-06-01 13:52:00-04:00,33095.19140625,33097.44140625,33094.76171875,33095.87109375,407751,1.0
2023-06-01 13:53:00-04:00,33095.51171875,33104.7109375,33095.1796875,33102.640625,451200,1.0
2023-06-01 13:54:00-04:00,33102.41015625,33110.890625,33102.41015625,33107.19140625,410790,1.0
2023-06-01 13:55:00-04:00,33107.5,33108.05859375,33104.5,33105.30078125,480114,1.0
2023-06-01 13:56:00-04:00,33104.98046875,33106.421875,33102.51171875,33103.7890625,367839,1.0
2023-06-01 13:57:00-04:00,33103.4609375,33104.01171875,33096.8515625,33104.01171875,338711,1.0
2023-06-01 13:58:00-04:00,33104.05859375,33112.921875,33104.05859375,33112.76953125,421469,1.0
2023-06-01 13:59:00-04:00,33112.87109375,33116.21875,33110.828125,33116.140625,404764,1.0
2023-06-01 14:00:00-04:00,33116.53125,33116.80078125,33101.26953125,33101.26953125,453229,1.0
2023-06-01 14:01:00-04:00,33101.21875,33101.26953125,33092.76953125,33093.98046875,395817,1.0
2023-06-01 14:02:00-04:00,33093.2890625,33093.2890625,33087.109375,33087.94140625,382236,1.0
2023-06-01 14:03:00-04:00,33088.19921875,33092.28125,33087.5,33091.7890625,390031,1.0
2023-06-01 14:04:00-04:00,33092.30859375,33094.01171875,33092.1015625,33093.0703125,343419,1.0
2023-06-01 14:05:00-04:00,33092.9609375,33098.30078125,33090.05859375,33098.140625,524760,1.0
2023-06-01 14:06:00-04:00,33098.01953125,33108.0,33095.37109375,33099.46875,644860,1.0
2023-06-01 14:07:00-04:00,33099.80078125,33103.37890625,33099.23046875,33099.94140625,546962,1.0
2023-06-01 14:08:00-04:00,33100.58984375,33103.69921875,33098.2109375,33098.94140625,386303,1.0
2023-06-01 14:09:00-04:00,33099.69921875,33105.9609375,33099.69921875,33103.87109375,419022,1.0
2023-06-01 14:10:00-04:00,33104.1484375,33104.390625,33095.37890625,33095.37890625,427535,1.0
2023-06-01 14:11:00-04:00,33095.12109375,33098.12109375,33093.3515625,33098.12109375,450981,1.0
2023-06-01 14:12:00-04:00,33097.66015625,33099.91015625,33097.3984375,33099.33984375,583159,1.0
2023-06-01 14:13:00-04:00,33099.6015625,33100.12109375,33096.30078125,33100.12109375,379164,1.0
2023-06-01 14:14:00-04:00,33098.37890625,33099.28125,33094.25,33095.8515625,316326,1.0
2023-06-01 14:15:00-04:00,33097.23828125,33106.51171875,33097.23828125,33106.51171875,425507,1.0
2023-06-01 14:16:00-04:00,33108.0390625,33111.08984375,33107.62109375,33110.30859375,403292,1.0
2023-06-01 14:17:00-04:00,33110.48828125,33111.76953125,33101.98828125,33102.46875,503932,1.0
2023-06-01 14:18:00-04:00,33102.23828125,33104.2890625,33096.23046875,33098.80078125,475473,1.0
2023-06-01 14:19:00-04:00,33098.80078125,33098.80078125,33086.890625,33089.69140625,429823,1.0
2023-06-01 14:20:00-04:00,33090.28125,33103.359375,33090.01171875,33102.87890625,408694,1.0
2023-06-01 14:21:00-04:00,33103.26953125,33103.3984375,33095.828125,33097.48046875,374916,1.0
2023-06-01 14:22:00-04:00,33097.75,33101.48828125,33093.8515625,33094.359375,380883,1.0
2023-06-01 14:23:00-04:00,33093.62890625,33097.03125,33092.4296875,33096.25,408681,1.0
2023-06-01 14:24:00-04:00,33096.30078125,33098.390625,33093.48046875,33098.0,313918,1.0
2023-06-01 14:25:00-04:00,33098.05859375,33099.05859375,33091.3203125,33091.58984375,392853,1.0
2023-06-01 14:26:00-04:00,33091.55859375,33098.73828125,33091.55859375,33098.51953125,510815,1.0
2023-06-01 14:27:00-04:00,33098.75,33110.55078125,33098.53125,33110.171875,543845,1.0
2023-06-01 14:28:00-04:00,33110.48828125,33112.80859375,33109.73046875,33110.828125,555940,1.0
2023-06-01 14:29:00-04:00,33110.44921875,33112.390625,33105.30859375,33106.1015625,477466,1.0
2023-06-01 14:30:00-04:00,33106.328125,33108.640625,33101.23828125,33101.23828125,471797,1.0
2023-06-01 14:31:00-04:00,33102.6484375,33103.1015625,33096.19921875,33100.109375,401897,1.0
2023-06-01 14:32:00-04:00,33099.69921875,33102.51953125,33099.25,33100.41015625,415079,1.0
2023-06-01 14:33:00-04:00,33100.5,33102.98828125,33097.01953125,33102.98828125,406479,1.0
2023-06-01 14:34:00-04:00,33102.80859375,33108.51171875,33102.4609375,33103.26171875,445415,1.0
2023-06-01 14:35:00-04:00,33103.26171875,33110.328125,33103.23046875,33109.30859375,448052,1.0
2023-06-01 14:36:00-04:00,33108.71875,33109.6015625,33104.359375,33105.21875,354309,1.0
2023-06-01 14:37:00-04:00,33104.921875,33111.3203125,33103.25,33105.109375,383499,1.0
2023-06-01 14:38:00-04:00,33106.37890625,33109.28125,33088.7109375,33089.609375,752756,1.0
2023-06-01 14:39:00-04:00,33089.53125,33095.8203125,33089.53125,33094.23046875,410125,1.0
2023-06-01 14:40:00-04:00,33094.98046875,33105.66015625,33092.578125,33103.12109375,530925,1.0
2023-06-01 14:41:00-04:00,33103.0390625,33106.8203125,33100.08984375,33106.8203125,692825,1.0
2023-06-01 14:42:00-04:00,33106.4296875,33108.05859375,33099.80078125,33101.62109375,468192,1.0
2023-06-01 14:43:00-04:00,33101.6484375,33105.48046875,33099.87890625,33103.71875,485381,1.0
2023-06-01 14:44:00-04:00,33103.73046875,33104.1796875,33100.328125,33102.4609375,393499,1.0
2023-06-01 14:45:00-04:00,33102.5,33105.1484375,33098.94140625,33102.78125,438408,1.0
2023-06-01 14:46:00-04:00,33102.41015625,33106.44140625,33102.41015625,33104.37109375,333015,1.0
2023-06-01 14:47:00-04:00,33104.6015625,33109.078125,33103.44921875,33104.3984375,485773,1.0
2023-06-01 14:48:00-04:00,33104.4296875,33107.609375,33101.83984375,33105.0,425464,1.0
2023-06-01 14:49:00-04:00,33105.609375,33106.4609375,33101.51953125,33103.12890625,371829,1.0
2023-06-01 14:50:00-04:00,33103.23046875,33104.58984375,33101.3515625,33101.76171875,421152,1.0
2023-06-01 14:51:00-04:00,33101.73046875,33106.01171875,33100.16015625,33106.01171875,444852,1.0
2023-06-01 14:52:00-04:00,33106.23828125,33116.609375,33106.23828125,33115.2109375,605624,1.0
2023-06-01 14:53:00-04:00,33115.109375,33129.9609375,33114.69140625,33127.6796875,2091129,1.0
2023-06-01 14:54:00-04:00,33127.41015625,33129.69921875,33121.921875,33125.66015625,557158,1.0
2023-06-01 14:55:00-04:00,33125.0390625,33126.30078125,33117.171875,33117.19140625,433702,1.0
2023-06-01 14:56:00-04:00,33116.87109375,33117.96875,33114.26953125,33116.30859375,540829,1.0
2023-06-01 14:57:00-04:00,33116.23046875,33123.51171875,33116.23046875,33123.51171875,520519,1.0
2023-06-01 14:58:00-04:00,33123.66015625,33130.80859375,33123.66015625,33130.80859375,447858,1.0
2023-06-01 14:59:00-04:00,33130.9609375,33135.2109375,33130.73828125,33131.21875,700170,1.0
2023-06-01 15:00:00-04:00,33130.8984375,33136.4296875,33130.8984375,33135.98828125,731507,1.0
2023-06-01 15:01:00-04:00,33135.3984375,33137.828125,33133.76171875,33137.828125,768905,1.0
2023-06-01 15:02:00-04:00,33137.62890625,33144.01953125,33135.359375,33143.640625,678285,1.0
2023-06-01 15:03:00-04:00,33143.8203125,33151.46875,33140.08984375,33150.671875,681459,1.0
2023-06-01 15:04:00-04:00,33150.33984375,33158.25,33150.33984375,33158.140625,681479,1.0
2023-06-01 15:05:00-04:00,33158.58984375,33167.75,33154.05078125,33155.390625,859196,1.0
2023-06-01 15:06:00-04:00,33155.1796875,33161.9609375,33155.1796875,33161.9609375,597933,1.0
2023-06-01 15:07:00-04:00,33161.98046875,33162.80078125,33159.01171875,33159.75,585558,1.0
2023-06-01 15:08:00-04:00,33159.1015625,33162.73046875,33158.08984375,33159.671875,651512,1.0
2023-06-01 15:09:00-04:00,33162.078125,33162.87890625,33147.890625,33147.890625,712999,1.0
2023-06-01 15:10:00-04:00,33148.0390625,33149.58984375,33144.98046875,33149.33984375,524695,1.0
2023-06-01 15:11:00-04:00,33149.328125,33153.05078125,33149.328125,33152.19140625,571425,1.0
2023-06-01 15:12:00-04:00,33152.19140625,33161.37890625,33150.8203125,33158.58984375,537520,1.0
2023-06-01 15:13:00-04:00,33158.55859375,33159.48828125,33156.8203125,33156.8515625,657531,1.0
2023-06-01 15:14:00-04:00,33156.78125,33161.5390625,33153.3515625,33161.5390625,597015,1.0
2023-06-01 15:15:00-04:00,33161.55078125,33165.4609375,33158.921875,33163.98828125,685914,1.0
2023-06-01 15:16:00-04:00,33161.48828125,33161.48828125,33155.03125,33155.80859375,815010,1.0
2023-06-01 15:17:00-04:00,33155.69921875,33155.69921875,33146.109375,33146.9296875,699629,1.0
2023-06-01 15:18:00-04:00,33147.26953125,33147.44140625,33136.30859375,33139.30859375,666278,1.0
2023-06-01 15:19:00-04:00,33140.19140625,33140.66015625,33135.01953125,33135.2890625,743863,1.0
2023-06-01 15:20:00-04:00,33135.3203125,33141.80078125,33133.76953125,33141.80078125,725389,1.0
2023-06-01 15:21:00-04:00,33142.140625,33144.3984375,33135.62109375,33136.171875,673665,1.0
2023-06-01 15:22:00-04:00,33136.1484375,33136.609375,33131.26171875,33133.62109375,558730,1.0
2023-06-01 15:23:00-04:00,33133.6796875,33133.6796875,33121.9296875,33123.80859375,802725,1.0
2023-06-01 15:24:00-04:00,33123.8203125,33127.140625,33117.58984375,33117.7890625,648316,1.0
2023-06-01 15:25:00-04:00,33117.4296875,33122.2890625,33116.8515625,33119.078125,769124,1.0
2023-06-01 15:26:00-04:00,33118.69921875,33122.19921875,33115.41015625,33122.078125,582765,1.0
2023-06-01 15:27:00-04:00,33121.71875,33123.69140625,33114.7109375,33117.890625,557537,1.0
2023-06-01 15:28:00-04:00,33118.0390625,33119.03125,33112.2890625,33113.609375,715901,1.0
2023-06-01 15:29:00-04:00,33112.8515625,33113.0703125,33079.96875,33084.05859375,965145,1.0
2023-06-01 15:30:00-04:00,33085.03125,33091.921875,33079.94921875,33083.78125,702123,1.0
2023-06-01 15:31:00-04:00,33084.0703125,33087.12890625,33062.2109375,33064.890625,1224050,1.0
2023-06-01 15:32:00-04:00,33066.5,33067.2890625,33052.8515625,33062.078125,875552,1.0
2023-06-01 15:33:00-04:00,33063.0,33066.01171875,33055.26953125,33055.26953125,762242,1.0
2023-06-01 15:34:00-04:00,33055.76953125,33055.76953125,33049.12109375,33054.44921875,937516,1.0
2023-06-01 15:35:00-04:00,33053.83984375,33053.83984375,33033.91015625,33037.66015625,1008850,1.0
2023-06-01 15:36:00-04:00,33037.76171875,33045.30859375,33036.3203125,33045.30859375,849994,1.0
2023-06-01 15:37:00-04:00,33045.640625,33047.21875,33026.41015625,33034.46875,856828,1.0
2023-06-01 15:38:00-04:00,33034.4609375,33034.4609375,33022.48828125,33026.26953125,937807,1.0
2023-06-01 15:39:00-04:00,33025.9296875,33030.078125,33022.5703125,33026.9609375,819070,1.0
2023-06-01 15:40:00-04:00,33026.76953125,33032.421875,33016.859375,33025.7109375,1083004,1.0
2023-06-01 15:41:00-04:00,33025.66015625,33037.6484375,33025.01171875,33031.078125,1067051,1.0
2023-06-01 15:42:00-04:00,33031.01953125,33031.109375,33019.5,33027.75,948814,1.0
2023-06-01 15:43:00-04:00,33027.7109375,33031.12890625,33024.171875,33031.0390625,774386,1.0
2023-06-01 15:44:00-04:00,33031.33984375,33037.26171875,33031.33984375,33033.140625,892573,1.0
2023-06-01 15:45:00-04:00,33033.640625,33039.0,33029.23828125,33034.2109375,1153805,1.0
2023-06-01 15:46:00-04:00,33034.078125,33044.12109375,33029.1484375,33044.12109375,1197790,1.0
2023-06-01 15:47:00-04:00,33043.16015625,33051.0703125,33040.44140625,33047.05078125,1044397,1.0
2023-06-01 15:48:00-04:00,33047.578125,33057.421875,33047.578125,33056.828125,977696,1.0
2023-06-01 15:49:00-04:00,33057.12890625,33070.3515625,33057.12890625,33070.3515625,1036471,1.0
2023-06-01 15:50:00-04:00,33070.3203125,33070.3203125,33032.890625,33038.33984375,1979434,1.0
2023-06-01 15:51:00-04:00,33038.26953125,33050.5703125,33036.48828125,33036.48828125,1395218,1.0
2023-06-01 15:52:00-04:00,33036.2890625,33036.2890625,33019.03125,33025.62109375,1534014,1.0
2023-06-01 15:53:00-04:00,33025.98046875,33038.69140625,33025.98046875,33036.48828125,1608721,1.0
2023-06-01 15:54:00-04:00,33036.26171875,33037.328125,33023.0703125,33037.328125,2497236,1.0
2023-06-01 15:55:00-04:00,33035.80859375,33048.98828125,33035.80859375,33047.37109375,2255831,1.0
2023-06-01 15:56:00-04:00,33048.19921875,33049.69140625,33032.37890625,33033.2109375,2256214,1.0
2023-06-01 15:57:00-04:00,33032.94921875,33037.55859375,33027.21875,33035.109375,2543879,1.0
2023-06-01 15:58:00-04:00,33035.16015625,33037.76953125,33032.19140625,33032.19140625,3062645,1.0
2023-06-01 15:59:00-04:00,33034.80859375,33061.9609375,33034.80859375,33060.37890625,6242478,1.0
2023-06-02 09:30:00-04:00,33187.578125,33309.9296875,33187.578125,33306.30859375,0,1.0
2023-06-02 09:31:00-04:00,33306.328125,33310.30078125,33288.1015625,33292.2109375,3314921,1.0
2023-06-02 09:32:00-04:00,33292.671875,33316.12109375,33292.671875,33314.26953125,2053507,1.0
2023-06-02 09:33:00-04:00,33316.23046875,33332.37890625,33314.98046875,33324.12890625,2175707,1.0
2023-06-02 09:34:00-04:00,33325.9609375,33340.5,33324.69140625,33335.828125,1965595,1.0
2023-06-02 09:35:00-04:00,33339.55078125,33383.890625,33339.55078125,33383.890625,2076925,1.0
2023-06-02 09:36:00-04:00,33386.23828125,33394.66015625,33377.44921875,33388.1015625,1764841,1.0
2023-06-02 09:37:00-04:00,33388.62890625,33398.94140625,33377.5703125,33393.12890625,1477310,1.0
2023-06-02 09:38:00-04:00,33391.37890625,33394.87109375,33380.05078125,33382.48828125,1750195,1.0
2023-06-02 09:39:00-04:00,33379.62109375,33394.37109375,33373.05859375,33385.83984375,1586655,1.0
2023-06-02 09:40:00-04:00,33385.859375,33416.94140625,33385.859375,33415.390625,1696341,1.0
2023-06-02 09:41:00-04:00,33416.87109375,33426.140625,33399.2890625,33423.26171875,1554525,1.0
2023-06-02 09:42:00-04:00,33422.0,33439.671875,33422.0,33437.8515625,1498724,1.0
2023-06-02 09:43:00-04:00,33437.01171875,33445.03125,33432.5,33436.05859375,1749035,1.0
2023-06-02 09:44:00-04:00,33437.5703125,33443.859375,33428.01953125,33430.328125,1403255,1.0
2023-06-02 09:45:00-04:00,33428.37109375,33437.109375,33416.71875,33421.390625,1286887,1.0
2023-06-02 09:46:00-04:00,33420.69921875,33441.171875,33420.69921875,33426.26171875,1668858,1.0
2023-06-02 09:47:00-04:00,33424.921875,33451.3203125,33405.37890625,33450.4296875,1756094,1.0
2023-06-02 09:48:00-04:00,33451.359375,33467.828125,33451.359375,33453.98046875,1528905,1.0
2023-06-02 09:49:00-04:00,33456.41015625,33459.921875,33437.76953125,33442.76953125,1135376,1.0
2023-06-02 09:50:00-04:00,33442.140625,33482.33984375,33442.140625,33482.33984375,1145489,1.0
2023-06-02 09:51:00-04:00,33482.421875,33482.421875,33452.91015625,33455.30078125,1208565,1.0
2023-06-02 09:52:00-04:00,33457.83984375,33466.26171875,33451.1484375,33464.3203125,1273951,1.0
2023-06-02 09:53:00-04:00,33464.8515625,33477.1796875,33447.98828125,33473.44140625,1437378,1.0
2023-06-02 09:54:00-04:00,33473.328125,33478.3203125,33458.19921875,33460.30859375,1006234,1.0
2023-06-02 09:55:00-04:00,33460.6484375,33465.48046875,33446.96875,33464.98046875,1140028,1.0
2023-06-02 09:56:00-04:00,33465.328125,33478.37109375,33451.73828125,33478.37109375,977389,1.0
2023-06-02 09:57:00-04:00,33479.6484375,33479.6484375,33443.9609375,33448.46875,1113008,1.0
2023-06-02 09:58:00-04:00,33447.87109375,33448.05078125,33429.078125,33436.12890625,1111790,1.0
2023-06-02 09:59:00-04:00,33435.30859375,33436.01171875,33417.33984375,33417.33984375,969408,1.0
2023-06-02 10:00:00-04:00,33417.05859375,33422.6484375,33410.1796875,33418.46875,1284661,1.0
2023-06-02 10:01:00-04:00,33416.76171875,33421.109375,33384.9609375,33403.69921875,1276027,1.0
2023-06-02 10:02:00-04:00,33404.390625,33412.9609375,33399.80078125,33412.5390625,918100,1.0
2023-06-02 10:03:00-04:00,33412.83984375,33443.62890625,33411.37890625,33432.51953125,1332250,1.0
2023-06-02 10:04:00-04:00,33432.2109375,33432.2109375,33412.37890625,33418.94921875,1173095,1.0
2023-06-02 10:05:00-04:00,33420.859375,33428.01953125,33413.37109375,33425.859375,969486,1.0
2023-06-02 10:06:00-04:00,33425.171875,33442.51953125,33425.171875,33439.87109375,993024,1.0
2023-06-02 10:07:00-04:00,33439.4296875,33452.98046875,33429.26953125,33447.21875,937156,1.0
2023-06-02 10:08:00-04:00,33448.30078125,33466.46875,33447.71875,33464.609375,952293,1.0
2023-06-02 10:09:00-04:00,33464.390625,33464.390625,33442.05859375,33448.08984375,1175244,1.0
2023-06-02 10:10:00-04:00,33447.87890625,33481.76953125,33447.0390625,33481.76953125,1030210,1.0
2023-06-02 10:11:00-04:00,33482.62109375,33482.62109375,33469.76953125,33471.19140625,923441,1.0
2023-06-02 10:12:00-04:00,33470.91015625,33513.0390625,33467.109375,33513.0390625,1030093,1.0
2023-06-02 10:13:00-04:00,33518.41015625,33523.5,33511.55078125,33517.44921875,922739,1.0
2023-06-02 10:14:00-04:00,33515.98046875,33515.98046875,33500.828125,33502.23828125,903548,1.0
2023-06-02 10:15:00-04:00,33502.62109375,33518.1796875,33499.16015625,33514.5703125,931682,1.0
2023-06-02 10:16:00-04:00,33518.98828125,33518.98828125,33486.66015625,33486.66015625,943213,1.0
2023-06-02 10:17:00-04:00,33485.6484375,33485.6484375,33456.328125,33461.578125,961184,1.0
2023-06-02 10:18:00-04:00,33463.19140625,33463.19140625,33445.78125,33456.19921875,999732,1.0
2023-06-02 10:19:00-04:00,33454.46875,33462.109375,33451.73828125,33457.48828125,816056,1.0
2023-06-02 10:20:00-04:00,33457.48828125,33486.91015625,33457.48828125,33486.21875,953829,1.0
2023-06-02 10:21:00-04:00,33485.30078125,33485.30078125,33455.6015625,33458.0,931408,1.0
2023-06-02 10:22:00-04:00,33457.44921875,33461.171875,33446.73046875,33448.921875,814379,1.0
2023-06-02 10:23:00-04:00,33448.69921875,33454.91015625,33445.5703125,33449.05859375,884828,1.0
2023-06-02 10:24:00-04:00,33450.78125,33469.03125,33448.078125,33469.03125,1275874,1.0
2023-06-02 10:25:00-04:00,33469.1015625,33477.359375,33457.390625,33476.33984375,2103826,1.0
2023-06-02 10:26:00-04:00,33476.921875,33479.05859375,33471.83984375,33476.25,1073533,1.0
2023-06-02 10:27:00-04:00,33476.109375,33490.2890625,33476.109375,33489.328125,1091632,1.0
2023-06-02 10:28:00-04:00,33489.19921875,33495.75,33487.9296875,33492.5390625,799884,1.0
2023-06-02 10:29:00-04:00,33492.9609375,33493.01953125,33487.91015625,33491.1484375,712052,1.0
2023-06-02 10:30:00-04:00,33491.421875,33501.6015625,33484.87109375,33488.41015625,1084002,1.0
2023-06-02 10:31:00-04:00,33488.5390625,33488.5390625,33482.140625,33483.5703125,1004291,1.0
2023-06-02 10:32:00-04:00,33485.30078125,33485.4296875,33465.26171875,33478.69921875,1012959,1.0
2023-06-02 10:33:00-04:00,33478.9609375,33478.9609375,33466.26953125,33477.0,895696,1.0
2023-06-02 10:34:00-04:00,33478.91015625,33479.109375,33469.69921875,33477.46875,727074,1.0
2023-06-02 10:35:00-04:00,33477.171875,33490.8515625,33476.7890625,33488.66015625,820574,1.0
2023-06-02 10:36:00-04:00,33490.23046875,33492.19921875,33484.51953125,33492.19921875,810268,1.0
2023-06-02 10:37:00-04:00,33498.7890625,33499.328125,33494.1796875,33499.08984375,686422,1.0
2023-06-02 10:38:00-04:00,33499.16015625,33499.69140625,33489.62109375,33497.73046875,688528,1.0
2023-06-02 10:39:00-04:00,33498.62890625,33520.55078125,33498.62890625,33516.6484375,793996,1.0
2023-06-02 10:40:00-04:00,33516.48828125,33519.23828125,33498.44140625,33507.75,794914,1.0
2023-06-02 10:41:00-04:00,33510.359375,33515.46875,33505.76171875,33505.76171875,786624,1.0
2023-06-02 10:42:00-04:00,33506.25,33514.8984375,33506.25,33511.21875,995835,1.0
2023-06-02 10:43:00-04:00,33511.66015625,33525.48828125,33508.03125,33521.4609375,894267,1.0
2023-06-02 10:44:00-04:00,33521.890625,33521.890625,33511.9296875,33514.421875,588164,1.0
2023-06-02 10:45:00-04:00,33514.37890625,33521.76171875,33510.328125,33517.5,911107,1.0
2023-06-02 10:46:00-04:00,33517.9609375,33531.890625,33517.58984375,33531.7890625,724463,1.0
2023-06-02 10:47:00-04:00,33535.1484375,33545.859375,33535.1484375,33541.08984375,985629,1.0
2023-06-02 10:48:00-04:00,33540.6015625,33549.44921875,33530.87109375,33541.609375,1480360,1.0
2023-06-02 10:49:00-04:00,33541.78125,33543.66015625,33536.48828125,33543.48046875,960764,1.0
2023-06-02 10:50:00-04:00,33542.12890625,33542.12890625,33524.78125,33526.96875,965850,1.0
2023-06-02 10:51:00-04:00,33526.69921875,33536.19140625,33524.4609375,33534.7890625,989890,1.0
2023-06-02 10:52:00-04:00,33534.0390625,33540.0703125,33530.21875,33538.37890625,767323,1.0
2023-06-02 10:53:00-04:00,33539.2109375,33539.75,33529.19921875,33532.30078125,854680,1.0
2023-06-02 10:54:00-04:00,33533.05078125,33535.51953125,33530.80859375,33531.3203125,1069120,1.0
2023-06-02 10:55:00-04:00,33532.578125,33547.30859375,33531.19140625,33546.078125,899764,1.0
2023-06-02 10:56:00-04:00,33544.62109375,33550.578125,33539.48046875,33549.0390625,787538,1.0
2023-06-02 10:57:00-04:00,33549.171875,33551.44921875,33540.078125,33545.390625,748284,1.0
2023-06-02 10:58:00-04:00,33545.421875,33552.87109375,33542.19921875,33551.87109375,834924,1.0
2023-06-02 10:59:00-04:00,33551.7109375,33555.76171875,33546.328125,33554.33984375,923595,1.0
2023-06-02 11:00:00-04:00,33554.55078125,33578.640625,33554.55078125,33573.640625,975147,1.0
2023-06-02 11:01:00-04:00,33575.08984375,33601.01953125,33570.58984375,33601.01953125,1019045,1.0
2023-06-02 11:02:00-04:00,33600.94140625,33613.30078125,33600.140625,33605.58984375,905325,1.0
2023-06-02 11:03:00-04:00,33605.94921875,33611.53125,33604.46875,33611.21875,843530,1.0
2023-06-02 11:04:00-04:00,33611.96875,33618.6015625,33609.41015625,33614.37890625,856538,1.0
2023-06-02 11:05:00-04:00,33615.44140625,33615.94140625,33605.48828125,33607.53125,844703,1.0
2023-06-02 11:06:00-04:00,33607.671875,33608.12109375,33594.80859375,33594.80859375,690727,1.0
2023-06-02 11:08:00-04:00,33576.48046875,33582.359375,33576.48046875,33581.05078125,1422958,1.0
2023-06-02 11:09:00-04:00,33580.51171875,33581.6015625,33574.6015625,33575.859375,709725,1.0
2023-06-02 11:10:00-04:00,33575.30078125,33599.171875,33575.30078125,33598.80078125,691215,1.0
2023-06-02 11:11:00-04:00,33598.96875,33605.3515625,33592.80859375,33605.21875,673989,1.0
2023-06-02 11:12:00-04:00,33604.9609375,33613.08984375,33604.9609375,33609.76953125,880234,1.0
2023-06-02 11:13:00-04:00,33609.87109375,33624.171875,33609.87109375,33619.71875,729583,1.0
2023-06-02 11:14:00-04:00,33620.578125,33627.2890625,33618.1484375,33618.1484375,948820,1.0
2023-06-02 11:15:00-04:00,33617.4296875,33629.98828125,33617.01171875,33617.05078125,807373,1.0
2023-06-02 11:16:00-04:00,33617.26171875,33625.26953125,33616.3515625,33623.921875,562617,1.0
2023-06-02 11:17:00-04:00,33622.6484375,33622.73046875,33613.44140625,33617.44140625,892932,1.0
2023-06-02 11:18:00-04:00,33617.96875,33617.96875,33610.171875,33612.62109375,619076,1.0
2023-06-02 11:19:00-04:00,33612.19140625,33617.140625,33609.83984375,33617.140625,579232,1.0
2023-06-02 11:20:00-04:00,33617.859375,33626.58984375,33616.7890625,33626.3203125,503406,1.0
2023-06-02 11:21:00-04:00,33626.01953125,33626.62890625,33620.140625,33623.5390625,681884,1.0
2023-06-02 11:22:00-04:00,33624.30859375,33624.30859375,33613.87890625,33619.640625,599921,1.0
2023-06-02 11:23:00-04:00,33619.921875,33630.19921875,33619.921875,33622.21875,581247,1.0
2023-06-02 11:24:00-04:00,33621.98046875,33621.98046875,33613.87890625,33615.19921875,454659,1.0
2023-06-02 11:25:00-04:00,33615.91015625,33621.671875,33610.83984375,33620.96875,715534,1.0
2023-06-02 11:26:00-04:00,33620.48046875,33632.578125,33620.01171875,33631.890625,634951,1.0
2023-06-02 11:27:00-04:00,33631.9609375,33637.12109375,33631.51953125,33637.12109375,647917,1.0
2023-06-02 11:28:00-04:00,33636.80859375,33659.1484375,33632.921875,33655.3515625,1591108,1.0
2023-06-02 11:29:00-04:00,33653.98828125,33668.3203125,33650.5,33659.05859375,1233859,1.0
2023-06-02 11:30:00-04:00,33656.51953125,33667.6796875,33653.609375,33665.80078125,912288,1.0
2023-06-02 11:31:00-04:00,33660.9296875,33673.7890625,33650.78125,33671.3515625,887112,1.0
2023-06-02 11:32:00-04:00,33671.640625,33678.05859375,33662.3515625,33677.19921875,1124767,1.0
2023-06-02 11:33:00-04:00,33676.98046875,33676.98046875,33657.3984375,33658.328125,1031591,1.0
2023-06-02 11:34:00-04:00,33658.66015625,33659.859375,33645.51953125,33657.6484375,921730,1.0
2023-06-02 11:35:00-04:00,33656.62109375,33660.62890625,33652.1015625,33653.94140625,938097,1.0
2023-06-02 11:36:00-04:00,33654.51171875,33654.51171875,33648.48046875,33651.078125,908118,1.0
2023-06-02 11:37:00-04:00,33651.69140625,33651.69140625,33623.33984375,33623.80078125,921519,1.0
2023-06-02 11:38:00-04:00,33624.3515625,33625.9296875,33606.140625,33608.62109375,866307,1.0
2023-06-02 11:39:00-04:00,33609.421875,33626.2890625,33606.9296875,33612.69921875,798598,1.0
2023-06-02 11:40:00-04:00,33612.01953125,33632.91015625,33610.75,33627.62109375,913104,1.0
2023-06-02 11:41:00-04:00,33630.73046875,33632.25,33619.76953125,33628.578125,687889,1.0
2023-06-02 11:42:00-04:00,33627.1484375,33641.140625,33623.1484375,33640.12890625,763214,1.0
2023-06-02 11:43:00-04:00,33640.23828125,33640.23828125,33632.48828125,33632.9296875,669012,1.0
2023-06-02 11:44:00-04:00,33633.05078125,33635.23828125,33627.3515625,33630.69140625,525217,1.0
2023-06-02 11:45:00-04:00,33631.98046875,33634.37109375,33627.53125,33628.640625,583695,1.0
2023-06-02 11:46:00-04:00,33628.859375,33630.16015625,33618.8515625,33626.140625,649145,1.0
2023-06-02 11:47:00-04:00,33625.80078125,33626.828125,33606.609375,33606.609375,593172,1.0
2023-06-02 11:48:00-04:00,33606.5703125,33615.87890625,33606.5703125,33614.41015625,526929,1.0
2023-06-02 11:49:00-04:00,33614.3515625,33616.3515625,33606.03125,33609.98828125,602368,1.0
2023-06-02 11:50:00-04:00,33610.421875,33619.21875,33608.73046875,33612.5,945271,1.0
2023-06-02 11:51:00-04:00,33611.390625,33618.37890625,33609.69921875,33612.23046875,699212,1.0
2023-06-02 11:52:00-04:00,33612.0,33629.8203125,33611.62109375,33624.75,754113,1.0
2023-06-02 11:53:00-04:00,33624.8984375,33632.578125,33622.328125,33632.19140625,594814,1.0
2023-06-02 11:54:00-04:00,33632.0390625,33647.28125,33632.0390625,33645.30078125,586749,1.0
2023-06-02 11:55:00-04:00,33645.37109375,33659.55859375,33638.94921875,33658.33984375,632076,1.0
2023-06-02 11:56:00-04:00,33658.30859375,33667.55078125,33653.0390625,33667.55078125,714990,1.0
2023-06-02 11:57:00-04:00,33667.55078125,33672.0390625,33660.8515625,33670.2109375,829829,1.0
2023-06-02 11:58:00-04:00,33669.69921875,33673.51953125,33664.62890625,33665.421875,614549,1.0
2023-06-02 11:59:00-04:00,33665.30078125,33665.328125,33654.0,33659.71875,619281,1.0
2023-06-02 12:00:00-04:00,33659.55078125,33669.76171875,33659.55078125,33668.87890625,978121,1.0
2023-06-02 12:01:00-04:00,33668.359375,33670.8203125,33657.98828125,33663.55078125,666636,1.0
2023-06-02 12:02:00-04:00,33663.6015625,33663.6015625,33651.87109375,33653.828125,540945,1.0
2023-06-02 12:03:00-04:00,33654.19921875,33663.5703125,33654.19921875,33655.5,521103,1.0
2023-06-02 12:04:00-04:00,33655.6796875,33664.921875,33655.578125,33663.66015625,562040,1.0
2023-06-02 12:05:00-04:00,33663.96875,33673.08984375,33659.30078125,33671.05078125,904154,1.0
2023-06-02 12:06:00-04:00,33671.01171875,33679.140625,33671.01171875,33678.9296875,1011539,1.0
2023-06-02 12:07:00-04:00,33679.0,33685.91015625,33674.4609375,33675.2109375,817666,1.0
2023-06-02 12:08:00-04:00,33674.828125,33675.328125,33668.41015625,33668.41015625,732020,1.0
2023-06-02 12:09:00-04:00,33668.44140625,33672.87109375,33668.44140625,33672.01953125,221507,1.0
2023-06-02 12:10:00-04:00,33671.671875,33675.640625,33671.3515625,33673.26953125,1137764,1.0
2023-06-02 12:11:00-04:00,33673.05078125,33673.1015625,33665.41015625,33665.41015625,826700,1.0
2023-06-02 12:12:00-04:00,33663.62109375,33667.609375,33653.3984375,33657.01953125,801963,1.0
2023-06-02 12:13:00-04:00,33656.3515625,33662.91015625,33652.828125,33662.91015625,980943,1.0
2023-06-02 12:14:00-04:00,33663.109375,33670.109375,33657.30859375,33659.37890625,678813,1.0
2023-06-02 12:15:00-04:00,33659.2109375,33659.2109375,33644.80859375,33645.171875,732789,1.0
2023-06-02 12:16:00-04:00,33645.48046875,33654.69921875,33644.7109375,33652.2109375,738022,1.0
2023-06-02 12:17:00-04:00,33651.19140625,33651.25,33636.1015625,33636.2109375,716749,1.0
2023-06-02 12:18:00-04:00,33634.53125,33644.5390625,33634.328125,33641.1484375,554740,1.0
2023-06-02 12:19:00-04:00,33640.828125,33648.640625,33637.6796875,33647.62890625,696000,1.0
2023-06-02 12:20:00-04:00,33647.55859375,33664.328125,33644.62109375,33664.30078125,738475,1.0
2023-06-02 12:21:00-04:00,33662.44921875,33669.921875,33654.078125,33669.921875,643746,1.0
2023-06-02 12:22:00-04:00,33670.140625,33670.19921875,33662.0703125,33670.19921875,491029,1.0
2023-06-02 12:23:00-04:00,33670.109375,33670.109375,33662.0703125,33663.140625,376930,1.0
2023-06-02 12:24:00-04:00,33663.1015625,33666.5,33660.48046875,33662.12109375,412564,1.0
2023-06-02 12:25:00-04:00,33662.4296875,33669.328125,33661.5390625,33669.328125,543527,1.0
2023-06-02 12:26:00-04:00,33670.58984375,33675.66015625,33667.66015625,33673.37890625,640978,1.0
2023-06-02 12:27:00-04:00,33673.7109375,33673.7109375,33664.05078125,33664.94140625,560719,1.0
2023-06-02 12:28:00-04:00,33665.19921875,33684.01953125,33665.1796875,33683.0703125,595705,1.0
2023-06-02 12:29:00-04:00,33682.62109375,33682.94140625,33678.96875,33682.80859375,702445,1.0
2023-06-02 12:30:00-04:00,33682.80859375,33697.1015625,33682.80859375,33696.87890625,619596,1.0
2023-06-02 12:31:00-04:00,33698.37109375,33699.3515625,33682.5,33683.76171875,592912,1.0
2023-06-02 12:32:00-04:00,33684.01953125,33686.87109375,33680.75,33681.44140625,411437,1.0
2023-06-02 12:33:00-04:00,33681.328125,33686.6796875,33681.328125,33684.671875,455903,1.0
2023-06-02 12:34:00-04:00,33685.859375,33689.109375,33683.328125,33688.73828125,569385,1.0
2023-06-02 12:35:00-04:00,33688.51171875,33690.078125,33685.58984375,33686.96875,408504,1.0
2023-06-02 12:36:00-04:00,33687.16015625,33695.30859375,33687.0703125,33694.578125,486347,1.0
2023-06-02 12:37:00-04:00,33694.390625,33695.7890625,33683.80859375,33689.69140625,475670,1.0
2023-06-02 12:38:00-04:00,33690.3984375,33692.26953125,33687.69140625,33689.390625,468453,1.0
2023-06-02 12:39:00-04:00,33689.69921875,33690.3515625,33684.5,33684.5,389342,1.0
2023-06-02 12:40:00-04:00,33684.9296875,33688.5390625,33683.62109375,33683.94921875,680731,1.0
2023-06-02 12:41:00-04:00,33683.87890625,33684.109375,33676.98046875,33677.8203125,406579,1.0
2023-06-02 12:42:00-04:00,33677.640625,33677.640625,33670.73046875,33675.8515625,574926,1.0
2023-06-02 12:43:00-04:00,33676.66015625,33689.1796875,33676.66015625,33688.08984375,517963,1.0
2023-06-02 12:44:00-04:00,33687.76171875,33690.109375,33681.21875,33681.76171875,418075,1.0
2023-06-02 12:45:00-04:00,33681.7109375,33685.83984375,33680.8515625,33682.6796875,372479,1.0
2023-06-02 12:46:00-04:00,33681.8984375,33692.5,33681.46875,33690.87109375,453871,1.0
2023-06-02 12:47:00-04:00,33691.53125,33713.55859375,33691.37890625,33713.55859375,737444,1.0
2023-06-02 12:48:00-04:00,33714.44921875,33714.46875,33704.30078125,33710.359375,753611,1.0
2023-06-02 12:49:00-04:00,33710.98046875,33710.98046875,33701.96875,33702.26953125,362852,1.0
2023-06-02 12:50:00-04:00,33702.26953125,33706.41015625,33696.71875,33706.41015625,391353,1.0
2023-06-02 12:51:00-04:00,33706.55859375,33714.078125,33704.8515625,33713.37890625,412388,1.0
2023-06-02 12:52:00-04:00,33713.3515625,33713.44921875,33708.30859375,33711.421875,391766,1.0
2023-06-02 12:53:00-04:00,33710.94921875,33715.87109375,33708.19921875,33709.80859375,335475,1.0
2023-06-02 12:54:00-04:00,33710.23046875,33720.21875,33710.23046875,33720.21875,394253,1.0
2023-06-02 12:55:00-04:00,33719.3984375,33726.76953125,33719.05078125,33726.76953125,519478,1.0
2023-06-02 12:56:00-04:00,33727.078125,33727.5703125,33715.46875,33719.171875,712305,1.0
2023-06-02 12:57:00-04:00,33719.7109375,33722.5703125,33717.140625,33719.69921875,518772,1.0
2023-06-02 12:58:00-04:00,33720.0390625,33726.78125,33719.41015625,33725.9296875,425628,1.0
2023-06-02 12:59:00-04:00,33726.46875,33732.421875,33724.19921875,33730.33984375,572672,1.0
2023-06-02 13:00:00-04:00,33731.1015625,33733.66015625,33723.671875,33723.671875,583296,1.0
2023-06-02 13:01:00-04:00,33723.62109375,33728.98828125,33717.26171875,33717.26171875,567366,1.0
2023-06-02 13:02:00-04:00,33717.62109375,33724.19921875,33716.66015625,33719.109375,469651,1.0
2023-06-02 13:03:00-04:00,33718.859375,33723.7109375,33718.12109375,33723.23046875,412396,1.0
2023-06-02 13:04:00-04:00,33722.9609375,33722.9609375,33718.26171875,33718.7109375,492548,1.0
2023-06-02 13:05:00-04:00,33718.640625,33722.5390625,33718.48828125,33721.08984375,453630,1.0
2023-06-02 13:06:00-04:00,33721.23828125,33726.1015625,33721.140625,33722.98046875,424092,1.0
2023-06-02 13:07:00-04:00,33723.12109375,33723.7109375,33720.30859375,33721.48046875,476316,1.0
2023-06-02 13:08:00-04:00,33721.6015625,33729.19140625,33721.109375,33727.46875,449632,1.0
2023-06-02 13:09:00-04:00,33727.55859375,33728.421875,33722.5703125,33722.5703125,346768,1.0
2023-06-02 13:10:00-04:00,33722.671875,33722.76953125,33712.23828125,33713.19921875,576405,1.0
2023-06-02 13:11:00-04:00,33713.171875,33713.75,33703.73046875,33704.19140625,448109,1.0
2023-06-02 13:12:00-04:00,33704.359375,33706.6015625,33701.609375,33704.078125,440678,1.0
2023-06-02 13:13:00-04:00,33703.98828125,33703.98828125,33693.87109375,33694.48046875,472264,1.0
2023-06-02 13:14:00-04:00,33694.41015625,33701.359375,33691.48046875,33701.359375,489932,1.0
2023-06-02 13:15:00-04:00,33701.4609375,33711.03125,33700.171875,33710.01953125,633873,1.0
2023-06-02 13:16:00-04:00,33709.6015625,33710.26953125,33704.08984375,33707.87890625,489795,1.0
2023-06-02 13:17:00-04:00,33708.421875,33720.12109375,33708.421875,33718.5703125,477367,1.0
2023-06-02 13:18:00-04:00,33718.62890625,33729.28125,33718.4296875,33724.03125,578947,1.0
2023-06-02 13:19:00-04:00,33723.80859375,33724.8515625,33720.859375,33724.5703125,440668,1.0
2023-06-02 13:20:00-04:00,33724.87109375,33739.7890625,33724.53125,33739.328125,594419,1.0
2023-06-02 13:21:00-04:00,33738.66015625,33749.83984375,33738.640625,33743.3515625,578001,1.0
2023-06-02 13:22:00-04:00,33742.921875,33744.421875,33735.609375,33743.48828125,422686,1.0
2023-06-02 13:23:00-04:00,33745.4609375,33750.7890625,33745.2890625,33750.69921875,438670,1.0
2023-06-02 13:24:00-04:00,33750.69921875,33751.66015625,33746.55859375,33749.53125,481972,1.0
2023-06-02 13:25:00-04:00,33749.48046875,33753.0,33746.390625,33749.01953125,458803,1.0
2023-06-02 13:26:00-04:00,33749.30078125,33749.4609375,33736.01171875,33741.94921875,456688,1.0
2023-06-02 13:27:00-04:00,33742.80078125,33747.05859375,33742.80078125,33746.87109375,383656,1.0
2023-06-02 13:28:00-04:00,33748.44140625,33749.16015625,33745.80078125,33748.12109375,433505,1.0
2023-06-02 13:29:00-04:00,33748.12890625,33754.328125,33748.12890625,33749.328125,518507,1.0
2023-06-02 13:30:00-04:00,33749.12109375,33753.609375,33745.80078125,33746.51171875,521386,1.0
2023-06-02 13:31:00-04:00,33746.359375,33746.359375,33738.76171875,33743.51171875,477821,1.0
2023-06-02 13:32:00-04:00,33742.98828125,33744.359375,33740.62890625,33741.7890625,496811,1.0
2023-06-02 13:33:00-04:00,33741.26171875,33741.609375,33731.0703125,33733.48046875,548559,1.0
2023-06-02 13:34:00-04:00,33733.69921875,33737.53125,33728.41015625,33728.98828125,496461,1.0
2023-06-02 13:35:00-04:00,33729.5703125,33733.0390625,33728.640625,33732.44140625,439746,1.0
2023-06-02 13:36:00-04:00,33731.4609375,33737.4609375,33723.37109375,33736.55078125,490989,1.0
2023-06-02 13:37:00-04:00,33736.51171875,33739.19140625,33735.83984375,33736.73046875,403373,1.0
2023-06-02 13:38:00-04:00,33736.55859375,33736.55859375,33725.26953125,33728.26171875,419786,1.0
2023-06-02 13:39:00-04:00,33728.171875,33732.98046875,33728.171875,33732.51953125,378261,1.0
2023-06-02 13:40:00-04:00,33732.28125,33735.44921875,33728.69921875,33730.98046875,439137,1.0
2023-06-02 13:41:00-04:00,33730.921875,33730.921875,33725.87890625,33726.26171875,380775,1.0
2023-06-02 13:42:00-04:00,33726.4609375,33726.890625,33719.5703125,33722.55859375,520982,1.0
2023-06-02 13:43:00-04:00,33722.9296875,33724.609375,33719.73046875,33722.578125,453419,1.0
2023-06-02 13:44:00-04:00,33722.5390625,33730.55859375,33720.578125,33727.9296875,465980,1.0
2023-06-02 13:45:00-04:00,33727.98828125,33730.921875,33724.91015625,33730.69140625,373218,1.0
2023-06-02 13:46:00-04:00,33729.359375,33729.359375,33712.46875,33718.69140625,510075,1.0
2023-06-02 13:47:00-04:00,33718.6015625,33733.2109375,33718.30859375,33731.390625,476062,1.0
2023-06-02 13:48:00-04:00,33731.328125,33740.55078125,33730.80859375,33739.53125,463542,1.0
2023-06-02 13:49:00-04:00,33739.73046875,33742.08984375,33736.76953125,33737.5,306268,1.0
2023-06-02 13:50:00-04:00,33736.55859375,33742.19921875,33736.51171875,33739.578125,405394,1.0
2023-06-02 13:51:00-04:00,33739.7890625,33742.921875,33739.609375,33740.671875,414741,1.0
2023-06-02 13:52:00-04:00,33740.78125,33749.73046875,33739.7890625,33746.1015625,409013,1.0
2023-06-02 13:53:00-04:00,33746.05859375,33746.46875,33739.30859375,33739.78125,531978,1.0
2023-06-02 13:54:00-04:00,33739.9296875,33741.73828125,33737.8203125,33741.6015625,406725,1.0
2023-06-02 13:55:00-04:00,33741.48046875,33743.21875,33739.359375,33739.359375,478148,1.0
2023-06-02 13:56:00-04:00,33739.66015625,33747.48046875,33739.51171875,33747.48046875,374387,1.0
2023-06-02 13:57:00-04:00,33747.55859375,33752.55078125,33746.1015625,33751.98046875,356772,1.0
2023-06-02 13:58:00-04:00,33751.80859375,33752.2890625,33743.4609375,33745.33984375,381349,1.0
2023-06-02 13:59:00-04:00,33744.640625,33756.08984375,33742.94921875,33755.2109375,488764,1.0
2023-06-02 14:00:00-04:00,33755.44921875,33757.5390625,33745.9296875,33747.26171875,518307,1.0
2023-06-02 14:01:00-04:00,33747.3515625,33751.19140625,33746.03125,33748.98828125,446779,1.0
2023-06-02 14:02:00-04:00,33749.19140625,33759.51953125,33749.19140625,33759.3203125,646639,1.0
2023-06-02 14:03:00-04:00,33759.671875,33764.87890625,33759.30078125,33762.78125,370666,1.0
2023-06-02 14:04:00-04:00,33762.80859375,33762.94140625,33758.51171875,33760.2109375,522088,1.0
2023-06-02 14:05:00-04:00,33760.2890625,33760.2890625,33746.08984375,33746.08984375,428559,1.0
2023-06-02 14:06:00-04:00,33746.0703125,33747.7109375,33735.62109375,33739.12109375,528099,1.0
2023-06-02 14:07:00-04:00,33739.21875,33745.9609375,33718.890625,33719.76171875,891703,1.0
2023-06-02 14:08:00-04:00,33720.66015625,33725.51171875,33716.8203125,33724.08984375,527007,1.0
2023-06-02 14:09:00-04:00,33723.26953125,33734.69921875,33723.1015625,33734.01953125,383799,1.0
2023-06-02 14:10:00-04:00,33734.01953125,33734.69140625,33728.44140625,33728.7109375,407566,1.0
2023-06-02 14:11:00-04:00,33728.41015625,33732.08984375,33721.98046875,33731.23046875,399264,1.0
2023-06-02 14:12:00-04:00,33731.421875,33745.25,33729.609375,33741.69921875,420350,1.0
2023-06-02 14:13:00-04:00,33741.80859375,33741.80859375,33731.5390625,33732.01953125,369791,1.0
2023-06-02 14:14:00-04:00,33732.51953125,33733.51953125,33727.96875,33730.44140625,359804,1.0
2023-06-02 14:15:00-04:00,33730.1796875,33744.671875,33730.1796875,33738.5703125,470740,1.0
2023-06-02 14:16:00-04:00,33738.33984375,33745.6796875,33738.33984375,33742.76953125,380706,1.0
2023-06-02 14:17:00-04:00,33742.46875,33743.48046875,33734.51953125,33740.87109375,447878,1.0
2023-06-02 14:18:00-04:00,33740.7109375,33740.76953125,33736.96875,33737.5390625,364238,1.0
2023-06-02 14:19:00-04:00,33738.46875,33745.25,33734.94921875,33745.25,1392689,1.0
2023-06-02 14:20:00-04:00,33745.0703125,33756.94921875,33744.19140625,33756.8515625,437903,1.0
2023-06-02 14:21:00-04:00,33756.9296875,33762.87890625,33755.21875,33760.33984375,481526,1.0
2023-06-02 14:22:00-04:00,33759.91015625,33763.671875,33757.109375,33762.37890625,427844,1.0
2023-06-02 14:23:00-04:00,33761.8203125,33763.828125,33756.3203125,33763.828125,509880,1.0
2023-06-02 14:24:00-04:00,33763.69921875,33764.26953125,33757.26171875,33758.71875,376985,1.0
2023-06-02 14:25:00-04:00,33758.58984375,33761.890625,33757.8515625,33759.80078125,437524,1.0
2023-06-02 14:26:00-04:00,33759.3203125,33760.98828125,33753.8984375,33760.98828125,406577,1.0
2023-06-02 14:27:00-04:00,33761.48828125,33761.71875,33754.6484375,33758.1796875,499246,1.0
2023-06-02 14:28:00-04:00,33757.69140625,33760.98828125,33754.69140625,33757.5390625,413310,1.0
2023-06-02 14:29:00-04:00,33757.76953125,33762.37109375,33756.5390625,33759.390625,572009,1.0
2023-06-02 14:30:00-04:00,33759.55859375,33760.5,33755.171875,33759.078125,484499,1.0
2023-06-02 14:31:00-04:00,33758.80859375,33763.80859375,33757.8984375,33763.51953125,617965,1.0
2023-06-02 14:32:00-04:00,33763.37890625,33772.140625,33763.26171875,33764.55859375,664121,1.0
2023-06-02 14:33:00-04:00,33766.12890625,33769.78125,33763.8515625,33769.05078125,454571,1.0
2023-06-02 14:34:00-04:00,33769.0,33770.44921875,33765.7890625,33766.328125,449763,1.0
2023-06-02 14:35:00-04:00,33766.44140625,33771.08984375,33762.73828125,33770.41015625,619239,1.0
2023-06-02 14:36:00-04:00,33770.1484375,33779.37109375,33769.73046875,33779.19921875,396365,1.0
2023-06-02 14:37:00-04:00,33778.859375,33782.55078125,33775.30859375,33775.94921875,409846,1.0
2023-06-02 14:38:00-04:00,33775.55859375,33782.94140625,33774.859375,33782.94140625,343145,1.0
2023-06-02 14:39:00-04:00,33782.62890625,33786.87109375,33782.62890625,33784.44140625,496086,1.0
2023-06-02 14:40:00-04:00,33785.05859375,33787.859375,33784.53125,33784.87890625,545514,1.0
2023-06-02 14:41:00-04:00,33785.0,33786.71875,33783.28125,33783.578125,358534,1.0
2023-06-02 14:42:00-04:00,33783.44921875,33784.26953125,33779.828125,33784.12890625,427777,1.0
2023-06-02 14:43:00-04:00,33783.9296875,33790.12890625,33783.9296875,33789.671875,418201,1.0
2023-06-02 14:44:00-04:00,33789.9296875,33790.58984375,33785.94140625,33789.5,516821,1.0
2023-06-02 14:45:00-04:00,33789.48828125,33789.828125,33784.51953125,33784.828125,776355,1.0
2023-06-02 14:46:00-04:00,33784.94921875,33790.6484375,33783.75,33785.69921875,642759,1.0
2023-06-02 14:47:00-04:00,33785.3984375,33786.3515625,33784.01171875,33785.03125,420867,1.0
2023-06-02 14:48:00-04:00,33785.21875,33792.140625,33784.390625,33786.0,536569,1.0
2023-06-02 14:49:00-04:00,33786.9296875,33791.19140625,33784.1015625,33784.44921875,472222,1.0
2023-06-02 14:50:00-04:00,33784.921875,33789.94140625,33782.62109375,33788.16015625,504746,1.0
2023-06-02 14:51:00-04:00,33787.58984375,33787.58984375,33780.55859375,33783.140625,447310,1.0
2023-06-02 14:52:00-04:00,33781.5703125,33781.5703125,33776.21875,33776.28125,361257,1.0
2023-06-02 14:53:00-04:00,33776.4296875,33782.94140625,33776.19921875,33782.19140625,481761,1.0
2023-06-02 14:54:00-04:00,33782.078125,33782.078125,33772.421875,33773.6015625,531447,1.0
2023-06-02 14:55:00-04:00,33773.5,33774.62890625,33767.62890625,33769.921875,416706,1.0
2023-06-02 14:56:00-04:00,33769.3984375,33769.5390625,33766.25,33767.1796875,560290,1.0
2023-06-02 14:57:00-04:00,33766.51953125,33772.78125,33764.671875,33772.0,447997,1.0
2023-06-02 14:58:00-04:00,33771.91015625,33778.73046875,33771.91015625,33777.83984375,396321,1.0
2023-06-02 14:59:00-04:00,33777.8984375,33781.19921875,33776.359375,33780.05859375,410315,1.0
2023-06-02 15:00:00-04:00,33780.5703125,33796.30859375,33780.5703125,33795.828125,603241,1.0
2023-06-02 15:01:00-04:00,33795.66015625,33797.55078125,33791.87109375,33797.51953125,561557,1.0
2023-06-02 15:02:00-04:00,33797.37109375,33797.6484375,33792.578125,33794.5390625,397522,1.0
2023-06-02 15:03:00-04:00,33795.41015625,33795.41015625,33792.859375,33795.0703125,443474,1.0
2023-06-02 15:04:00-04:00,33794.9296875,33797.94140625,33794.44921875,33797.16015625,483799,1.0
2023-06-02 15:05:00-04:00,33797.421875,33798.8984375,33788.1796875,33792.96875,759011,1.0
2023-06-02 15:06:00-04:00,33792.98828125,33801.0,33792.98828125,33799.23828125,565450,1.0
2023-06-02 15:07:00-04:00,33799.109375,33805.0,33799.109375,33803.37109375,724639,1.0
2023-06-02 15:08:00-04:00,33803.44140625,33803.69140625,33790.8515625,33791.05078125,789867,1.0
2023-06-02 15:09:00-04:00,33790.55078125,33790.55078125,33778.859375,33778.8984375,663053,1.0
2023-06-02 15:10:00-04:00,33779.26953125,33779.55859375,33773.23828125,33774.62890625,619760,1.0
2023-06-02 15:11:00-04:00,33774.640625,33777.921875,33773.41015625,33776.359375,577373,1.0
2023-06-02 15:12:00-04:00,33776.140625,33778.48828125,33770.16015625,33777.83984375,799028,1.0
2023-06-02 15:13:00-04:00,33778.1796875,33790.3984375,33778.12109375,33789.75,543199,1.0
2023-06-02 15:14:00-04:00,33789.359375,33789.359375,33784.28125,33788.94921875,553676,1.0
2023-06-02 15:15:00-04:00,33789.26953125,33801.4609375,33789.26953125,33800.0,687647,1.0
2023-06-02 15:16:00-04:00,33800.6484375,33801.05078125,33794.5703125,33799.5390625,533847,1.0
2023-06-02 15:17:00-04:00,33799.46875,33800.2109375,33796.16015625,33796.359375,738488,1.0
2023-06-02 15:18:00-04:00,33796.671875,33797.37890625,33789.48828125,33794.359375,626581,1.0
2023-06-02 15:19:00-04:00,33794.5,33795.37109375,33789.26953125,33794.51171875,582878,1.0
2023-06-02 15:20:00-04:00,33794.75,33795.12109375,33787.140625,33790.0703125,734570,1.0
2023-06-02 15:21:00-04:00,33790.328125,33791.55078125,33787.30078125,33790.62109375,616439,1.0
2023-06-02 15:22:00-04:00,33790.53125,33795.44921875,33790.48828125,33791.37890625,588563,1.0
2023-06-02 15:23:00-04:00,33791.05859375,33791.05859375,33783.83984375,33787.6484375,757097,1.0
2023-06-02 15:24:00-04:00,33786.87890625,33786.87890625,33779.96875,33780.05078125,637567,1.0
2023-06-02 15:25:00-04:00,33780.05078125,33780.05078125,33774.94140625,33776.41015625,676420,1.0
2023-06-02 15:26:00-04:00,33776.4609375,33780.6796875,33771.62890625,33771.87890625,759469,1.0
2023-06-02 15:27:00-04:00,33771.98046875,33776.1015625,33768.62109375,33768.94921875,714191,1.0
2023-06-02 15:28:00-04:00,33768.66015625,33774.921875,33768.30078125,33771.25,613725,1.0
2023-06-02 15:29:00-04:00,33771.80078125,33772.46875,33759.6796875,33762.87890625,702775,1.0
2023-06-02 15:30:00-04:00,33762.80859375,33771.2109375,33761.671875,33764.05078125,919382,1.0
2023-06-02 15:31:00-04:00,33763.0390625,33768.171875,33762.5,33768.171875,857270,1.0
2023-06-02 15:32:00-04:00,33768.12890625,33770.6796875,33761.73046875,33764.58984375,795318,1.0
2023-06-02 15:33:00-04:00,33764.41015625,33783.328125,33763.859375,33780.69140625,764011,1.0
2023-06-02 15:34:00-04:00,33780.44921875,33780.8203125,33774.0,33775.28125,709340,1.0
2023-06-02 15:35:00-04:00,33775.0390625,33777.7890625,33772.98828125,33775.8515625,736803,1.0
2023-06-02 15:36:00-04:00,33778.05078125,33782.8203125,33776.19140625,33776.51953125,870092,1.0
2023-06-02 15:37:00-04:00,33776.55078125,33781.05859375,33772.96875,33773.66015625,787381,1.0
2023-06-02 15:38:00-04:00,33774.21875,33774.91015625,33768.4296875,33771.94921875,753694,1.0
2023-06-02 15:39:00-04:00,33772.33984375,33773.2109375,33766.62890625,33767.48046875,842979,1.0
2023-06-02 15:40:00-04:00,33768.73046875,33775.48046875,33768.73046875,33773.96875,880970,1.0
2023-06-02 15:41:00-04:00,33773.640625,33783.33984375,33769.94921875,33779.80078125,1199799,1.0
2023-06-02 15:42:00-04:00,33779.94921875,33779.94921875,33773.05078125,33777.23828125,957862,1.0
2023-06-02 15:43:00-04:00,33777.05078125,33777.41015625,33757.3984375,33757.3984375,916845,1.0
2023-06-02 15:44:00-04:00,33759.08984375,33763.76953125,33757.48046875,33761.44140625,959314,1.0
2023-06-02 15:45:00-04:00,33760.30078125,33761.94140625,33753.05078125,33761.80859375,1327871,1.0
2023-06-02 15:46:00-04:00,33760.51953125,33766.3515625,33753.8203125,33756.0390625,1090898,1.0
2023-06-02 15:47:00-04:00,33755.5390625,33757.46875,33750.98046875,33756.328125,1004849,1.0
2023-06-02 15:48:00-04:00,33756.33984375,33776.37109375,33752.640625,33775.30078125,1421087,1.0
2023-06-02 15:49:00-04:00,33775.2890625,33776.28125,33766.23828125,33766.23828125,1360105,1.0
2023-06-02 15:50:00-04:00,33764.69921875,33764.69921875,33744.30078125,33754.21875,2180177,1.0
2023-06-02 15:51:00-04:00,33755.48046875,33770.12109375,33755.48046875,33756.37890625,1849604,1.0
2023-06-02 15:52:00-04:00,33755.171875,33767.33984375,33752.2890625,33764.78125,1777711,1.0
2023-06-02 15:53:00-04:00,33764.91015625,33778.078125,33764.91015625,33777.76171875,1902517,1.0
2023-06-02 15:54:00-04:00,33777.859375,33780.44140625,33769.33984375,33780.44140625,2609688,1.0
2023-06-02 15:55:00-04:00,33780.7109375,33786.19140625,33771.4609375,33771.4609375,2577710,1.0
2023-06-02 15:56:00-04:00,33771.69140625,33778.30859375,33768.7890625,33768.7890625,2264044,1.0
2023-06-02 15:57:00-04:00,33768.1015625,33774.01171875,33759.23046875,33762.0703125,3095677,1.0
2023-06-02 15:58:00-04:00,33762.828125,33762.828125,33754.9609375,33755.30859375,3260596,1.0
2023-06-02 15:59:00-04:00,33758.05859375,33779.9609375,33751.51953125,33756.75,8041401,1.0
